customer_id,age,gender,region,registration_year,account_age_years,prime_status,membership_tier,total_orders,total_spend_usd,avg_order_value,return_rate_pct,num_returns,top_category,unique_categories_browsed,avg_review_score,num_reviews_written,wishlist_items,avg_daily_browsing_min,preferred_device,preferred_payment,discount_usage_rate_pct,coupon_redemptions,subscription_services,last_purchase_days_ago,customer_lifetime_value,churn_risk_score,satisfaction_rating,customer_segment_label
AMZ-100000,70,Non-Binary,Europe,2022,3,Prime,Gold,11,657.58,59.78,81.82,9,Clothing,4,2.9,39,94,110,Mobile,Net Banking,56.65,21,4,343,931.28,0.2123,Neutral,Bargain Hunter
AMZ-100001,44,Non-Binary,Southeast Asia,2015,10,Prime,Silver,3,18.34,6.11,33.33,1,Books,3,1.6,43,0,11,Desktop,Debit Card,41.14,2,4,646,19.9,0.0651,Dissatisfied,Inactive User
AMZ-100002,19,Male,Middle East,2019,6,Prime,Diamond,3,94.22,31.41,33.33,1,Home & Kitchen,4,2.1,27,1,8,Smart TV,UPI,35.21,6,3,508,133.47,0.1734,Neutral,Inactive User
AMZ-100003,71,Male,Latin America,2018,7,Prime,Platinum,1,192.33,192.33,100.0,1,Sports,2,3.3,25,10,15,Desktop,Debit Card,35.98,9,3,269,262.27,0.3265,Neutral,Occasional Buyer
AMZ-100004,64,Male,Southeast Asia,2016,9,Prime,Platinum,14,157.79,11.27,21.43,3,Beauty,5,2.1,23,16,30,Alexa,Amazon Pay,28.54,28,4,64,159.02,0.4234,Neutral,Occasional Buyer
AMZ-100005,52,Female,Middle East,2017,8,Prime,Diamond,5,239.1,47.82,80.0,4,Books,1,2.5,4,27,170,Alexa,Amazon Pay,74.1,27,0,32,246.7,0.311,Dissatisfied,Bargain Hunter
AMZ-100006,54,Non-Binary,South Asia,2017,8,Non-Prime,Silver,4,72.96,18.24,0.0,0,Electronics,3,2.3,0,0,2,Desktop,Cash on Delivery,57.74,13,2,392,98.88,0.1109,Very Dissatisfied,Inactive User
AMZ-100007,40,Male,East Asia,2019,6,Prime,Diamond,12,109.34,9.11,16.67,2,Sports,7,2.1,44,4,58,Smart TV,Net Banking,43.19,28,3,524,113.55,0.2898,Neutral,Occasional Buyer
AMZ-100008,47,Female,Europe,2018,7,Prime,Platinum,6,534.26,89.04,16.67,1,Books,7,3.2,27,12,15,Alexa,Net Banking,28.5,32,0,376,707.28,0.0005,Neutral,Occasional Buyer
AMZ-100009,68,Male,Southeast Asia,2015,10,Prime,Platinum,32,4415.07,137.97,6.25,2,Grocery,8,3.5,14,46,68,Desktop,Net Banking,13.46,31,0,691,5217.8,0.9718,Very Satisfied,Loyal Shopper
AMZ-100010,34,Male,East Asia,2015,10,Prime,Platinum,4,185.78,46.45,50.0,2,Toys,1,3.4,1,5,58,Tablet,Credit Card,40.21,22,4,224,244.7,0.6807,Neutral,Occasional Buyer
AMZ-100011,34,Male,Latin America,2022,3,Prime,Diamond,72,2855.7,39.66,2.78,2,Automotive,6,5.0,23,20,127,Desktop,Amazon Pay,37.62,33,2,510,2984.62,0.8353,Satisfied,Loyal Shopper
AMZ-100012,43,Non-Binary,Middle East,2017,8,Non-Prime,Platinum,79,2934.43,37.14,2.53,2,Office,3,4.5,18,45,79,Smart TV,UPI,27.89,6,3,488,3948.18,0.3867,Very Satisfied,Loyal Shopper
AMZ-100013,24,Male,South Asia,2017,8,Non-Prime,Diamond,32,13052.52,407.89,0.0,0,Books,9,4.4,48,27,89,Mobile,Cash on Delivery,19.35,11,4,36,18812.83,0.1887,Neutral,Premium Spender
AMZ-100014,50,Non-Binary,South Asia,2020,5,Non-Prime,Diamond,13,344.45,26.5,30.77,4,Office,8,4.0,10,43,237,Mobile,Gift Card,74.85,35,3,253,346.03,0.1015,Neutral,Bargain Hunter
AMZ-100015,33,Female,Middle East,2017,8,Prime,Silver,49,14683.97,299.67,2.04,1,Books,9,3.6,35,26,105,Alexa,Cash on Delivery,56.97,32,4,503,19453.57,0.8492,Very Satisfied,Premium Spender
AMZ-100016,55,Female,North America,2020,5,Prime,Diamond,1,219.43,219.43,200.0,2,Clothing,3,3.1,7,14,31,Smart TV,Credit Card,50.49,33,4,608,282.73,0.4925,Satisfied,Occasional Buyer
AMZ-100017,61,Male,Middle East,2015,10,Prime,Platinum,5,176.6,35.32,60.0,3,Grocery,5,3.0,5,17,44,Alexa,Debit Card,29.61,36,4,496,225.41,0.5723,Satisfied,Occasional Buyer
AMZ-100018,20,Male,Middle East,2015,10,Non-Prime,Silver,79,4382.64,55.48,0.0,0,Office,2,3.9,24,32,91,Tablet,Gift Card,31.58,2,1,287,5853.33,0.3586,Satisfied,Loyal Shopper
AMZ-100019,65,Female,East Asia,2020,5,Prime,Gold,14,714.16,51.01,14.29,2,Electronics,7,4.0,28,62,226,Desktop,UPI,23.72,25,2,407,1040.26,0.5113,Neutral,Bargain Hunter
AMZ-100020,40,Non-Binary,Southeast Asia,2017,8,Prime,Gold,29,539.53,18.6,31.03,9,Clothing,2,2.9,1,33,233,Smart TV,UPI,35.08,21,2,664,581.35,0.9818,Neutral,Bargain Hunter
AMZ-100021,60,Non-Binary,East Asia,2020,5,Non-Prime,Diamond,41,3281.5,80.04,2.44,1,Home & Kitchen,5,3.5,32,24,129,Alexa,Cash on Delivery,66.23,4,3,349,4168.55,0.6374,Satisfied,Loyal Shopper
AMZ-100022,36,Female,Latin America,2015,10,Non-Prime,Platinum,71,1357.53,19.12,1.41,1,Automotive,7,5.0,25,28,89,Alexa,Gift Card,2.03,22,0,640,1475.16,0.1564,Satisfied,Loyal Shopper
AMZ-100023,22,Male,North America,2021,4,Prime,Silver,6,267.85,44.64,33.33,2,Office,6,2.7,28,20,206,Alexa,Debit Card,33.57,11,1,655,289.1,0.1202,Neutral,Bargain Hunter
AMZ-100024,29,Male,North America,2019,6,Non-Prime,Silver,4,11.61,2.9,0.0,0,Home & Kitchen,5,1.1,38,3,13,Mobile,Credit Card,27.7,29,4,22,11.89,0.9491,Dissatisfied,Inactive User
AMZ-100025,22,Non-Binary,South Asia,2022,3,Prime,Diamond,4,74.92,18.73,25.0,1,Home & Kitchen,4,2.7,15,1,28,Alexa,Debit Card,5.65,1,0,159,110.14,0.5755,Neutral,Occasional Buyer
AMZ-100026,29,Female,South Asia,2019,6,Prime,Diamond,1,57.34,57.34,0.0,0,Home & Kitchen,3,1.3,0,2,18,Mobile,Credit Card,76.9,9,2,555,65.19,0.2146,Neutral,Inactive User
AMZ-100027,68,Female,Southeast Asia,2016,9,Prime,Silver,16,3467.56,216.72,0.0,0,Books,9,4.2,6,14,47,Mobile,Gift Card,9.45,10,4,375,4742.01,0.8035,Neutral,Premium Spender
AMZ-100028,65,Male,South Asia,2017,8,Prime,Diamond,9,351.38,39.04,33.33,3,Clothing,4,2.8,17,17,44,Smart TV,Debit Card,20.0,31,4,368,470.82,0.7399,Neutral,Occasional Buyer
AMZ-100029,39,Male,East Asia,2023,2,Prime,Diamond,3,106.72,35.57,33.33,1,Grocery,3,3.8,48,16,29,Mobile,Credit Card,4.28,18,3,264,123.76,0.9501,Dissatisfied,Occasional Buyer
AMZ-100030,69,Male,East Asia,2023,2,Prime,Gold,3,57.34,19.11,0.0,0,Toys,5,2.3,35,2,4,Smart TV,Gift Card,75.7,15,0,38,59.95,0.4944,Dissatisfied,Inactive User
AMZ-100031,64,Male,South Asia,2016,9,Prime,Silver,58,4982.91,85.91,3.45,2,Toys,9,3.6,9,38,146,Tablet,Cash on Delivery,66.96,16,4,229,5192.46,0.701,Satisfied,Loyal Shopper
AMZ-100032,36,Female,Latin America,2020,5,Non-Prime,Diamond,23,12862.32,559.23,17.39,4,Clothing,8,4.4,47,9,68,Desktop,Amazon Pay,69.05,21,3,656,18954.23,0.986,Neutral,Premium Spender
AMZ-100033,56,Non-Binary,Latin America,2017,8,Non-Prime,Silver,23,2270.92,98.74,8.7,2,Beauty,3,4.6,44,48,120,Mobile,Credit Card,0.91,27,1,659,2405.83,0.1175,Very Satisfied,Loyal Shopper
AMZ-100034,50,Non-Binary,East Asia,2022,3,Non-Prime,Gold,0,74.42,74.42,100.0,1,Electronics,6,2.4,5,0,16,Alexa,Credit Card,64.17,31,4,148,76.03,0.9246,Very Dissatisfied,Inactive User
AMZ-100035,70,Non-Binary,North America,2015,10,Non-Prime,Gold,79,1109.95,14.05,0.0,0,Toys,6,4.3,2,23,77,Mobile,UPI,72.09,10,3,329,1637.4,0.8903,Very Satisfied,Loyal Shopper
AMZ-100036,67,Non-Binary,North America,2022,3,Prime,Platinum,31,1248.38,40.27,3.23,1,Sports,5,4.0,40,45,151,Desktop,Net Banking,20.8,26,0,200,1441.58,0.8138,Very Satisfied,Loyal Shopper
AMZ-100037,22,Female,Southeast Asia,2017,8,Prime,Platinum,12,199.03,16.59,16.67,2,Automotive,9,2.3,1,18,15,Tablet,Cash on Delivery,6.62,29,1,250,203.53,0.0264,Neutral,Occasional Buyer
AMZ-100038,39,Female,Middle East,2023,2,Non-Prime,Silver,5,644.32,128.86,160.0,8,Books,1,3.5,12,45,100,Alexa,Debit Card,5.08,34,0,404,662.48,0.8647,Neutral,Bargain Hunter
AMZ-100039,27,Male,Europe,2019,6,Prime,Gold,0,53.43,53.43,0.0,0,Beauty,3,2.5,16,4,4,Tablet,Debit Card,19.29,8,0,50,60.77,0.2072,Very Dissatisfied,Inactive User
AMZ-100040,71,Non-Binary,Europe,2016,9,Non-Prime,Silver,15,11060.41,737.36,20.0,3,Grocery,6,4.2,2,11,111,Tablet,Net Banking,41.61,11,0,53,16413.5,0.0884,Very Satisfied,Premium Spender
AMZ-100041,28,Female,North America,2016,9,Prime,Gold,29,512.97,17.69,27.59,8,Sports,3,3.5,38,33,174,Tablet,UPI,10.91,33,1,97,676.26,0.5548,Neutral,Bargain Hunter
AMZ-100042,59,Male,Latin America,2021,4,Non-Prime,Platinum,70,4597.47,65.68,1.43,1,Grocery,3,4.0,16,33,156,Smart TV,Amazon Pay,75.96,3,1,183,6533.22,0.7689,Satisfied,Loyal Shopper
AMZ-100043,64,Non-Binary,Southeast Asia,2017,8,Prime,Silver,24,421.4,17.56,25.0,6,Electronics,9,4.5,22,62,215,Tablet,Cash on Delivery,10.24,30,2,373,568.4,0.1801,Neutral,Bargain Hunter
AMZ-100044,68,Male,Latin America,2016,9,Prime,Diamond,23,2251.8,97.9,8.7,2,Grocery,3,4.8,20,38,86,Mobile,Credit Card,13.51,27,1,533,2351.67,0.1206,Satisfied,Loyal Shopper
AMZ-100045,43,Male,Middle East,2023,2,Prime,Platinum,13,349.19,26.86,15.38,2,Office,9,4.3,46,64,167,Alexa,Debit Card,50.23,29,2,47,359.85,0.2769,Dissatisfied,Bargain Hunter
AMZ-100046,39,Male,Europe,2022,3,Prime,Silver,15,4014.2,267.61,20.0,3,Beauty,7,4.2,13,19,118,Desktop,Net Banking,37.0,25,2,311,4281.38,0.6872,Satisfied,Premium Spender
AMZ-100047,68,Female,East Asia,2017,8,Non-Prime,Diamond,42,2949.05,70.22,0.0,0,Office,9,4.3,36,47,77,Desktop,Debit Card,14.58,38,0,272,3260.84,0.3275,Very Satisfied,Loyal Shopper
AMZ-100048,58,Female,North America,2017,8,Prime,Platinum,63,1779.51,28.25,0.0,0,Toys,2,4.0,46,19,127,Desktop,Amazon Pay,46.74,21,1,622,2442.77,0.4317,Very Satisfied,Loyal Shopper
AMZ-100049,62,Female,East Asia,2022,3,Prime,Diamond,38,2390.85,62.92,2.63,1,Home & Kitchen,6,4.0,36,43,123,Desktop,Cash on Delivery,74.7,21,4,709,2827.61,0.4878,Very Satisfied,Loyal Shopper
AMZ-100050,54,Female,East Asia,2022,3,Prime,Gold,44,5238.8,119.06,0.0,0,Electronics,4,3.6,23,23,42,Desktop,Gift Card,8.96,1,3,74,7505.91,0.8171,Neutral,Premium Spender
AMZ-100051,43,Male,East Asia,2022,3,Prime,Platinum,1,319.91,319.91,100.0,1,Grocery,3,3.4,44,15,11,Smart TV,Net Banking,61.56,5,1,117,433.63,0.1995,Dissatisfied,Occasional Buyer
AMZ-100052,30,Male,North America,2018,7,Prime,Gold,3,24.24,8.08,33.33,1,Office,3,1.2,32,4,13,Tablet,Credit Card,29.54,9,4,649,36.24,0.3224,Very Dissatisfied,Inactive User
AMZ-100053,55,Female,Europe,2022,3,Non-Prime,Platinum,6,161.51,26.92,33.33,2,Toys,7,2.8,34,28,106,Alexa,UPI,27.91,4,3,235,194.5,0.9329,Dissatisfied,Bargain Hunter
AMZ-100054,46,Non-Binary,South Asia,2020,5,Prime,Silver,15,756.84,50.46,26.67,4,Toys,8,2.9,10,59,90,Mobile,UPI,63.62,13,3,290,819.0,0.8146,Satisfied,Bargain Hunter
AMZ-100055,35,Non-Binary,Latin America,2023,2,Non-Prime,Gold,2,63.38,31.69,0.0,0,Beauty,8,2.8,7,1,12,Smart TV,Credit Card,35.13,13,2,636,72.93,0.7476,Neutral,Inactive User
AMZ-100056,57,Female,Latin America,2019,6,Prime,Platinum,1,177.72,177.72,200.0,2,Grocery,8,3.8,38,14,11,Tablet,Net Banking,9.35,5,2,390,242.64,0.6937,Satisfied,Occasional Buyer
AMZ-100057,50,Female,Latin America,2023,2,Prime,Gold,29,13543.55,467.02,6.9,2,Home & Kitchen,5,4.0,26,10,75,Smart TV,Net Banking,59.52,3,1,521,16888.68,0.7546,Neutral,Premium Spender
AMZ-100058,22,Non-Binary,South Asia,2022,3,Non-Prime,Platinum,27,4327.58,160.28,11.11,3,Toys,4,4.7,11,19,95,Alexa,Cash on Delivery,61.75,26,2,291,5877.24,0.599,Very Satisfied,Premium Spender
AMZ-100059,64,Female,South Asia,2021,4,Prime,Platinum,24,227.12,9.46,29.17,7,Automotive,8,4.3,17,91,223,Smart TV,Gift Card,48.92,39,3,682,332.97,0.5651,Satisfied,Bargain Hunter
AMZ-100060,71,Non-Binary,South Asia,2023,2,Non-Prime,Silver,23,4118.36,179.06,8.7,2,Sports,3,3.5,28,37,165,Alexa,Net Banking,8.34,21,2,406,4371.25,0.2359,Satisfied,Loyal Shopper
AMZ-100061,32,Male,East Asia,2022,3,Prime,Platinum,1,83.89,83.89,0.0,0,Home & Kitchen,5,1.2,46,2,0,Desktop,Debit Card,4.38,8,1,435,116.93,0.6037,Very Dissatisfied,Inactive User
AMZ-100062,35,Male,Southeast Asia,2021,4,Non-Prime,Silver,7,378.72,54.1,57.14,4,Automotive,2,3.6,26,21,127,Smart TV,Net Banking,36.18,23,0,179,458.05,0.9148,Neutral,Bargain Hunter
AMZ-100063,24,Non-Binary,Latin America,2015,10,Prime,Diamond,0,78.05,78.05,100.0,1,Toys,1,1.6,19,4,17,Desktop,Debit Card,36.72,19,3,62,116.95,0.5022,Dissatisfied,Inactive User
AMZ-100064,49,Female,South Asia,2017,8,Prime,Diamond,5,316.96,63.39,80.0,4,Electronics,1,3.3,44,75,212,Alexa,Debit Card,30.22,15,2,17,363.56,0.7141,Neutral,Bargain Hunter
AMZ-100065,25,Male,East Asia,2015,10,Prime,Platinum,22,467.07,21.23,13.64,3,Automotive,7,3.4,38,23,152,Alexa,Cash on Delivery,60.26,9,1,161,562.52,0.0254,Satisfied,Bargain Hunter
AMZ-100066,20,Non-Binary,Southeast Asia,2021,4,Prime,Diamond,3,83.98,27.99,33.33,1,Automotive,8,2.7,22,0,0,Tablet,Cash on Delivery,53.75,7,0,238,107.89,0.8875,Very Dissatisfied,Inactive User
AMZ-100067,69,Non-Binary,Southeast Asia,2018,7,Non-Prime,Gold,47,1800.37,38.31,2.13,1,Sports,5,3.6,20,25,91,Smart TV,Credit Card,32.51,17,1,672,1987.51,0.0265,Satisfied,Loyal Shopper
AMZ-100068,37,Female,Europe,2019,6,Prime,Silver,13,532.04,40.93,7.69,1,Clothing,2,3.3,2,1,11,Desktop,Debit Card,47.22,11,3,260,623.87,0.7738,Neutral,Occasional Buyer
AMZ-100069,63,Male,Latin America,2022,3,Prime,Silver,23,8233.52,357.98,13.04,3,Toys,7,3.6,31,21,63,Smart TV,Amazon Pay,34.02,16,0,551,11110.5,0.4026,Very Satisfied,Premium Spender
AMZ-100070,54,Female,North America,2021,4,Prime,Diamond,0,13.94,13.94,100.0,1,Toys,6,2.7,17,1,12,Alexa,Net Banking,42.37,35,0,33,17.8,0.6514,Very Dissatisfied,Inactive User
AMZ-100071,44,Female,Southeast Asia,2020,5,Prime,Platinum,16,244.49,15.28,37.5,6,Sports,8,2.5,33,76,116,Smart TV,Cash on Delivery,48.04,6,1,684,346.94,0.4044,Dissatisfied,Bargain Hunter
AMZ-100072,43,Non-Binary,Latin America,2017,8,Non-Prime,Gold,16,4995.4,312.21,12.5,2,Automotive,5,4.5,10,8,92,Desktop,Amazon Pay,23.1,35,0,186,5737.52,0.5664,Very Satisfied,Premium Spender
AMZ-100073,64,Male,Southeast Asia,2018,7,Prime,Diamond,48,7759.79,161.66,8.33,4,Clothing,4,4.9,18,5,95,Smart TV,Debit Card,47.61,16,2,364,8359.9,0.6233,Neutral,Premium Spender
AMZ-100074,59,Male,Southeast Asia,2022,3,Non-Prime,Silver,1,10.66,10.66,0.0,0,Books,9,1.2,38,0,0,Smart TV,Debit Card,6.07,36,3,171,15.82,0.0053,Neutral,Inactive User
AMZ-100075,66,Male,Europe,2023,2,Prime,Platinum,26,7331.69,281.99,7.69,2,Home & Kitchen,8,3.2,18,21,88,Smart TV,Amazon Pay,58.58,20,0,726,9986.14,0.6372,Satisfied,Premium Spender
AMZ-100076,34,Female,East Asia,2021,4,Prime,Platinum,8,187.32,23.41,25.0,2,Books,7,3.0,25,9,35,Smart TV,Credit Card,45.44,6,4,518,215.17,0.9244,Dissatisfied,Occasional Buyer
AMZ-100077,59,Female,South Asia,2016,9,Non-Prime,Silver,1,42.18,42.18,0.0,0,Electronics,7,2.6,16,2,19,Mobile,Debit Card,52.01,23,2,619,44.72,0.077,Dissatisfied,Inactive User
AMZ-100078,66,Non-Binary,South Asia,2022,3,Prime,Gold,56,3027.11,54.06,3.57,2,Automotive,4,4.2,28,48,167,Mobile,UPI,52.93,12,1,160,4368.09,0.6159,Very Satisfied,Loyal Shopper
AMZ-100079,49,Non-Binary,Europe,2016,9,Prime,Gold,21,902.48,42.98,4.76,1,Office,3,4.8,38,22,178,Alexa,Net Banking,0.76,28,0,476,919.45,0.4798,Satisfied,Loyal Shopper
AMZ-100080,47,Female,North America,2015,10,Non-Prime,Silver,20,711.57,35.58,15.0,3,Sports,1,4.5,2,24,192,Alexa,Net Banking,37.38,29,1,323,966.15,0.5891,Neutral,Bargain Hunter
AMZ-100081,54,Non-Binary,South Asia,2019,6,Prime,Gold,15,13924.07,928.27,0.0,0,Books,6,3.1,38,16,107,Tablet,Cash on Delivery,70.33,23,2,61,18194.66,0.167,Neutral,Premium Spender
AMZ-100082,43,Non-Binary,East Asia,2016,9,Prime,Platinum,3,6.5,2.17,0.0,0,Grocery,9,1.8,48,4,18,Smart TV,Net Banking,76.58,5,4,53,9.65,0.8838,Dissatisfied,Inactive User
AMZ-100083,35,Non-Binary,Latin America,2016,9,Prime,Silver,3,378.5,126.17,66.67,2,Toys,1,3.1,23,3,51,Smart TV,Credit Card,71.79,34,4,119,520.03,0.0349,Neutral,Occasional Buyer
AMZ-100084,20,Non-Binary,East Asia,2023,2,Prime,Gold,18,9961.03,553.39,0.0,0,Toys,9,3.2,33,7,95,Desktop,Net Banking,68.97,8,0,260,13622.77,0.2814,Neutral,Premium Spender
AMZ-100085,23,Female,Middle East,2016,9,Non-Prime,Diamond,3,37.27,12.42,0.0,0,Automotive,5,1.5,47,1,15,Smart TV,Cash on Delivery,54.66,4,4,592,38.42,0.8829,Neutral,Inactive User
AMZ-100086,23,Female,East Asia,2015,10,Prime,Silver,4,90.65,22.66,25.0,1,Sports,8,2.1,18,2,1,Smart TV,Debit Card,69.45,27,0,570,129.96,0.7084,Very Dissatisfied,Inactive User
AMZ-100087,60,Non-Binary,Latin America,2019,6,Prime,Platinum,39,14161.08,363.1,5.13,2,Electronics,9,3.2,30,11,77,Smart TV,Cash on Delivery,66.07,9,2,436,19425.52,0.1608,Very Satisfied,Premium Spender
AMZ-100088,58,Female,South Asia,2015,10,Prime,Platinum,4,355.9,88.97,75.0,3,Beauty,1,3.5,39,2,48,Tablet,UPI,20.78,23,4,674,378.76,0.2833,Neutral,Occasional Buyer
AMZ-100089,46,Male,Middle East,2019,6,Prime,Silver,7,347.7,49.67,28.57,2,Home & Kitchen,6,3.9,3,15,37,Smart TV,Gift Card,13.9,35,1,323,400.02,0.7082,Satisfied,Occasional Buyer
AMZ-100090,52,Non-Binary,Southeast Asia,2018,7,Non-Prime,Diamond,0,58.22,58.22,100.0,1,Automotive,4,1.7,11,1,17,Mobile,Credit Card,1.97,10,0,645,69.04,0.8188,Dissatisfied,Inactive User
AMZ-100091,52,Female,Latin America,2015,10,Prime,Platinum,11,425.81,38.71,9.09,1,Office,9,2.9,38,4,43,Tablet,Gift Card,42.16,28,4,74,472.81,0.0824,Neutral,Occasional Buyer
AMZ-100092,64,Female,Southeast Asia,2019,6,Non-Prime,Platinum,3,65.45,21.82,0.0,0,Beauty,5,1.5,19,3,11,Smart TV,Amazon Pay,31.81,4,2,506,78.85,0.8941,Neutral,Inactive User
AMZ-100093,32,Male,North America,2016,9,Non-Prime,Gold,2,167.21,83.61,0.0,0,Beauty,8,2.1,45,12,33,Mobile,Net Banking,16.3,28,4,519,231.66,0.8448,Dissatisfied,Occasional Buyer
AMZ-100094,47,Male,South Asia,2023,2,Prime,Diamond,3,1.79,0.6,33.33,1,Sports,7,2.6,16,3,2,Alexa,Cash on Delivery,48.58,19,3,520,1.97,0.4916,Neutral,Inactive User
AMZ-100095,38,Female,North America,2022,3,Prime,Platinum,4,26.9,6.72,0.0,0,Home & Kitchen,2,2.6,29,0,12,Tablet,Debit Card,31.4,30,2,300,37.08,0.9526,Neutral,Inactive User
AMZ-100096,63,Non-Binary,Middle East,2023,2,Prime,Platinum,9,71.79,7.98,33.33,3,Electronics,6,3.0,21,17,50,Mobile,UPI,16.83,32,1,241,83.51,0.5177,Neutral,Occasional Buyer
AMZ-100097,55,Male,Latin America,2016,9,Prime,Silver,1,535.39,535.39,0.0,0,Electronics,7,2.2,25,7,35,Alexa,Amazon Pay,55.16,14,1,105,580.22,0.1046,Satisfied,Occasional Buyer
AMZ-100098,48,Female,Europe,2021,4,Prime,Silver,25,4490.64,179.63,0.0,0,Sports,9,4.8,49,13,45,Smart TV,Credit Card,74.82,7,1,317,6249.67,0.6123,Neutral,Premium Spender
AMZ-100099,58,Female,North America,2017,8,Non-Prime,Silver,11,562.57,51.14,63.64,7,Clothing,2,3.6,11,41,147,Desktop,Cash on Delivery,19.77,12,0,300,735.77,0.329,Satisfied,Bargain Hunter
AMZ-100100,23,Male,South Asia,2016,9,Prime,Diamond,3,74.43,24.81,0.0,0,Office,2,2.7,18,3,18,Alexa,Cash on Delivery,18.28,31,0,58,98.63,0.1995,Very Dissatisfied,Inactive User
AMZ-100101,47,Non-Binary,Southeast Asia,2015,10,Prime,Diamond,2,22.06,11.03,0.0,0,Sports,5,1.8,30,3,0,Alexa,Gift Card,33.27,23,3,515,30.17,0.7677,Dissatisfied,Inactive User
AMZ-100102,51,Non-Binary,North America,2019,6,Non-Prime,Silver,12,72.06,6.0,25.0,3,Home & Kitchen,4,3.7,1,4,50,Desktop,Amazon Pay,47.82,35,1,370,82.29,0.3592,Satisfied,Occasional Buyer
AMZ-100103,53,Male,South Asia,2022,3,Non-Prime,Silver,7,536.08,76.58,114.29,8,Clothing,7,3.8,41,45,188,Mobile,Gift Card,19.0,13,1,374,646.79,0.0691,Neutral,Bargain Hunter
AMZ-100104,45,Non-Binary,Southeast Asia,2023,2,Prime,Silver,28,9177.81,327.78,3.57,1,Home & Kitchen,2,3.7,34,21,109,Tablet,Net Banking,52.54,0,3,675,13628.23,0.4538,Very Satisfied,Premium Spender
AMZ-100105,18,Female,North America,2023,2,Non-Prime,Gold,11,536.04,48.73,27.27,3,Sports,5,2.9,19,10,19,Alexa,Net Banking,47.03,11,0,312,580.81,0.1676,Satisfied,Occasional Buyer
AMZ-100106,61,Male,Middle East,2020,5,Prime,Gold,76,3343.26,43.99,0.0,0,Sports,4,4.0,49,37,108,Desktop,Credit Card,78.94,8,4,19,3429.68,0.64,Satisfied,Loyal Shopper
AMZ-100107,67,Female,Middle East,2019,6,Non-Prime,Platinum,7,416.54,59.51,85.71,6,Automotive,8,4.4,42,39,101,Mobile,Gift Card,1.39,24,1,184,537.36,0.2542,Neutral,Bargain Hunter
AMZ-100108,33,Female,Europe,2018,7,Non-Prime,Diamond,11,318.87,28.99,27.27,3,Automotive,2,3.3,41,13,32,Mobile,UPI,58.63,7,1,340,333.84,0.6726,Satisfied,Occasional Buyer
AMZ-100109,35,Non-Binary,Europe,2016,9,Non-Prime,Platinum,10,707.7,70.77,30.0,3,Electronics,1,2.9,25,62,144,Mobile,Debit Card,69.51,39,0,587,747.72,0.7955,Satisfied,Bargain Hunter
AMZ-100110,58,Male,East Asia,2019,6,Non-Prime,Platinum,3,67.65,22.55,33.33,1,Office,2,1.4,49,4,13,Mobile,Cash on Delivery,48.4,8,0,680,101.25,0.7524,Neutral,Inactive User
AMZ-100111,36,Non-Binary,Latin America,2020,5,Prime,Platinum,72,3181.47,44.19,1.39,1,Clothing,6,4.6,33,13,161,Alexa,Gift Card,60.98,22,2,364,4482.43,0.1202,Satisfied,Loyal Shopper
AMZ-100112,36,Female,Europe,2019,6,Prime,Platinum,21,3069.1,146.15,14.29,3,Beauty,9,3.6,32,19,110,Mobile,Cash on Delivery,19.0,34,3,101,3181.42,0.6034,Satisfied,Premium Spender
AMZ-100113,65,Female,Latin America,2022,3,Prime,Platinum,65,3498.82,53.83,0.0,0,Toys,2,4.6,5,30,62,Alexa,Credit Card,73.14,28,1,664,4163.94,0.3988,Satisfied,Loyal Shopper
AMZ-100114,40,Female,Europe,2019,6,Prime,Silver,29,9403.23,324.25,3.45,1,Toys,7,4.2,15,17,82,Alexa,Cash on Delivery,51.8,14,0,714,11190.19,0.1972,Satisfied,Premium Spender
AMZ-100115,25,Non-Binary,Southeast Asia,2017,8,Prime,Silver,17,346.14,20.36,35.29,6,Home & Kitchen,4,2.7,29,71,206,Alexa,Amazon Pay,57.29,12,3,89,367.23,0.1811,Dissatisfied,Bargain Hunter
AMZ-100116,53,Non-Binary,Southeast Asia,2022,3,Prime,Gold,3,18.14,6.05,0.0,0,Sports,4,2.1,3,1,16,Alexa,Debit Card,6.96,0,3,375,22.92,0.1123,Very Dissatisfied,Inactive User
AMZ-100117,32,Non-Binary,Southeast Asia,2023,2,Prime,Silver,13,380.89,29.3,7.69,1,Office,8,3.6,41,9,37,Desktop,Net Banking,72.0,15,0,153,429.58,0.3021,Dissatisfied,Occasional Buyer
AMZ-100118,53,Non-Binary,North America,2017,8,Non-Prime,Diamond,43,4254.98,98.95,2.33,1,Books,1,4.1,49,27,148,Desktop,Cash on Delivery,12.24,34,3,225,5261.05,0.5354,Satisfied,Loyal Shopper
AMZ-100119,31,Male,Latin America,2023,2,Prime,Diamond,26,116.55,4.48,19.23,5,Sports,9,3.8,24,29,100,Alexa,Net Banking,79.02,34,4,657,140.11,0.4282,Satisfied,Bargain Hunter
AMZ-100120,43,Female,Southeast Asia,2018,7,Prime,Diamond,7,448.48,64.07,42.86,3,Grocery,6,2.0,41,19,55,Desktop,Gift Card,72.44,35,4,352,582.07,0.4012,Dissatisfied,Occasional Buyer
AMZ-100121,61,Male,Europe,2019,6,Prime,Platinum,52,1751.96,33.69,0.0,0,Grocery,5,4.0,7,11,108,Tablet,Cash on Delivery,70.41,2,3,380,2152.16,0.1903,Very Satisfied,Loyal Shopper
AMZ-100122,25,Non-Binary,Europe,2018,7,Non-Prime,Diamond,6,795.9,132.65,33.33,2,Clothing,6,3.8,43,49,124,Smart TV,UPI,7.1,4,4,476,1070.49,0.2009,Satisfied,Bargain Hunter
AMZ-100123,37,Female,Middle East,2022,3,Non-Prime,Diamond,30,7913.73,263.79,10.0,3,Automotive,3,3.8,15,20,56,Tablet,Cash on Delivery,30.6,22,3,626,8516.82,0.9925,Neutral,Premium Spender
AMZ-100124,39,Non-Binary,Southeast Asia,2020,5,Prime,Diamond,59,4028.12,68.27,1.69,1,Electronics,2,3.9,7,29,80,Tablet,Net Banking,60.42,32,4,459,5603.17,0.7087,Very Satisfied,Loyal Shopper
AMZ-100125,19,Female,Southeast Asia,2019,6,Non-Prime,Gold,28,4411.79,157.56,14.29,4,Automotive,9,3.5,8,13,105,Mobile,Debit Card,40.78,2,3,701,5398.27,0.6006,Very Satisfied,Premium Spender
AMZ-100126,59,Female,East Asia,2015,10,Prime,Diamond,2,78.63,39.31,50.0,1,Books,6,2.1,17,3,4,Alexa,Gift Card,50.24,29,1,669,106.99,0.1413,Neutral,Inactive User
AMZ-100127,35,Male,Southeast Asia,2017,8,Non-Prime,Gold,11,313.28,28.48,54.55,6,Books,4,2.7,17,21,155,Smart TV,Cash on Delivery,51.28,24,1,252,448.31,0.9228,Dissatisfied,Bargain Hunter
AMZ-100128,23,Non-Binary,Latin America,2023,2,Prime,Silver,14,126.56,9.04,7.14,1,Beauty,9,3.8,12,3,12,Alexa,Gift Card,29.4,7,4,536,141.28,0.08,Dissatisfied,Occasional Buyer
AMZ-100129,35,Non-Binary,East Asia,2018,7,Prime,Silver,12,581.2,48.43,0.0,0,Office,6,2.9,31,14,40,Mobile,Debit Card,17.28,1,3,662,625.38,0.0613,Satisfied,Occasional Buyer
AMZ-100130,32,Non-Binary,North America,2022,3,Prime,Silver,3,155.48,51.83,33.33,1,Books,9,2.4,22,18,20,Smart TV,Debit Card,19.13,34,4,328,216.33,0.2654,Neutral,Occasional Buyer
AMZ-100131,34,Male,Europe,2022,3,Prime,Platinum,7,430.69,61.53,42.86,3,Beauty,5,2.1,38,7,13,Tablet,Gift Card,17.66,28,3,419,544.19,0.4261,Neutral,Occasional Buyer
AMZ-100132,31,Non-Binary,Southeast Asia,2020,5,Non-Prime,Gold,56,4523.74,80.78,0.0,0,Clothing,7,4.2,36,16,158,Desktop,Credit Card,30.97,4,1,573,5612.48,0.0192,Very Satisfied,Loyal Shopper
AMZ-100133,43,Non-Binary,Latin America,2019,6,Prime,Diamond,4,76.03,19.01,0.0,0,Office,2,1.3,44,0,4,Desktop,Debit Card,78.07,17,4,172,77.65,0.3714,Very Dissatisfied,Inactive User
AMZ-100134,69,Female,Southeast Asia,2016,9,Prime,Silver,25,8452.53,338.1,16.0,4,Automotive,2,4.7,39,8,65,Tablet,Net Banking,64.85,28,3,421,10110.89,0.9562,Very Satisfied,Premium Spender
AMZ-100135,65,Male,Southeast Asia,2016,9,Prime,Platinum,0,95.53,95.53,0.0,0,Toys,1,2.6,9,0,8,Tablet,Gift Card,74.43,39,4,283,125.97,0.6594,Dissatisfied,Inactive User
AMZ-100136,22,Female,East Asia,2017,8,Prime,Silver,11,297.57,27.05,0.0,0,Home & Kitchen,1,2.5,22,13,32,Smart TV,UPI,54.42,12,0,86,404.15,0.0721,Neutral,Occasional Buyer
AMZ-100137,28,Female,Latin America,2018,7,Prime,Silver,8,107.95,13.49,37.5,3,Toys,4,2.1,14,8,30,Tablet,Credit Card,75.39,27,2,490,130.19,0.5496,Satisfied,Occasional Buyer
AMZ-100138,19,Non-Binary,North America,2023,2,Non-Prime,Diamond,1,2.09,2.09,100.0,1,Sports,2,1.2,2,0,16,Desktop,UPI,9.71,3,0,168,3.09,0.4783,Neutral,Inactive User
AMZ-100139,30,Non-Binary,South Asia,2020,5,Non-Prime,Platinum,2,227.22,113.61,100.0,2,Clothing,5,2.3,31,2,49,Mobile,Net Banking,59.85,31,3,225,241.77,0.3383,Neutral,Occasional Buyer
AMZ-100140,67,Female,North America,2023,2,Non-Prime,Platinum,12,518.97,43.25,75.0,9,Clothing,6,2.7,29,97,148,Mobile,Amazon Pay,74.27,31,2,685,522.27,0.9924,Satisfied,Bargain Hunter
AMZ-100141,38,Female,South Asia,2016,9,Prime,Gold,10,498.77,49.88,0.0,0,Grocery,5,3.7,7,9,21,Tablet,UPI,59.86,6,3,202,578.59,0.7532,Satisfied,Occasional Buyer
AMZ-100142,32,Male,Europe,2019,6,Prime,Platinum,0,93.74,93.74,100.0,1,Beauty,4,1.1,26,4,1,Mobile,Gift Card,77.21,14,2,406,133.14,0.7328,Very Dissatisfied,Inactive User
AMZ-100143,46,Male,East Asia,2021,4,Non-Prime,Diamond,15,630.73,42.05,26.67,4,Grocery,7,4.0,43,38,207,Tablet,Credit Card,50.9,36,1,185,633.67,0.2467,Neutral,Bargain Hunter
AMZ-100144,60,Female,Middle East,2016,9,Prime,Diamond,19,13577.41,714.6,10.53,2,Beauty,9,3.6,9,14,103,Tablet,UPI,59.39,38,2,65,15990.01,0.7838,Satisfied,Premium Spender
AMZ-100145,51,Female,North America,2023,2,Non-Prime,Gold,36,13176.57,366.02,8.33,3,Automotive,5,4.7,19,18,117,Mobile,UPI,26.15,30,2,100,13998.22,0.3854,Very Satisfied,Premium Spender
AMZ-100146,57,Non-Binary,South Asia,2020,5,Non-Prime,Silver,3,72.21,24.07,0.0,0,Automotive,7,2.8,20,4,4,Tablet,Net Banking,2.33,3,3,56,86.21,0.4023,Very Dissatisfied,Inactive User
AMZ-100147,21,Male,North America,2018,7,Prime,Platinum,21,8771.67,417.7,19.05,4,Automotive,8,4.3,23,27,119,Mobile,Credit Card,54.12,17,2,158,8872.25,0.3221,Satisfied,Premium Spender
AMZ-100148,48,Female,Southeast Asia,2019,6,Prime,Diamond,65,1425.8,21.94,1.54,1,Office,4,4.5,18,47,117,Desktop,Gift Card,35.22,35,0,182,1593.94,0.3714,Very Satisfied,Loyal Shopper
AMZ-100149,34,Non-Binary,Southeast Asia,2015,10,Prime,Silver,21,518.76,24.7,19.05,4,Beauty,6,4.0,3,64,146,Desktop,Gift Card,39.69,26,3,74,710.7,0.9503,Satisfied,Bargain Hunter
AMZ-100150,47,Female,North America,2015,10,Non-Prime,Platinum,19,5213.72,274.41,5.26,1,Grocery,6,3.7,44,17,42,Tablet,Credit Card,55.81,18,1,546,6333.78,0.8727,Satisfied,Premium Spender
AMZ-100151,23,Male,North America,2018,7,Prime,Silver,43,8540.79,198.62,9.3,4,Home & Kitchen,4,4.0,38,9,113,Alexa,Credit Card,72.31,34,0,312,8570.81,0.0573,Neutral,Premium Spender
AMZ-100152,53,Male,South Asia,2023,2,Non-Prime,Gold,18,527.16,29.29,44.44,8,Books,5,2.8,29,43,173,Alexa,Debit Card,22.62,29,3,162,599.81,0.7871,Satisfied,Bargain Hunter
AMZ-100153,62,Male,Europe,2023,2,Prime,Silver,1,27.19,27.19,100.0,1,Sports,4,2.5,42,3,12,Desktop,Debit Card,5.01,20,3,689,32.78,0.3473,Dissatisfied,Inactive User
AMZ-100154,31,Male,North America,2022,3,Non-Prime,Silver,1,73.24,73.24,100.0,1,Clothing,9,2.1,36,4,14,Mobile,Amazon Pay,78.5,17,4,130,99.8,0.1912,Very Dissatisfied,Inactive User
AMZ-100155,70,Male,South Asia,2016,9,Prime,Silver,68,2748.52,40.42,0.0,0,Clothing,4,5.0,41,42,120,Smart TV,UPI,7.11,21,0,592,4096.01,0.2274,Satisfied,Loyal Shopper
AMZ-100156,51,Male,Southeast Asia,2020,5,Prime,Platinum,15,147.37,9.82,13.33,2,Grocery,1,3.9,9,89,187,Alexa,Credit Card,13.26,1,0,65,154.56,0.862,Dissatisfied,Bargain Hunter
AMZ-100157,68,Male,Middle East,2017,8,Prime,Platinum,36,6487.05,180.2,8.33,3,Automotive,1,4.6,31,14,98,Mobile,Credit Card,20.69,19,1,382,8947.02,0.7541,Very Satisfied,Premium Spender
AMZ-100158,45,Female,Latin America,2022,3,Prime,Diamond,29,5458.58,188.23,10.34,3,Automotive,1,4.8,1,13,53,Mobile,Credit Card,5.22,2,3,96,6524.99,0.7983,Neutral,Premium Spender
AMZ-100159,68,Male,North America,2019,6,Prime,Platinum,7,411.23,58.75,14.29,1,Office,8,3.6,11,19,52,Alexa,UPI,41.87,23,3,475,566.98,0.2764,Satisfied,Occasional Buyer
AMZ-100160,59,Non-Binary,Middle East,2016,9,Prime,Diamond,8,488.85,61.11,37.5,3,Grocery,4,2.8,5,8,55,Alexa,Gift Card,63.46,6,2,258,708.14,0.1689,Dissatisfied,Occasional Buyer
AMZ-100161,21,Male,East Asia,2019,6,Non-Prime,Gold,10,198.5,19.85,90.0,9,Toys,6,2.9,45,51,97,Smart TV,Debit Card,6.68,31,0,523,271.92,0.3197,Dissatisfied,Bargain Hunter
AMZ-100162,21,Female,Southeast Asia,2016,9,Prime,Silver,15,8013.13,534.21,26.67,4,Beauty,6,5.0,30,17,69,Smart TV,Amazon Pay,52.49,26,4,536,8385.86,0.0294,Neutral,Premium Spender
AMZ-100163,55,Male,Latin America,2018,7,Prime,Silver,4,539.64,134.91,0.0,0,Books,2,2.2,5,9,44,Mobile,Credit Card,56.82,10,1,363,663.56,0.3578,Dissatisfied,Occasional Buyer
AMZ-100164,38,Non-Binary,Latin America,2015,10,Prime,Gold,48,12831.06,267.31,2.08,1,Grocery,3,4.8,33,28,60,Mobile,UPI,27.84,17,1,74,17008.52,0.6209,Satisfied,Premium Spender
AMZ-100165,33,Female,Latin America,2018,7,Prime,Diamond,0,84.14,84.14,0.0,0,Beauty,2,1.9,1,0,2,Smart TV,Cash on Delivery,25.19,27,0,659,93.7,0.837,Neutral,Inactive User
AMZ-100166,52,Non-Binary,Europe,2019,6,Prime,Silver,27,153.95,5.7,11.11,3,Office,9,3.2,45,57,136,Alexa,Debit Card,60.74,35,3,400,212.92,0.7884,Satisfied,Bargain Hunter
AMZ-100167,63,Male,East Asia,2016,9,Prime,Platinum,32,4575.16,142.97,3.12,1,Grocery,6,4.5,13,32,150,Tablet,Credit Card,69.17,7,2,658,6809.67,0.1107,Satisfied,Loyal Shopper
AMZ-100168,39,Male,East Asia,2021,4,Prime,Silver,4,59.9,14.97,25.0,1,Office,9,2.8,18,6,35,Tablet,Credit Card,77.82,2,1,274,84.01,0.018,Satisfied,Occasional Buyer
AMZ-100169,55,Non-Binary,East Asia,2022,3,Prime,Platinum,26,3409.65,131.14,7.69,2,Beauty,5,4.3,35,23,78,Mobile,Debit Card,7.72,29,0,319,4376.58,0.2838,Satisfied,Loyal Shopper
AMZ-100170,21,Male,South Asia,2023,2,Non-Prime,Silver,33,3313.1,100.4,6.06,2,Books,4,3.9,27,39,137,Alexa,Debit Card,68.18,21,0,631,3620.11,0.079,Satisfied,Loyal Shopper
AMZ-100171,38,Female,Europe,2016,9,Prime,Platinum,43,13057.83,303.67,6.98,3,Sports,5,3.6,4,15,74,Tablet,Cash on Delivery,20.18,36,2,683,13808.22,0.0939,Neutral,Premium Spender
AMZ-100172,64,Male,North America,2021,4,Prime,Gold,4,3.26,0.81,25.0,1,Office,8,2.7,11,4,0,Mobile,Net Banking,72.85,14,0,658,4.71,0.4434,Neutral,Inactive User
AMZ-100173,45,Female,Latin America,2021,4,Prime,Diamond,12,763.68,63.64,16.67,2,Office,4,3.4,21,74,221,Smart TV,Gift Card,62.94,2,3,193,867.38,0.4729,Satisfied,Bargain Hunter
AMZ-100174,29,Non-Binary,North America,2015,10,Prime,Diamond,9,328.45,36.49,11.11,1,Books,6,3.3,25,18,31,Tablet,Net Banking,72.59,18,3,361,488.0,0.3313,Neutral,Occasional Buyer
AMZ-100175,66,Non-Binary,Latin America,2022,3,Prime,Silver,0,62.25,62.25,100.0,1,Home & Kitchen,6,1.9,48,3,12,Smart TV,UPI,0.61,7,2,403,65.61,0.3389,Very Dissatisfied,Inactive User
AMZ-100176,26,Male,Europe,2023,2,Prime,Gold,25,406.98,16.28,12.0,3,Sports,8,2.9,36,73,196,Tablet,Amazon Pay,22.76,16,4,570,510.23,0.8742,Neutral,Bargain Hunter
AMZ-100177,57,Female,Latin America,2015,10,Prime,Gold,17,572.79,33.69,23.53,4,Clothing,3,2.6,11,65,166,Smart TV,UPI,70.58,11,4,239,657.77,0.7184,Neutral,Bargain Hunter
AMZ-100178,66,Male,Southeast Asia,2021,4,Non-Prime,Silver,47,4249.03,90.4,4.26,2,Toys,4,3.5,17,32,105,Mobile,Gift Card,20.54,3,0,638,5656.87,0.0923,Satisfied,Loyal Shopper
AMZ-100179,56,Non-Binary,Southeast Asia,2023,2,Non-Prime,Diamond,19,393.26,20.7,10.53,2,Toys,2,4.0,28,34,165,Tablet,Credit Card,54.29,1,2,265,492.0,0.1389,Satisfied,Bargain Hunter
AMZ-100180,46,Female,South Asia,2016,9,Non-Prime,Diamond,23,10350.88,450.04,13.04,3,Beauty,6,4.7,2,25,109,Mobile,Gift Card,42.72,39,1,80,13947.2,0.5325,Satisfied,Premium Spender
AMZ-100181,48,Female,Middle East,2015,10,Prime,Silver,15,440.2,29.35,20.0,3,Toys,9,3.7,22,81,190,Tablet,Net Banking,65.34,37,3,276,592.62,0.4299,Neutral,Bargain Hunter
AMZ-100182,49,Female,East Asia,2016,9,Prime,Silver,3,92.69,30.9,33.33,1,Grocery,3,3.1,2,12,39,Mobile,UPI,68.6,14,0,62,97.27,0.8897,Neutral,Occasional Buyer
AMZ-100183,45,Female,Europe,2022,3,Non-Prime,Gold,1,37.01,37.01,100.0,1,Home & Kitchen,5,1.1,6,1,0,Mobile,Debit Card,11.41,0,0,558,39.87,0.0254,Dissatisfied,Inactive User
AMZ-100184,66,Male,Middle East,2015,10,Prime,Silver,12,258.4,21.53,16.67,2,Clothing,6,2.0,4,11,40,Smart TV,Gift Card,42.49,11,0,30,347.33,0.1406,Neutral,Occasional Buyer
AMZ-100185,43,Female,Latin America,2018,7,Non-Prime,Platinum,4,22.85,5.71,0.0,0,Beauty,6,3.0,42,4,10,Desktop,Gift Card,31.04,5,2,124,28.09,0.2892,Neutral,Inactive User
AMZ-100186,23,Female,Latin America,2021,4,Prime,Platinum,9,684.84,76.09,55.56,5,Office,4,3.2,17,54,190,Mobile,Amazon Pay,66.14,28,4,58,1013.95,0.3895,Satisfied,Bargain Hunter
AMZ-100187,30,Female,Southeast Asia,2015,10,Prime,Silver,4,97.07,24.27,0.0,0,Electronics,2,2.5,44,0,4,Tablet,Cash on Delivery,60.95,22,2,553,137.2,0.709,Dissatisfied,Inactive User
AMZ-100188,21,Non-Binary,East Asia,2021,4,Prime,Diamond,10,81.71,8.17,30.0,3,Automotive,3,2.7,0,12,30,Alexa,UPI,46.44,23,4,482,87.86,0.8168,Neutral,Occasional Buyer
AMZ-100189,54,Non-Binary,Latin America,2017,8,Prime,Platinum,8,381.25,47.66,62.5,5,Office,7,4.5,20,43,171,Smart TV,UPI,11.84,4,0,612,484.76,0.2277,Satisfied,Bargain Hunter
AMZ-100190,38,Female,North America,2020,5,Prime,Silver,46,4619.71,100.43,0.0,0,Grocery,6,4.6,10,21,106,Desktop,Credit Card,43.95,4,0,183,5256.69,0.8771,Very Satisfied,Loyal Shopper
AMZ-100191,53,Female,Middle East,2020,5,Non-Prime,Gold,31,4872.35,157.17,3.23,1,Beauty,6,4.9,10,41,107,Tablet,Amazon Pay,16.26,23,2,714,7110.55,0.3623,Satisfied,Loyal Shopper
AMZ-100192,24,Female,Latin America,2018,7,Non-Prime,Silver,31,13386.93,431.84,3.23,1,Beauty,3,5.0,47,19,90,Mobile,Amazon Pay,79.69,7,3,336,19056.09,0.8931,Neutral,Premium Spender
AMZ-100193,33,Non-Binary,Southeast Asia,2021,4,Prime,Platinum,23,318.33,13.84,26.09,6,Office,2,3.0,31,66,102,Desktop,Amazon Pay,74.34,21,2,565,402.25,0.6325,Dissatisfied,Bargain Hunter
AMZ-100194,47,Non-Binary,South Asia,2023,2,Prime,Platinum,25,351.1,14.04,36.0,9,Toys,3,4.1,18,75,124,Desktop,UPI,16.05,25,0,487,402.82,0.0143,Dissatisfied,Bargain Hunter
AMZ-100195,25,Non-Binary,Southeast Asia,2022,3,Non-Prime,Platinum,5,339.25,67.85,160.0,8,Clothing,5,3.8,8,32,126,Alexa,Credit Card,61.29,35,2,193,356.96,0.3991,Satisfied,Bargain Hunter
AMZ-100196,62,Female,North America,2016,9,Prime,Platinum,48,3931.79,81.91,4.17,2,Clothing,3,3.8,37,7,111,Desktop,Amazon Pay,23.97,39,0,374,5587.22,0.2422,Very Satisfied,Premium Spender
AMZ-100197,25,Male,South Asia,2017,8,Prime,Silver,16,3874.82,242.18,18.75,3,Sports,7,3.8,13,11,73,Mobile,UPI,12.19,26,4,230,4797.87,0.226,Satisfied,Premium Spender
AMZ-100198,39,Non-Binary,North America,2023,2,Non-Prime,Platinum,0,21.93,21.93,0.0,0,Office,1,1.1,22,0,18,Desktop,UPI,69.35,9,1,483,28.78,0.0718,Neutral,Inactive User
AMZ-100199,47,Male,South Asia,2020,5,Non-Prime,Gold,46,9315.34,202.51,6.52,3,Automotive,4,3.9,12,28,92,Mobile,Gift Card,73.34,7,1,11,11628.78,0.2843,Satisfied,Premium Spender
AMZ-100200,48,Non-Binary,South Asia,2023,2,Prime,Platinum,2,503.08,251.54,0.0,0,Automotive,1,3.4,28,17,21,Desktop,UPI,3.75,31,0,342,649.79,0.467,Satisfied,Occasional Buyer
AMZ-100201,18,Female,East Asia,2023,2,Prime,Platinum,25,1836.66,73.47,0.0,0,Office,3,4.6,8,20,87,Smart TV,Gift Card,67.42,3,3,140,2224.55,0.3773,Satisfied,Loyal Shopper
AMZ-100202,27,Non-Binary,Middle East,2023,2,Prime,Gold,8,580.24,72.53,12.5,1,Home & Kitchen,7,2.2,20,1,32,Alexa,Debit Card,57.04,12,4,535,801.03,0.9508,Dissatisfied,Occasional Buyer
AMZ-100203,59,Non-Binary,Southeast Asia,2019,6,Prime,Silver,9,213.93,23.77,22.22,2,Grocery,1,2.2,36,12,28,Mobile,Amazon Pay,39.89,38,3,552,264.84,0.111,Neutral,Occasional Buyer
AMZ-100204,48,Female,Southeast Asia,2018,7,Non-Prime,Gold,18,639.55,35.53,44.44,8,Toys,2,2.5,15,32,102,Mobile,Debit Card,29.69,37,2,99,856.3,0.6078,Neutral,Bargain Hunter
AMZ-100205,61,Male,Southeast Asia,2020,5,Prime,Diamond,48,7736.81,161.18,6.25,3,Grocery,5,4.9,27,7,57,Tablet,Debit Card,57.06,0,3,532,8848.63,0.3678,Neutral,Premium Spender
AMZ-100206,55,Female,South Asia,2019,6,Prime,Platinum,24,9525.67,396.9,4.17,1,Books,8,3.2,1,17,85,Tablet,Cash on Delivery,1.55,35,1,674,11873.1,0.4043,Satisfied,Premium Spender
AMZ-100207,43,Male,Europe,2018,7,Prime,Gold,36,4605.48,127.93,0.0,0,Automotive,6,3.9,0,34,102,Smart TV,UPI,24.95,27,0,103,4908.33,0.8571,Very Satisfied,Loyal Shopper
AMZ-100208,42,Male,Europe,2019,6,Prime,Gold,26,111.86,4.3,26.92,7,Grocery,1,4.0,6,26,223,Alexa,UPI,27.85,11,2,372,148.02,0.9742,Neutral,Bargain Hunter
AMZ-100209,21,Female,South Asia,2020,5,Prime,Silver,23,9563.56,415.81,0.0,0,Electronics,8,4.7,2,17,111,Desktop,Gift Card,56.81,28,1,225,11878.31,0.7474,Satisfied,Premium Spender
AMZ-100210,28,Male,North America,2016,9,Prime,Silver,3,5.78,1.93,0.0,0,Grocery,6,2.9,40,3,4,Alexa,Debit Card,16.4,25,3,198,6.19,0.6224,Very Dissatisfied,Inactive User
AMZ-100211,21,Female,North America,2022,3,Non-Prime,Platinum,29,2123.62,73.23,0.0,0,Home & Kitchen,1,3.9,48,17,112,Alexa,Gift Card,75.79,37,3,568,3068.78,0.7077,Satisfied,Loyal Shopper
AMZ-100212,55,Non-Binary,Europe,2016,9,Prime,Silver,69,3698.41,53.6,0.0,0,Toys,2,4.9,14,42,134,Smart TV,Credit Card,28.34,20,4,389,4206.39,0.807,Very Satisfied,Loyal Shopper
AMZ-100213,34,Female,Latin America,2015,10,Prime,Platinum,32,9562.32,298.82,6.25,2,Books,2,3.4,10,12,45,Tablet,Debit Card,31.35,5,0,271,12605.71,0.4982,Neutral,Premium Spender
AMZ-100214,42,Non-Binary,East Asia,2019,6,Prime,Gold,28,598.21,21.36,7.14,2,Electronics,2,4.5,18,30,165,Tablet,UPI,14.09,37,1,153,602.45,0.8294,Dissatisfied,Bargain Hunter
AMZ-100215,51,Male,East Asia,2016,9,Non-Prime,Diamond,13,549.34,42.26,15.38,2,Automotive,7,3.9,7,16,52,Desktop,Cash on Delivery,12.93,7,3,494,613.07,0.4582,Satisfied,Occasional Buyer
AMZ-100216,54,Non-Binary,East Asia,2023,2,Prime,Silver,36,1483.34,41.2,2.78,1,Sports,4,4.3,36,31,152,Desktop,Credit Card,30.16,27,1,254,1953.83,0.2221,Very Satisfied,Loyal Shopper
AMZ-100217,46,Female,Europe,2023,2,Non-Prime,Diamond,79,1547.13,19.58,2.53,2,Grocery,3,4.3,43,46,81,Smart TV,Amazon Pay,52.99,9,3,264,1666.11,0.9901,Very Satisfied,Loyal Shopper
AMZ-100218,37,Male,Europe,2018,7,Prime,Silver,6,795.28,132.55,100.0,6,Beauty,5,2.6,29,86,160,Tablet,Credit Card,73.47,38,2,717,1042.63,0.9924,Dissatisfied,Bargain Hunter
AMZ-100219,43,Female,Latin America,2015,10,Prime,Diamond,13,360.24,27.71,23.08,3,Beauty,4,2.7,22,18,10,Desktop,Gift Card,40.48,10,0,104,401.43,0.9563,Dissatisfied,Occasional Buyer
AMZ-100220,68,Non-Binary,Europe,2022,3,Prime,Diamond,36,13401.24,372.26,11.11,4,Books,5,3.6,34,9,107,Smart TV,UPI,26.11,18,4,699,16283.2,0.9038,Neutral,Premium Spender
AMZ-100221,69,Female,North America,2016,9,Prime,Platinum,45,4548.74,101.08,4.44,2,Sports,8,4.1,40,29,165,Tablet,Gift Card,23.66,38,3,493,4710.58,0.069,Satisfied,Loyal Shopper
AMZ-100222,51,Female,South Asia,2018,7,Non-Prime,Diamond,2,50.69,25.34,50.0,1,Beauty,8,1.8,23,4,7,Smart TV,Credit Card,52.37,2,1,432,64.35,0.2825,Neutral,Inactive User
AMZ-100223,27,Female,Europe,2019,6,Non-Prime,Silver,7,562.06,80.29,0.0,0,Books,8,2.8,6,6,50,Smart TV,Amazon Pay,16.29,20,4,211,626.81,0.0015,Satisfied,Occasional Buyer
AMZ-100224,30,Non-Binary,South Asia,2019,6,Prime,Gold,3,96.68,32.23,0.0,0,Office,7,1.4,49,0,3,Smart TV,Credit Card,71.68,36,0,111,136.16,0.1816,Neutral,Inactive User
AMZ-100225,71,Male,East Asia,2019,6,Non-Prime,Platinum,67,4588.15,68.48,2.99,2,Beauty,5,4.7,7,31,75,Smart TV,UPI,52.88,30,1,201,4635.57,0.269,Very Satisfied,Loyal Shopper
AMZ-100226,64,Male,Latin America,2018,7,Prime,Platinum,13,288.19,22.17,53.85,7,Beauty,9,3.8,20,87,106,Smart TV,Cash on Delivery,44.81,0,0,562,341.4,0.9329,Dissatisfied,Bargain Hunter
AMZ-100227,64,Male,Middle East,2015,10,Prime,Diamond,28,211.32,7.55,28.57,8,Beauty,7,2.9,38,89,212,Tablet,Debit Card,68.04,16,1,680,231.95,0.3453,Dissatisfied,Bargain Hunter
AMZ-100228,18,Non-Binary,South Asia,2021,4,Prime,Diamond,10,565.6,56.56,20.0,2,Grocery,1,2.8,2,68,152,Mobile,Amazon Pay,38.6,35,3,368,572.72,0.839,Neutral,Bargain Hunter
AMZ-100229,50,Female,South Asia,2020,5,Non-Prime,Platinum,8,488.65,61.08,12.5,1,Automotive,1,3.2,39,19,13,Desktop,Credit Card,4.13,0,4,282,606.48,0.1185,Satisfied,Occasional Buyer
AMZ-100230,37,Female,South Asia,2023,2,Non-Prime,Diamond,67,4160.01,62.09,2.99,2,Books,4,4.3,43,19,102,Tablet,Net Banking,23.2,21,2,312,5817.11,0.2505,Very Satisfied,Loyal Shopper
AMZ-100231,69,Male,Middle East,2016,9,Non-Prime,Platinum,8,564.41,70.55,25.0,2,Sports,8,3.7,32,19,28,Desktop,Net Banking,43.91,10,4,282,680.58,0.935,Satisfied,Occasional Buyer
AMZ-100232,65,Non-Binary,South Asia,2016,9,Prime,Gold,24,3877.34,161.56,4.17,1,Clothing,9,4.1,18,42,179,Desktop,Cash on Delivery,54.2,1,3,288,5121.45,0.6715,Satisfied,Loyal Shopper
AMZ-100233,27,Female,Middle East,2016,9,Non-Prime,Platinum,29,4394.29,151.53,13.79,4,Automotive,9,4.6,7,28,59,Alexa,Debit Card,5.4,28,1,16,4620.86,0.5478,Satisfied,Premium Spender
AMZ-100234,44,Male,Europe,2015,10,Prime,Diamond,3,40.36,13.45,33.33,1,Grocery,1,2.5,11,0,19,Smart TV,Cash on Delivery,5.92,2,1,97,50.11,0.2685,Dissatisfied,Inactive User
AMZ-100235,37,Male,South Asia,2020,5,Prime,Silver,38,10881.07,286.34,5.26,2,Automotive,9,4.9,19,11,94,Smart TV,Net Banking,47.92,19,2,366,13891.75,0.6416,Very Satisfied,Premium Spender
AMZ-100236,19,Male,East Asia,2018,7,Non-Prime,Gold,2,37.33,18.66,0.0,0,Clothing,4,2.1,0,0,0,Smart TV,UPI,9.37,24,1,78,41.31,0.9391,Very Dissatisfied,Inactive User
AMZ-100237,66,Non-Binary,South Asia,2015,10,Prime,Gold,25,241.84,9.67,12.0,3,Clothing,4,3.7,6,47,114,Tablet,Net Banking,20.25,35,2,649,290.09,0.8398,Neutral,Bargain Hunter
AMZ-100238,44,Non-Binary,Europe,2016,9,Prime,Platinum,61,3905.51,64.02,1.64,1,Home & Kitchen,6,3.8,49,19,76,Alexa,Amazon Pay,7.41,20,0,366,4410.71,0.4344,Satisfied,Loyal Shopper
AMZ-100239,56,Non-Binary,Middle East,2022,3,Prime,Gold,28,2641.22,94.33,0.0,0,Office,1,5.0,22,29,102,Alexa,Debit Card,4.0,32,0,365,2998.85,0.2476,Satisfied,Loyal Shopper
AMZ-100240,47,Non-Binary,North America,2016,9,Prime,Silver,59,2290.42,38.82,1.69,1,Electronics,7,4.1,9,42,117,Alexa,Amazon Pay,70.8,18,3,442,2614.86,0.7868,Satisfied,Loyal Shopper
AMZ-100241,63,Non-Binary,Latin America,2017,8,Prime,Diamond,22,3390.49,154.11,9.09,2,Grocery,1,4.6,8,17,169,Tablet,Net Banking,16.5,24,0,693,4848.1,0.035,Satisfied,Loyal Shopper
AMZ-100242,67,Male,East Asia,2018,7,Non-Prime,Diamond,11,299.89,27.26,18.18,2,Sports,5,3.3,14,8,47,Smart TV,Credit Card,5.12,33,2,697,303.18,0.301,Dissatisfied,Occasional Buyer
AMZ-100243,31,Female,Southeast Asia,2017,8,Prime,Diamond,11,139.32,12.67,45.45,5,Home & Kitchen,6,3.5,49,74,218,Tablet,UPI,32.7,37,4,644,194.11,0.9425,Neutral,Bargain Hunter
AMZ-100244,18,Non-Binary,Europe,2019,6,Non-Prime,Platinum,69,4503.1,65.26,2.9,2,Toys,4,4.7,11,13,94,Desktop,Cash on Delivery,20.0,22,0,276,6174.95,0.0766,Satisfied,Loyal Shopper
AMZ-100245,63,Non-Binary,North America,2018,7,Prime,Gold,8,484.11,60.51,37.5,3,Automotive,1,2.6,41,5,41,Mobile,Amazon Pay,21.72,15,0,212,702.82,0.0776,Satisfied,Occasional Buyer
AMZ-100246,29,Male,North America,2015,10,Prime,Platinum,49,7186.68,146.67,8.16,4,Toys,7,4.0,15,27,81,Alexa,Gift Card,59.87,21,0,284,8836.7,0.4111,Satisfied,Premium Spender
AMZ-100247,57,Female,Middle East,2021,4,Non-Prime,Platinum,51,3714.59,72.84,3.92,2,Home & Kitchen,5,3.8,1,26,104,Desktop,Gift Card,42.55,17,0,413,3750.12,0.1657,Very Satisfied,Loyal Shopper
AMZ-100248,26,Female,Europe,2016,9,Prime,Silver,1,88.17,88.17,0.0,0,Books,7,1.2,46,3,18,Smart TV,UPI,31.28,18,3,663,115.34,0.5569,Very Dissatisfied,Inactive User
AMZ-100249,46,Male,Middle East,2015,10,Prime,Silver,47,8147.33,173.35,2.13,1,Electronics,2,4.1,33,19,79,Tablet,Gift Card,32.96,0,1,92,10316.57,0.1154,Satisfied,Premium Spender
AMZ-100250,43,Non-Binary,Southeast Asia,2019,6,Prime,Silver,0,49.57,49.57,0.0,0,Books,1,2.9,2,4,16,Smart TV,Debit Card,16.35,38,4,192,50.02,0.7928,Neutral,Inactive User
AMZ-100251,71,Female,East Asia,2023,2,Prime,Platinum,9,420.29,46.7,0.0,0,Electronics,9,2.8,0,16,52,Smart TV,Credit Card,37.2,21,0,498,447.06,0.2855,Satisfied,Occasional Buyer
AMZ-100252,63,Male,Europe,2019,6,Non-Prime,Platinum,4,18.34,4.58,0.0,0,Books,9,2.7,39,2,14,Smart TV,UPI,1.24,1,3,184,25.15,0.8479,Neutral,Inactive User
AMZ-100253,36,Female,East Asia,2017,8,Non-Prime,Silver,32,7505.63,234.55,9.38,3,Clothing,3,4.6,13,14,103,Mobile,Gift Card,29.8,3,2,571,10217.93,0.6567,Very Satisfied,Premium Spender
AMZ-100254,32,Non-Binary,Europe,2016,9,Prime,Gold,11,561.11,51.01,9.09,1,Office,9,2.8,35,9,58,Alexa,Gift Card,61.32,36,4,479,706.44,0.1403,Dissatisfied,Occasional Buyer
AMZ-100255,45,Male,North America,2023,2,Prime,Platinum,4,20.72,5.18,0.0,0,Automotive,6,2.4,28,3,6,Alexa,Gift Card,12.69,15,2,575,28.74,0.8526,Dissatisfied,Inactive User
AMZ-100256,33,Female,Middle East,2020,5,Prime,Gold,72,3456.04,48.0,1.39,1,Toys,8,3.7,39,22,120,Alexa,Net Banking,25.11,39,4,385,4190.19,0.9078,Very Satisfied,Loyal Shopper
AMZ-100257,43,Female,Middle East,2017,8,Non-Prime,Diamond,12,460.16,38.35,8.33,1,Office,7,3.1,17,18,11,Tablet,Gift Card,76.68,37,0,238,606.67,0.7482,Satisfied,Occasional Buyer
AMZ-100258,24,Female,Latin America,2018,7,Prime,Diamond,5,470.11,94.02,120.0,6,Office,6,4.2,9,32,211,Tablet,Cash on Delivery,52.96,14,3,479,648.95,0.1877,Satisfied,Bargain Hunter
AMZ-100259,54,Female,Europe,2015,10,Non-Prime,Gold,24,641.56,26.73,8.33,2,Electronics,6,4.0,5,27,117,Alexa,Gift Card,33.22,31,2,590,820.34,0.039,Dissatisfied,Bargain Hunter
AMZ-100260,57,Male,East Asia,2021,4,Non-Prime,Gold,69,4091.84,59.3,1.45,1,Electronics,6,4.1,17,49,118,Alexa,Net Banking,67.59,10,0,181,5537.97,0.9673,Satisfied,Loyal Shopper
AMZ-100261,62,Male,Southeast Asia,2017,8,Prime,Diamond,24,732.17,30.51,16.67,4,Clothing,3,4.4,30,93,150,Smart TV,Net Banking,3.23,12,0,458,864.12,0.7837,Neutral,Bargain Hunter
AMZ-100262,48,Non-Binary,East Asia,2020,5,Non-Prime,Diamond,30,857.53,28.58,0.0,0,Electronics,8,3.6,49,31,94,Desktop,UPI,56.49,35,2,441,1099.09,0.6246,Satisfied,Loyal Shopper
AMZ-100263,27,Non-Binary,Southeast Asia,2016,9,Non-Prime,Diamond,40,2489.81,62.25,0.0,0,Beauty,9,4.1,19,28,88,Desktop,Gift Card,45.56,22,2,621,2952.27,0.6185,Satisfied,Loyal Shopper
AMZ-100264,55,Non-Binary,Europe,2018,7,Non-Prime,Platinum,2,46.93,23.46,50.0,1,Office,9,1.9,13,0,3,Smart TV,Debit Card,4.27,10,4,154,62.83,0.3731,Very Dissatisfied,Inactive User
AMZ-100265,71,Non-Binary,Europe,2023,2,Prime,Platinum,42,4685.2,111.55,4.76,2,Sports,6,4.4,18,34,100,Desktop,Net Banking,59.82,6,3,192,5105.36,0.7051,Satisfied,Loyal Shopper
AMZ-100266,60,Female,Europe,2015,10,Non-Prime,Platinum,36,9956.71,276.58,2.78,1,Sports,8,3.9,19,22,59,Mobile,UPI,76.87,2,3,183,14703.75,0.8816,Neutral,Premium Spender
AMZ-100267,60,Female,East Asia,2022,3,Prime,Gold,1,57.26,57.26,100.0,1,Sports,6,1.6,19,3,10,Mobile,Amazon Pay,2.54,39,1,720,74.63,0.881,Very Dissatisfied,Inactive User
AMZ-100268,65,Female,Latin America,2022,3,Prime,Diamond,20,583.48,29.17,45.0,9,Home & Kitchen,5,3.7,22,78,134,Desktop,Cash on Delivery,22.92,8,2,178,592.24,0.8974,Satisfied,Bargain Hunter
AMZ-100269,70,Non-Binary,Latin America,2021,4,Prime,Gold,0,46.5,46.5,100.0,1,Books,7,2.7,11,3,13,Alexa,Net Banking,65.36,29,4,493,55.47,0.071,Very Dissatisfied,Inactive User
AMZ-100270,32,Male,North America,2018,7,Non-Prime,Gold,3,16.81,5.6,33.33,1,Home & Kitchen,5,1.9,19,1,5,Mobile,Credit Card,77.85,39,3,55,18.12,0.2073,Dissatisfied,Inactive User
AMZ-100271,30,Non-Binary,Southeast Asia,2018,7,Prime,Gold,22,5636.48,256.2,4.55,1,Electronics,4,3.0,36,21,78,Alexa,Debit Card,13.61,3,1,165,8073.3,0.1549,Neutral,Premium Spender
AMZ-100272,27,Female,Southeast Asia,2020,5,Non-Prime,Gold,37,4183.0,113.05,5.41,2,Sports,8,4.7,45,9,85,Tablet,Amazon Pay,24.94,22,0,64,5144.22,0.3065,Very Satisfied,Premium Spender
AMZ-100273,65,Non-Binary,Middle East,2023,2,Prime,Silver,29,600.63,20.71,10.34,3,Clothing,2,3.1,11,41,98,Smart TV,Cash on Delivery,62.16,14,1,270,614.13,0.1264,Neutral,Bargain Hunter
AMZ-100274,30,Female,East Asia,2016,9,Prime,Gold,32,4955.69,154.87,3.12,1,Sports,9,4.8,11,30,150,Mobile,Credit Card,38.65,18,3,326,5245.63,0.7997,Very Satisfied,Loyal Shopper
AMZ-100275,66,Non-Binary,North America,2015,10,Prime,Platinum,7,434.19,62.03,42.86,3,Automotive,5,2.8,5,13,49,Alexa,UPI,45.42,25,3,550,636.59,0.7416,Satisfied,Occasional Buyer
AMZ-100276,25,Non-Binary,Southeast Asia,2020,5,Prime,Gold,42,4983.63,118.66,4.76,2,Books,7,4.7,7,26,119,Tablet,Debit Card,29.69,5,2,386,7211.28,0.3375,Satisfied,Premium Spender
AMZ-100277,56,Female,Latin America,2018,7,Prime,Silver,45,9878.68,219.53,6.67,3,Beauty,6,3.7,3,25,80,Tablet,UPI,0.05,19,3,716,11024.88,0.2654,Very Satisfied,Premium Spender
AMZ-100278,63,Non-Binary,East Asia,2021,4,Non-Prime,Diamond,20,2275.12,113.76,5.0,1,Toys,8,3.6,7,36,131,Alexa,Amazon Pay,73.96,12,4,496,3153.9,0.7025,Very Satisfied,Loyal Shopper
AMZ-100279,46,Non-Binary,North America,2016,9,Prime,Gold,27,441.09,16.34,7.41,2,Automotive,2,3.4,12,32,119,Tablet,Debit Card,53.95,29,4,623,516.17,0.5106,Satisfied,Bargain Hunter
AMZ-100280,69,Female,South Asia,2015,10,Prime,Platinum,24,569.02,23.71,20.83,5,Beauty,9,3.4,46,71,142,Tablet,UPI,12.85,34,2,97,630.33,0.336,Satisfied,Bargain Hunter
AMZ-100281,60,Female,Latin America,2015,10,Prime,Gold,3,72.46,24.15,0.0,0,Electronics,8,1.2,41,2,7,Mobile,Gift Card,31.37,10,2,272,80.1,0.5565,Dissatisfied,Inactive User
AMZ-100282,54,Female,Latin America,2020,5,Non-Prime,Platinum,5,361.18,72.24,20.0,1,Books,3,3.9,7,18,31,Tablet,Amazon Pay,62.02,34,2,138,414.01,0.3322,Neutral,Occasional Buyer
AMZ-100283,55,Male,South Asia,2022,3,Prime,Gold,1,66.79,66.79,100.0,1,Automotive,2,2.9,37,2,16,Alexa,Amazon Pay,75.77,3,1,176,76.19,0.9634,Dissatisfied,Inactive User
AMZ-100284,45,Non-Binary,Southeast Asia,2022,3,Non-Prime,Gold,46,9516.26,206.88,6.52,3,Home & Kitchen,1,3.7,41,7,97,Alexa,Cash on Delivery,27.47,39,0,446,14202.28,0.939,Very Satisfied,Premium Spender
AMZ-100285,29,Female,Middle East,2022,3,Non-Prime,Platinum,22,750.04,34.09,9.09,2,Books,8,2.6,13,35,200,Alexa,Credit Card,35.9,33,2,249,751.93,0.0601,Dissatisfied,Bargain Hunter
AMZ-100286,20,Non-Binary,South Asia,2019,6,Non-Prime,Gold,13,625.82,48.14,23.08,3,Clothing,1,4.0,14,43,156,Tablet,Cash on Delivery,36.99,25,1,350,737.46,0.7575,Dissatisfied,Bargain Hunter
AMZ-100287,42,Male,Latin America,2019,6,Prime,Diamond,3,31.39,10.46,0.0,0,Books,4,2.4,48,2,1,Alexa,Gift Card,65.8,20,4,480,33.23,0.6822,Very Dissatisfied,Inactive User
AMZ-100288,66,Male,Middle East,2020,5,Prime,Diamond,18,517.26,28.74,33.33,6,Office,7,3.4,3,24,210,Mobile,UPI,46.51,20,3,725,652.56,0.6997,Satisfied,Bargain Hunter
AMZ-100289,54,Female,Latin America,2019,6,Prime,Diamond,24,6921.54,288.4,8.33,2,Sports,8,3.0,44,9,100,Mobile,Net Banking,46.81,4,0,570,8980.17,0.7389,Very Satisfied,Premium Spender
AMZ-100290,71,Male,Southeast Asia,2022,3,Prime,Silver,79,3391.16,42.93,2.53,2,Grocery,9,4.8,38,22,149,Mobile,Credit Card,77.58,20,1,246,3587.34,0.0273,Very Satisfied,Loyal Shopper
AMZ-100291,59,Female,Southeast Asia,2020,5,Prime,Gold,15,8495.15,566.34,0.0,0,Toys,5,3.5,14,29,104,Tablet,Gift Card,65.66,37,2,207,10035.15,0.8057,Satisfied,Premium Spender
AMZ-100292,52,Female,North America,2020,5,Non-Prime,Gold,31,9687.73,312.51,0.0,0,Beauty,8,3.3,14,17,117,Mobile,Debit Card,65.89,26,4,414,11156.81,0.9326,Neutral,Premium Spender
AMZ-100293,43,Non-Binary,South Asia,2019,6,Non-Prime,Gold,4,93.37,23.34,0.0,0,Electronics,4,2.4,5,1,1,Mobile,Amazon Pay,12.9,17,3,248,126.74,0.0685,Very Dissatisfied,Inactive User
AMZ-100294,36,Non-Binary,Middle East,2017,8,Prime,Diamond,29,10353.55,357.02,10.34,3,Home & Kitchen,4,4.9,35,21,74,Desktop,Gift Card,54.51,39,4,380,12286.86,0.2553,Very Satisfied,Premium Spender
AMZ-100295,57,Female,South Asia,2018,7,Non-Prime,Silver,1,294.26,294.26,100.0,1,Electronics,4,3.5,44,5,23,Smart TV,UPI,17.61,31,4,193,376.22,0.2314,Neutral,Occasional Buyer
AMZ-100296,24,Male,North America,2022,3,Prime,Silver,28,778.07,27.79,28.57,8,Automotive,8,3.0,43,85,134,Alexa,Net Banking,73.31,15,2,457,900.55,0.0431,Neutral,Bargain Hunter
AMZ-100297,22,Non-Binary,North America,2021,4,Prime,Diamond,25,399.92,16.0,16.0,4,Home & Kitchen,6,4.0,45,64,215,Alexa,Debit Card,8.61,28,1,145,449.81,0.5475,Neutral,Bargain Hunter
AMZ-100298,59,Non-Binary,Europe,2017,8,Prime,Platinum,13,315.93,24.3,69.23,9,Office,1,3.6,31,82,209,Alexa,Cash on Delivery,77.26,3,0,415,421.94,0.8054,Neutral,Bargain Hunter
AMZ-100299,26,Female,South Asia,2017,8,Non-Prime,Gold,6,122.82,20.47,33.33,2,Toys,7,2.8,13,13,20,Tablet,Amazon Pay,55.04,8,1,82,177.3,0.4198,Neutral,Occasional Buyer
AMZ-100300,63,Non-Binary,Latin America,2023,2,Prime,Diamond,24,482.52,20.11,20.83,5,Grocery,7,3.3,40,44,201,Smart TV,Credit Card,4.19,34,3,47,521.85,0.2338,Dissatisfied,Bargain Hunter
AMZ-100301,59,Non-Binary,Southeast Asia,2023,2,Non-Prime,Platinum,11,506.58,46.05,18.18,2,Toys,2,3.9,10,2,26,Smart TV,Debit Card,33.6,17,2,186,654.31,0.0113,Satisfied,Occasional Buyer
AMZ-100302,56,Male,East Asia,2018,7,Non-Prime,Diamond,12,222.54,18.54,8.33,1,Home & Kitchen,6,2.5,1,13,21,Desktop,Amazon Pay,4.95,26,2,590,252.75,0.9042,Dissatisfied,Occasional Buyer
AMZ-100303,53,Male,Middle East,2015,10,Prime,Diamond,66,2955.37,44.78,0.0,0,Grocery,5,3.8,7,26,102,Alexa,Debit Card,74.43,15,3,629,3454.02,0.8707,Satisfied,Loyal Shopper
AMZ-100304,32,Female,South Asia,2017,8,Prime,Silver,44,6356.95,144.48,9.09,4,Automotive,4,3.7,46,9,91,Tablet,Credit Card,42.4,18,4,617,7019.94,0.2964,Satisfied,Premium Spender
AMZ-100305,49,Male,North America,2020,5,Prime,Diamond,3,54.74,18.25,0.0,0,Office,2,2.5,4,1,3,Alexa,Credit Card,66.19,29,4,470,76.71,0.2465,Neutral,Inactive User
AMZ-100306,56,Non-Binary,Latin America,2023,2,Non-Prime,Gold,26,281.88,10.84,19.23,5,Automotive,3,4.3,18,55,200,Desktop,Cash on Delivery,51.85,14,0,147,376.75,0.8244,Neutral,Bargain Hunter
AMZ-100307,30,Male,South Asia,2016,9,Prime,Silver,2,74.91,37.45,100.0,2,Automotive,9,3.3,41,4,46,Desktop,Net Banking,40.37,3,2,489,104.64,0.6594,Dissatisfied,Occasional Buyer
AMZ-100308,27,Male,Southeast Asia,2018,7,Prime,Platinum,0,50.71,50.71,0.0,0,Sports,2,2.3,1,2,1,Smart TV,Gift Card,26.42,16,4,106,57.78,0.1292,Neutral,Inactive User
AMZ-100309,28,Female,Europe,2015,10,Prime,Platinum,4,77.95,19.49,25.0,1,Grocery,1,1.0,46,0,11,Smart TV,Gift Card,16.83,6,1,617,111.69,0.1028,Neutral,Inactive User
AMZ-100310,71,Female,East Asia,2015,10,Prime,Gold,15,785.41,52.36,40.0,6,Beauty,2,3.8,48,86,101,Tablet,Gift Card,54.6,29,3,677,841.72,0.0184,Dissatisfied,Bargain Hunter
AMZ-100311,71,Male,Latin America,2019,6,Prime,Silver,14,584.65,41.76,42.86,6,Sports,6,3.0,19,61,194,Alexa,UPI,56.11,26,0,335,684.43,0.4785,Dissatisfied,Bargain Hunter
AMZ-100312,51,Female,Europe,2023,2,Prime,Gold,1,41.14,41.14,100.0,1,Beauty,4,1.3,38,1,8,Desktop,Gift Card,50.51,0,2,635,56.04,0.4926,Neutral,Inactive User
AMZ-100313,45,Female,Middle East,2019,6,Non-Prime,Platinum,1,66.38,66.38,0.0,0,Sports,4,2.9,38,3,14,Smart TV,Net Banking,40.02,9,4,657,70.61,0.8002,Dissatisfied,Inactive User
AMZ-100314,42,Male,Latin America,2018,7,Prime,Gold,26,4808.25,184.93,15.38,4,Clothing,1,4.7,44,26,75,Alexa,Gift Card,54.37,17,2,662,4810.92,0.272,Neutral,Premium Spender
AMZ-100315,29,Non-Binary,North America,2020,5,Prime,Silver,78,4682.01,60.03,2.56,2,Electronics,1,4.0,44,48,137,Smart TV,Debit Card,66.98,6,3,400,6628.6,0.9184,Very Satisfied,Loyal Shopper
AMZ-100316,70,Non-Binary,South Asia,2015,10,Prime,Gold,53,2136.7,40.32,3.77,2,Grocery,3,4.8,16,23,163,Smart TV,Amazon Pay,44.35,22,4,250,3016.6,0.8988,Very Satisfied,Loyal Shopper
AMZ-100317,18,Non-Binary,Latin America,2021,4,Non-Prime,Diamond,10,668.58,66.86,30.0,3,Automotive,4,3.3,43,91,158,Mobile,Credit Card,7.73,10,2,53,960.62,0.9956,Dissatisfied,Bargain Hunter
AMZ-100318,46,Female,North America,2016,9,Prime,Platinum,2,81.25,40.62,0.0,0,Grocery,4,1.7,5,0,0,Tablet,Credit Card,47.38,32,2,187,86.46,0.5785,Neutral,Inactive User
AMZ-100319,36,Non-Binary,Southeast Asia,2020,5,Prime,Silver,3,57.26,19.09,0.0,0,Books,6,1.5,26,2,3,Alexa,Debit Card,49.53,12,4,187,79.23,0.3075,Neutral,Inactive User
AMZ-100320,43,Non-Binary,Middle East,2017,8,Prime,Platinum,66,3391.84,51.39,3.03,2,Sports,7,4.8,42,17,131,Smart TV,Credit Card,22.23,8,3,439,3488.55,0.1055,Very Satisfied,Loyal Shopper
AMZ-100321,51,Female,Middle East,2020,5,Prime,Gold,12,310.79,25.9,16.67,2,Sports,3,2.1,5,10,35,Mobile,Net Banking,20.18,37,0,219,450.32,0.8099,Dissatisfied,Occasional Buyer
AMZ-100322,42,Female,Southeast Asia,2018,7,Prime,Diamond,24,611.16,25.46,16.67,4,Electronics,6,3.2,45,80,192,Mobile,Net Banking,26.98,36,4,599,893.55,0.9752,Neutral,Bargain Hunter
AMZ-100323,58,Female,East Asia,2020,5,Prime,Platinum,73,2072.67,28.39,2.74,2,Office,7,4.9,44,16,155,Mobile,UPI,9.64,27,2,366,2430.85,0.8158,Very Satisfied,Loyal Shopper
AMZ-100324,33,Male,East Asia,2017,8,Non-Prime,Diamond,23,153.71,6.68,17.39,4,Sports,4,2.8,28,36,119,Mobile,Credit Card,69.81,24,2,357,183.47,0.6597,Neutral,Bargain Hunter
AMZ-100325,39,Non-Binary,Latin America,2021,4,Prime,Gold,6,406.53,67.75,33.33,2,Beauty,1,2.1,17,10,34,Mobile,Debit Card,15.81,9,1,440,528.86,0.5817,Satisfied,Occasional Buyer
AMZ-100326,21,Non-Binary,East Asia,2015,10,Prime,Silver,2,33.81,16.91,0.0,0,Sports,6,1.3,25,3,1,Desktop,UPI,17.19,6,1,456,35.48,0.1165,Dissatisfied,Inactive User
AMZ-100327,35,Non-Binary,Middle East,2023,2,Prime,Diamond,43,4172.65,97.04,4.65,2,Clothing,3,4.3,46,36,102,Mobile,UPI,69.6,30,3,420,4340.84,0.9396,Satisfied,Loyal Shopper
AMZ-100328,61,Male,Southeast Asia,2016,9,Prime,Silver,10,308.45,30.84,10.0,1,Beauty,4,3.0,17,11,39,Alexa,Cash on Delivery,24.56,6,4,256,358.28,0.9877,Neutral,Occasional Buyer
AMZ-100329,48,Female,East Asia,2016,9,Prime,Silver,1,17.72,17.72,100.0,1,Sports,5,2.4,29,4,18,Smart TV,Gift Card,53.78,32,1,228,24.68,0.6179,Neutral,Inactive User
AMZ-100330,32,Non-Binary,Southeast Asia,2019,6,Prime,Gold,58,4926.59,84.94,3.45,2,Office,2,3.6,38,42,88,Smart TV,Credit Card,30.48,17,2,134,7149.48,0.3832,Satisfied,Loyal Shopper
AMZ-100331,21,Male,Latin America,2016,9,Prime,Silver,4,90.55,22.64,0.0,0,Sports,1,2.7,33,3,10,Desktop,Gift Card,63.98,21,1,171,132.9,0.4661,Very Dissatisfied,Inactive User
AMZ-100332,66,Female,Europe,2017,8,Prime,Silver,74,3313.96,44.78,2.7,2,Electronics,9,4.1,44,48,73,Tablet,Gift Card,65.57,4,4,553,3783.49,0.8372,Satisfied,Loyal Shopper
AMZ-100333,27,Male,South Asia,2017,8,Prime,Gold,11,416.59,37.87,0.0,0,Toys,3,2.2,5,3,56,Smart TV,UPI,30.81,37,4,348,517.26,0.3828,Dissatisfied,Occasional Buyer
AMZ-100334,40,Female,North America,2022,3,Prime,Silver,1,14.53,14.53,0.0,0,Beauty,3,2.0,47,4,2,Alexa,Credit Card,16.15,13,4,326,15.24,0.0441,Neutral,Inactive User
AMZ-100335,66,Female,East Asia,2022,3,Prime,Silver,0,90.28,90.28,100.0,1,Sports,9,2.0,49,1,0,Smart TV,Gift Card,13.59,16,3,665,124.44,0.6806,Neutral,Inactive User
AMZ-100336,45,Non-Binary,South Asia,2016,9,Non-Prime,Gold,8,350.7,43.84,100.0,8,Toys,3,4.5,26,37,114,Desktop,Debit Card,61.28,8,3,480,354.6,0.9885,Dissatisfied,Bargain Hunter
AMZ-100337,42,Female,Southeast Asia,2019,6,Prime,Silver,3,582.29,194.1,100.0,3,Clothing,4,3.1,17,7,57,Smart TV,Amazon Pay,63.8,1,1,369,678.95,0.7816,Dissatisfied,Occasional Buyer
AMZ-100338,70,Female,East Asia,2021,4,Prime,Platinum,27,6367.21,235.82,7.41,2,Sports,6,3.7,44,7,58,Desktop,Net Banking,17.97,0,2,725,6943.1,0.7992,Neutral,Premium Spender
AMZ-100339,45,Non-Binary,South Asia,2017,8,Prime,Silver,32,12725.62,397.68,9.38,3,Clothing,4,3.5,48,5,98,Tablet,Credit Card,76.58,34,1,126,15371.39,0.5486,Very Satisfied,Premium Spender
AMZ-100340,61,Non-Binary,Southeast Asia,2022,3,Prime,Diamond,27,10423.32,386.05,11.11,3,Beauty,7,4.1,21,17,74,Smart TV,Cash on Delivery,70.37,39,4,488,11508.99,0.3554,Neutral,Premium Spender
AMZ-100341,32,Female,Europe,2021,4,Non-Prime,Gold,2,70.07,35.03,0.0,0,Automotive,1,2.2,20,1,10,Tablet,Debit Card,37.74,22,2,465,72.49,0.8275,Dissatisfied,Inactive User
AMZ-100342,48,Female,Latin America,2023,2,Non-Prime,Diamond,21,12362.55,588.69,9.52,2,Office,5,4.1,25,25,48,Desktop,Amazon Pay,41.05,12,0,342,14323.9,0.912,Neutral,Premium Spender
AMZ-100343,23,Female,Europe,2023,2,Prime,Gold,42,10191.59,242.66,0.0,0,Office,9,4.0,37,22,97,Alexa,Debit Card,7.3,10,1,167,10846.89,0.5739,Neutral,Premium Spender
AMZ-100344,62,Non-Binary,Southeast Asia,2022,3,Non-Prime,Gold,0,9.14,9.14,0.0,0,Automotive,3,2.3,0,4,19,Tablet,Cash on Delivery,15.7,33,0,220,12.84,0.4297,Dissatisfied,Inactive User
AMZ-100345,35,Non-Binary,Southeast Asia,2022,3,Prime,Platinum,20,307.02,15.35,15.0,3,Home & Kitchen,2,3.0,24,53,236,Tablet,Net Banking,44.41,5,4,633,317.36,0.8315,Satisfied,Bargain Hunter
AMZ-100346,69,Female,North America,2022,3,Prime,Diamond,62,1168.71,18.85,1.61,1,Office,9,3.8,30,27,175,Smart TV,UPI,1.11,39,0,620,1635.41,0.9328,Satisfied,Loyal Shopper
AMZ-100347,46,Female,Middle East,2016,9,Prime,Platinum,2,55.74,27.87,0.0,0,Grocery,4,2.4,41,1,19,Alexa,Net Banking,58.87,30,0,7,73.53,0.3197,Neutral,Inactive User
AMZ-100348,30,Male,Latin America,2018,7,Non-Prime,Platinum,13,196.34,15.1,46.15,6,Clothing,5,2.5,9,32,131,Alexa,Credit Card,72.94,8,3,198,227.03,0.4107,Neutral,Bargain Hunter
AMZ-100349,37,Non-Binary,Latin America,2016,9,Prime,Platinum,4,93.45,23.36,0.0,0,Toys,7,1.6,16,0,4,Mobile,Credit Card,14.6,24,4,633,120.32,0.2068,Neutral,Inactive User
AMZ-100350,36,Male,Middle East,2019,6,Non-Prime,Gold,10,356.87,35.69,40.0,4,Automotive,6,2.8,18,83,207,Tablet,Gift Card,41.87,15,0,323,498.74,0.3237,Satisfied,Bargain Hunter
AMZ-100351,42,Non-Binary,Latin America,2015,10,Non-Prime,Gold,49,13153.49,268.44,6.12,3,Beauty,6,3.4,39,23,46,Mobile,Gift Card,64.99,17,3,591,18472.93,0.8755,Very Satisfied,Premium Spender
AMZ-100352,41,Female,North America,2020,5,Prime,Gold,17,701.09,41.24,17.65,3,Beauty,2,4.2,22,44,125,Tablet,Amazon Pay,68.27,24,0,685,927.45,0.5106,Satisfied,Bargain Hunter
AMZ-100353,71,Non-Binary,Southeast Asia,2019,6,Prime,Diamond,48,3764.22,78.42,8.33,4,Books,8,3.4,38,23,117,Smart TV,Net Banking,60.15,7,2,111,4353.17,0.8585,Satisfied,Premium Spender
AMZ-100354,62,Male,Europe,2020,5,Prime,Silver,23,14838.76,645.16,13.04,3,Electronics,8,4.2,6,7,74,Tablet,Net Banking,57.4,26,3,86,16087.28,0.8364,Neutral,Premium Spender
AMZ-100355,65,Male,Latin America,2019,6,Prime,Gold,25,545.23,21.81,24.0,6,Grocery,3,3.3,46,67,216,Desktop,Amazon Pay,8.43,13,4,316,644.18,0.8793,Dissatisfied,Bargain Hunter
AMZ-100356,53,Female,South Asia,2016,9,Prime,Gold,3,11.26,3.75,33.33,1,Clothing,7,1.8,7,2,17,Smart TV,Gift Card,55.61,12,0,487,13.47,0.1393,Very Dissatisfied,Inactive User
AMZ-100357,46,Non-Binary,South Asia,2023,2,Prime,Diamond,24,480.98,20.04,29.17,7,Toys,2,4.5,17,97,168,Mobile,Net Banking,35.25,28,4,549,496.16,0.3968,Dissatisfied,Bargain Hunter
AMZ-100358,70,Female,East Asia,2019,6,Non-Prime,Silver,21,1108.13,52.77,4.76,1,Office,6,4.5,34,29,152,Mobile,Cash on Delivery,71.6,16,1,502,1524.85,0.5129,Very Satisfied,Loyal Shopper
AMZ-100359,33,Female,Europe,2018,7,Prime,Diamond,1,74.64,74.64,0.0,0,Books,3,1.6,40,4,4,Tablet,Net Banking,45.66,8,4,425,82.84,0.0002,Dissatisfied,Inactive User
AMZ-100360,35,Non-Binary,Europe,2015,10,Non-Prime,Diamond,36,13126.55,364.63,11.11,4,Office,7,4.5,0,18,77,Smart TV,UPI,18.55,0,3,259,14716.01,0.073,Very Satisfied,Premium Spender
AMZ-100361,40,Female,East Asia,2016,9,Prime,Gold,5,603.1,120.62,100.0,5,Sports,2,2.7,41,81,159,Alexa,UPI,21.96,12,1,693,706.0,0.4442,Satisfied,Bargain Hunter
AMZ-100362,20,Male,Europe,2018,7,Prime,Gold,11,670.55,60.96,27.27,3,Sports,7,4.3,17,77,119,Mobile,Debit Card,78.95,39,1,192,967.77,0.3986,Dissatisfied,Bargain Hunter
AMZ-100363,68,Male,Middle East,2017,8,Prime,Diamond,2,103.55,51.77,50.0,1,Office,6,3.4,19,15,18,Desktop,UPI,66.2,37,0,693,116.04,0.2336,Satisfied,Occasional Buyer
AMZ-100364,46,Male,Southeast Asia,2018,7,Non-Prime,Gold,21,5245.49,249.79,14.29,3,Grocery,3,4.1,40,26,101,Desktop,Gift Card,42.96,0,1,121,6027.24,0.3204,Neutral,Premium Spender
AMZ-100365,52,Male,Europe,2016,9,Prime,Silver,9,514.37,57.15,22.22,2,Beauty,2,3.8,0,12,28,Mobile,Gift Card,65.7,28,4,320,760.1,0.247,Neutral,Occasional Buyer
AMZ-100366,53,Female,Middle East,2015,10,Non-Prime,Diamond,72,1383.81,19.22,1.39,1,Toys,1,4.2,22,35,99,Smart TV,Gift Card,78.46,6,3,161,1644.7,0.3933,Very Satisfied,Loyal Shopper
AMZ-100367,54,Male,North America,2015,10,Non-Prime,Silver,28,8345.44,298.05,3.57,1,Home & Kitchen,6,4.2,21,22,49,Tablet,Credit Card,59.16,19,0,437,8838.75,0.4015,Neutral,Premium Spender
AMZ-100368,32,Non-Binary,Europe,2021,4,Prime,Diamond,3,257.55,85.85,66.67,2,Office,1,2.8,14,13,32,Smart TV,UPI,55.97,26,0,68,275.73,0.7635,Neutral,Occasional Buyer
AMZ-100369,32,Non-Binary,North America,2017,8,Prime,Platinum,0,50.81,50.81,100.0,1,Grocery,3,2.2,22,4,13,Mobile,Cash on Delivery,50.66,32,0,680,74.12,0.8875,Dissatisfied,Inactive User
AMZ-100370,49,Male,Southeast Asia,2018,7,Prime,Gold,46,11358.74,246.93,0.0,0,Sports,6,4.8,38,18,40,Mobile,Gift Card,49.53,25,1,669,15983.93,0.3821,Very Satisfied,Premium Spender
AMZ-100371,33,Male,Southeast Asia,2022,3,Prime,Gold,1,284.3,284.3,200.0,2,Home & Kitchen,9,3.9,31,19,51,Alexa,Net Banking,29.0,26,3,720,311.76,0.4713,Dissatisfied,Occasional Buyer
AMZ-100372,40,Non-Binary,Latin America,2023,2,Prime,Gold,10,149.09,14.91,20.0,2,Office,6,2.2,25,15,22,Desktop,Cash on Delivery,25.29,9,0,100,175.96,0.0871,Satisfied,Occasional Buyer
AMZ-100373,19,Male,Middle East,2019,6,Prime,Platinum,60,1138.44,18.97,0.0,0,Office,9,3.7,23,33,76,Alexa,Debit Card,24.61,16,0,116,1463.13,0.5816,Very Satisfied,Loyal Shopper
AMZ-100374,35,Female,Europe,2015,10,Non-Prime,Platinum,10,457.86,45.79,20.0,2,Grocery,4,3.1,36,10,38,Mobile,Debit Card,47.95,16,0,13,631.81,0.3388,Satisfied,Occasional Buyer
AMZ-100375,36,Female,East Asia,2019,6,Non-Prime,Gold,32,9024.1,282.0,6.25,2,Clothing,4,4.2,25,17,48,Desktop,Debit Card,33.9,25,3,432,11031.3,0.489,Satisfied,Premium Spender
AMZ-100376,20,Non-Binary,Southeast Asia,2015,10,Prime,Gold,2,554.47,277.24,150.0,3,Office,1,3.1,25,12,42,Tablet,Net Banking,29.06,35,4,629,727.25,0.7416,Neutral,Occasional Buyer
AMZ-100377,33,Female,North America,2020,5,Non-Prime,Silver,30,3492.82,116.43,0.0,0,Toys,8,4.5,28,29,88,Alexa,Net Banking,37.14,5,3,335,4648.43,0.2191,Neutral,Premium Spender
AMZ-100378,21,Female,Southeast Asia,2018,7,Prime,Platinum,10,162.24,16.22,10.0,1,Office,2,2.6,13,3,54,Mobile,Cash on Delivery,64.45,11,1,555,205.69,0.6183,Satisfied,Occasional Buyer
AMZ-100379,32,Female,Latin America,2021,4,Non-Prime,Platinum,6,566.71,94.45,150.0,9,Books,7,3.5,16,92,155,Alexa,Gift Card,67.13,1,3,275,773.03,0.6003,Dissatisfied,Bargain Hunter
AMZ-100380,61,Male,Southeast Asia,2016,9,Prime,Platinum,31,3743.64,120.76,3.23,1,Sports,6,4.8,12,28,75,Tablet,UPI,71.79,21,1,523,5319.91,0.6141,Satisfied,Loyal Shopper
AMZ-100381,60,Non-Binary,East Asia,2019,6,Prime,Platinum,4,39.36,9.84,25.0,1,Electronics,5,1.9,47,3,18,Mobile,Credit Card,28.49,4,2,142,47.83,0.1655,Dissatisfied,Inactive User
AMZ-100382,25,Male,East Asia,2019,6,Prime,Diamond,37,12468.27,336.98,5.41,2,Automotive,5,3.2,10,21,109,Mobile,Gift Card,56.35,23,4,546,14377.59,0.2651,Satisfied,Premium Spender
AMZ-100383,34,Non-Binary,Europe,2015,10,Prime,Platinum,29,4706.69,162.3,3.45,1,Books,3,4.3,30,19,93,Tablet,Amazon Pay,42.6,11,3,396,6371.51,0.7118,Very Satisfied,Loyal Shopper
AMZ-100384,23,Non-Binary,Latin America,2016,9,Prime,Silver,29,778.87,26.86,10.34,3,Toys,8,4.0,10,93,101,Tablet,Net Banking,49.87,11,0,1,984.75,0.3344,Satisfied,Bargain Hunter
AMZ-100385,67,Non-Binary,North America,2020,5,Non-Prime,Silver,72,3857.65,53.58,0.0,0,Electronics,5,4.7,21,21,165,Desktop,Gift Card,44.65,29,3,215,4605.71,0.2879,Satisfied,Loyal Shopper
AMZ-100386,23,Non-Binary,South Asia,2021,4,Non-Prime,Diamond,10,685.49,68.55,70.0,7,Electronics,1,4.2,49,93,133,Mobile,Net Banking,5.05,9,4,247,747.05,0.2814,Neutral,Bargain Hunter
AMZ-100387,69,Female,Latin America,2023,2,Prime,Diamond,7,315.92,45.13,42.86,3,Books,9,2.9,10,12,37,Desktop,Gift Card,63.35,39,4,575,402.41,0.9438,Neutral,Occasional Buyer
AMZ-100388,67,Male,North America,2017,8,Prime,Platinum,6,283.69,47.28,50.0,3,Sports,6,3.3,17,54,173,Desktop,Gift Card,26.59,23,4,541,335.72,0.0995,Dissatisfied,Bargain Hunter
AMZ-100389,42,Male,Middle East,2022,3,Non-Prime,Silver,71,4971.71,70.02,1.41,1,Office,4,4.8,41,42,95,Desktop,Gift Card,50.46,36,2,278,5630.98,0.1698,Very Satisfied,Loyal Shopper
AMZ-100390,43,Male,Latin America,2019,6,Non-Prime,Gold,12,558.55,46.55,25.0,3,Toys,6,2.1,12,16,27,Alexa,Net Banking,25.39,2,1,615,714.73,0.5147,Satisfied,Occasional Buyer
AMZ-100391,29,Male,North America,2020,5,Prime,Silver,26,13874.8,533.65,3.85,1,Office,2,4.5,36,9,116,Smart TV,Amazon Pay,31.53,25,3,15,14119.1,0.7462,Satisfied,Premium Spender
AMZ-100392,30,Male,South Asia,2018,7,Prime,Silver,23,7877.0,342.48,17.39,4,Home & Kitchen,9,4.8,45,14,114,Alexa,UPI,24.78,6,3,415,9050.7,0.6255,Neutral,Premium Spender
AMZ-100393,40,Non-Binary,Europe,2019,6,Non-Prime,Silver,3,75.65,25.22,0.0,0,Sports,5,1.9,47,1,11,Desktop,UPI,20.2,26,4,662,111.66,0.3419,Neutral,Inactive User
AMZ-100394,65,Male,Latin America,2019,6,Prime,Platinum,3,83.86,27.95,33.33,1,Electronics,1,2.6,27,3,11,Desktop,Gift Card,40.43,4,3,693,109.91,0.1207,Neutral,Inactive User
AMZ-100395,21,Male,Southeast Asia,2020,5,Non-Prime,Silver,48,14224.73,296.35,2.08,1,Grocery,5,4.5,32,18,97,Mobile,Amazon Pay,17.21,7,4,306,15681.36,0.798,Satisfied,Premium Spender
AMZ-100396,21,Female,East Asia,2020,5,Non-Prime,Diamond,6,220.67,36.78,16.67,1,Beauty,2,2.8,15,12,19,Alexa,Net Banking,57.41,24,3,609,309.14,0.4345,Neutral,Occasional Buyer
AMZ-100397,31,Male,North America,2023,2,Non-Prime,Silver,72,1558.76,21.65,2.78,2,Electronics,4,4.9,28,43,178,Tablet,Debit Card,48.66,14,3,681,2279.15,0.2304,Satisfied,Loyal Shopper
AMZ-100398,56,Female,Middle East,2020,5,Prime,Diamond,6,432.02,72.0,50.0,3,Toys,1,2.8,37,54,106,Smart TV,Credit Card,63.65,3,0,58,520.74,0.5046,Neutral,Bargain Hunter
AMZ-100399,41,Non-Binary,South Asia,2016,9,Prime,Silver,1,93.4,93.4,100.0,1,Sports,1,1.3,25,2,14,Mobile,UPI,46.57,12,2,451,137.25,0.2949,Neutral,Inactive User
AMZ-100400,38,Non-Binary,Europe,2021,4,Prime,Silver,49,4860.17,99.19,2.04,1,Sports,8,4.5,3,21,173,Smart TV,Net Banking,70.22,30,1,245,6215.4,0.0546,Very Satisfied,Loyal Shopper
AMZ-100401,47,Male,North America,2017,8,Prime,Silver,47,2107.8,44.85,0.0,0,Automotive,2,4.1,13,46,173,Alexa,UPI,10.33,35,3,18,2604.85,0.2275,Very Satisfied,Loyal Shopper
AMZ-100402,30,Non-Binary,Latin America,2023,2,Non-Prime,Gold,16,152.71,9.54,18.75,3,Books,7,3.3,4,74,158,Mobile,Net Banking,36.02,9,2,443,206.59,0.5216,Satisfied,Bargain Hunter
AMZ-100403,26,Male,Southeast Asia,2015,10,Prime,Platinum,20,3825.92,191.3,0.0,0,Clothing,1,3.9,4,30,89,Tablet,Debit Card,1.56,30,3,444,5616.12,0.4571,Very Satisfied,Loyal Shopper
AMZ-100404,53,Male,East Asia,2015,10,Prime,Platinum,3,480.93,160.31,33.33,1,Toys,6,2.0,0,11,42,Tablet,UPI,62.82,26,4,91,703.82,0.9621,Satisfied,Occasional Buyer
AMZ-100405,64,Non-Binary,Middle East,2016,9,Non-Prime,Silver,27,135.36,5.01,7.41,2,Automotive,6,3.6,28,40,94,Smart TV,UPI,65.89,32,0,236,139.08,0.5785,Satisfied,Bargain Hunter
AMZ-100406,37,Female,East Asia,2021,4,Non-Prime,Gold,9,296.15,32.91,0.0,0,Beauty,4,3.5,43,13,47,Desktop,Amazon Pay,6.96,20,2,372,380.68,0.9096,Neutral,Occasional Buyer
AMZ-100407,26,Non-Binary,Latin America,2018,7,Prime,Gold,21,537.65,25.6,42.86,9,Grocery,1,4.4,26,82,224,Mobile,Credit Card,20.61,35,2,528,594.95,0.8672,Dissatisfied,Bargain Hunter
AMZ-100408,47,Male,Southeast Asia,2019,6,Prime,Diamond,26,476.75,18.34,19.23,5,Clothing,4,3.6,23,44,221,Desktop,Cash on Delivery,4.72,3,2,663,642.41,0.5152,Neutral,Bargain Hunter
AMZ-100409,40,Non-Binary,Latin America,2017,8,Non-Prime,Diamond,29,567.6,19.57,24.14,7,Home & Kitchen,1,2.8,0,94,177,Tablet,Debit Card,27.76,8,3,699,792.94,0.5765,Dissatisfied,Bargain Hunter
AMZ-100410,27,Female,Europe,2015,10,Prime,Platinum,33,7055.78,213.81,12.12,4,Books,7,4.4,21,17,88,Alexa,Net Banking,35.64,31,2,529,9364.24,0.8725,Very Satisfied,Premium Spender
AMZ-100411,55,Male,East Asia,2016,9,Non-Prime,Silver,22,707.59,32.16,31.82,7,Toys,9,3.7,8,55,160,Mobile,Gift Card,19.52,34,1,388,889.42,0.6901,Neutral,Bargain Hunter
AMZ-100412,48,Female,North America,2020,5,Non-Prime,Diamond,7,581.64,83.09,42.86,3,Electronics,7,2.9,47,11,11,Tablet,Debit Card,58.92,37,3,462,693.98,0.3535,Dissatisfied,Occasional Buyer
AMZ-100413,29,Female,Latin America,2020,5,Non-Prime,Gold,9,76.35,8.48,33.33,3,Automotive,7,3.9,17,10,59,Tablet,UPI,62.35,14,3,121,106.37,0.4051,Satisfied,Occasional Buyer
AMZ-100414,62,Non-Binary,Middle East,2020,5,Prime,Gold,45,13199.36,293.32,2.22,1,Electronics,3,3.8,33,22,109,Smart TV,Credit Card,67.33,13,1,356,16237.38,0.2176,Satisfied,Premium Spender
AMZ-100415,24,Non-Binary,East Asia,2015,10,Non-Prime,Silver,41,3644.01,88.88,0.0,0,Beauty,8,3.7,1,38,135,Mobile,Cash on Delivery,10.05,38,0,51,4033.09,0.4111,Satisfied,Loyal Shopper
AMZ-100416,41,Non-Binary,Europe,2018,7,Prime,Gold,24,3088.7,128.7,16.67,4,Grocery,3,4.0,2,10,63,Desktop,Gift Card,35.55,36,2,478,3502.27,0.4322,Very Satisfied,Premium Spender
AMZ-100417,57,Male,Latin America,2018,7,Prime,Silver,27,13299.88,492.59,7.41,2,Electronics,1,4.7,34,21,45,Desktop,Cash on Delivery,50.85,1,0,588,16020.92,0.3294,Satisfied,Premium Spender
AMZ-100418,22,Non-Binary,Europe,2022,3,Prime,Silver,2,86.62,43.31,0.0,0,Office,4,1.9,38,2,2,Mobile,UPI,78.99,11,4,119,106.45,0.3968,Very Dissatisfied,Inactive User
AMZ-100419,70,Male,Middle East,2021,4,Non-Prime,Silver,73,3186.73,43.65,2.74,2,Toys,8,3.9,9,14,179,Desktop,Debit Card,50.54,33,2,711,3229.88,0.4493,Satisfied,Loyal Shopper
AMZ-100420,33,Female,East Asia,2016,9,Prime,Platinum,13,220.63,16.97,23.08,3,Beauty,9,2.4,11,2,29,Smart TV,Amazon Pay,10.66,16,4,394,238.67,0.3041,Dissatisfied,Occasional Buyer
AMZ-100421,46,Male,South Asia,2015,10,Non-Prime,Silver,65,4058.68,62.44,1.54,1,Clothing,8,4.7,36,34,143,Mobile,Debit Card,61.18,32,1,238,4569.68,0.8237,Very Satisfied,Loyal Shopper
AMZ-100422,40,Female,Southeast Asia,2016,9,Prime,Platinum,44,8990.24,204.32,2.27,1,Home & Kitchen,1,3.6,15,16,87,Smart TV,Amazon Pay,8.35,34,1,667,11346.57,0.6669,Neutral,Premium Spender
AMZ-100423,44,Male,North America,2022,3,Prime,Platinum,30,4280.54,142.68,13.33,4,Office,7,4.3,41,24,84,Mobile,Debit Card,71.95,37,4,470,6038.01,0.9695,Neutral,Premium Spender
AMZ-100424,21,Male,Latin America,2021,4,Prime,Platinum,10,328.85,32.89,30.0,3,Toys,3,3.1,28,19,38,Alexa,Credit Card,74.45,32,1,202,448.11,0.8364,Neutral,Occasional Buyer
AMZ-100425,52,Male,North America,2015,10,Prime,Diamond,6,586.58,97.76,33.33,2,Grocery,3,2.1,30,18,56,Alexa,Debit Card,20.41,0,0,42,715.37,0.0399,Dissatisfied,Occasional Buyer
AMZ-100426,51,Male,East Asia,2016,9,Prime,Silver,23,167.91,7.3,26.09,6,Electronics,6,2.6,30,28,158,Mobile,Cash on Delivery,51.29,11,3,501,246.11,0.3382,Satisfied,Bargain Hunter
AMZ-100427,61,Male,East Asia,2020,5,Prime,Platinum,67,2312.25,34.51,1.49,1,Books,8,4.2,4,30,149,Alexa,UPI,10.02,15,0,655,3003.25,0.8697,Very Satisfied,Loyal Shopper
AMZ-100428,63,Male,North America,2020,5,Prime,Diamond,13,296.97,22.84,0.0,0,Clothing,9,2.9,10,6,11,Mobile,Cash on Delivery,28.15,32,4,198,325.55,0.1019,Neutral,Occasional Buyer
AMZ-100429,46,Male,Southeast Asia,2016,9,Prime,Gold,3,397.08,132.36,100.0,3,Office,9,2.0,14,8,29,Smart TV,Cash on Delivery,54.7,9,4,501,434.13,0.1882,Neutral,Occasional Buyer
AMZ-100430,48,Male,Southeast Asia,2020,5,Non-Prime,Diamond,36,14373.55,399.27,11.11,4,Clothing,5,3.8,32,10,119,Tablet,Debit Card,43.31,26,4,601,17541.04,0.2604,Neutral,Premium Spender
AMZ-100431,58,Female,Southeast Asia,2018,7,Prime,Silver,47,3239.18,68.92,0.0,0,Office,2,4.6,24,16,101,Alexa,UPI,60.74,26,0,598,4256.84,0.1841,Satisfied,Loyal Shopper
AMZ-100432,40,Female,Southeast Asia,2016,9,Non-Prime,Diamond,73,2180.0,29.86,1.37,1,Electronics,2,4.4,11,11,129,Mobile,Amazon Pay,53.83,19,3,576,2200.89,0.432,Satisfied,Loyal Shopper
AMZ-100433,41,Female,South Asia,2015,10,Non-Prime,Gold,44,5519.02,125.43,4.55,2,Grocery,3,4.6,23,16,103,Mobile,Gift Card,40.05,15,2,242,6161.65,0.1568,Satisfied,Premium Spender
AMZ-100434,52,Non-Binary,East Asia,2019,6,Prime,Platinum,9,242.93,26.99,11.11,1,Office,2,3.7,33,11,13,Alexa,Amazon Pay,23.59,22,2,38,354.11,0.2657,Dissatisfied,Occasional Buyer
AMZ-100435,67,Male,North America,2018,7,Prime,Gold,40,5360.01,134.0,2.5,1,Electronics,5,4.9,35,8,110,Tablet,Credit Card,15.22,12,0,187,5864.66,0.3037,Neutral,Premium Spender
AMZ-100436,60,Female,East Asia,2022,3,Non-Prime,Gold,39,9177.41,235.32,10.26,4,Clothing,4,4.0,36,26,90,Mobile,Debit Card,7.81,35,3,291,10264.24,0.1649,Very Satisfied,Premium Spender
AMZ-100437,46,Non-Binary,East Asia,2021,4,Non-Prime,Silver,35,3554.45,101.56,0.0,0,Home & Kitchen,6,4.3,25,48,159,Alexa,Cash on Delivery,36.45,15,3,670,3804.31,0.4248,Satisfied,Loyal Shopper
AMZ-100438,37,Male,South Asia,2017,8,Prime,Platinum,16,11301.33,706.33,12.5,2,Beauty,2,4.3,40,11,97,Alexa,Credit Card,62.46,36,1,655,13834.79,0.4892,Neutral,Premium Spender
AMZ-100439,22,Non-Binary,South Asia,2015,10,Non-Prime,Gold,14,290.77,20.77,0.0,0,Automotive,9,2.6,48,10,51,Alexa,Amazon Pay,20.23,35,1,8,330.23,0.0037,Satisfied,Occasional Buyer
AMZ-100440,35,Male,North America,2018,7,Prime,Gold,69,3828.43,55.48,1.45,1,Office,2,3.9,48,24,88,Desktop,Credit Card,65.84,15,2,269,5703.98,0.8686,Satisfied,Loyal Shopper
AMZ-100441,55,Male,Europe,2023,2,Non-Prime,Gold,1,10.75,10.75,100.0,1,Clothing,4,1.0,13,1,19,Tablet,Net Banking,54.31,36,3,97,15.02,0.1357,Very Dissatisfied,Inactive User
AMZ-100442,29,Male,North America,2016,9,Prime,Gold,50,2246.09,44.92,0.0,0,Books,3,3.6,25,39,126,Alexa,Cash on Delivery,30.27,29,0,385,3348.23,0.6297,Satisfied,Loyal Shopper
AMZ-100443,71,Female,Latin America,2016,9,Non-Prime,Diamond,9,439.93,48.88,22.22,2,Office,9,3.8,43,9,32,Mobile,Amazon Pay,9.63,1,1,621,546.2,0.0632,Neutral,Occasional Buyer
AMZ-100444,23,Male,South Asia,2021,4,Non-Prime,Diamond,10,452.53,45.25,0.0,0,Automotive,6,2.3,2,5,43,Tablet,Debit Card,79.7,25,0,125,646.88,0.3448,Dissatisfied,Occasional Buyer
AMZ-100445,51,Non-Binary,East Asia,2021,4,Prime,Gold,3,59.54,19.85,0.0,0,Office,2,2.8,20,1,3,Desktop,Gift Card,50.14,21,4,698,72.93,0.3453,Neutral,Inactive User
AMZ-100446,37,Non-Binary,Europe,2017,8,Prime,Gold,13,226.01,17.39,0.0,0,Electronics,8,3.0,24,9,56,Alexa,Gift Card,53.15,10,2,726,332.86,0.6321,Satisfied,Occasional Buyer
AMZ-100447,50,Male,Middle East,2023,2,Prime,Gold,2,45.54,22.77,50.0,1,Office,3,2.0,36,3,6,Mobile,Gift Card,58.58,15,1,523,53.55,0.4402,Dissatisfied,Inactive User
AMZ-100448,60,Non-Binary,North America,2015,10,Prime,Platinum,72,4285.75,59.52,1.39,1,Beauty,7,4.1,32,22,138,Desktop,Net Banking,39.03,29,1,143,5790.23,0.5074,Satisfied,Loyal Shopper
AMZ-100449,55,Non-Binary,Latin America,2016,9,Non-Prime,Platinum,20,440.12,22.01,10.0,2,Automotive,8,3.6,17,65,223,Mobile,Amazon Pay,46.9,7,3,445,494.21,0.9148,Dissatisfied,Bargain Hunter
AMZ-100450,40,Non-Binary,North America,2017,8,Prime,Platinum,41,2745.44,66.96,4.88,2,Books,7,4.2,39,31,73,Mobile,Credit Card,7.93,12,4,232,2994.77,0.3024,Very Satisfied,Loyal Shopper
AMZ-100451,55,Non-Binary,Southeast Asia,2017,8,Prime,Diamond,23,4974.79,216.3,17.39,4,Automotive,3,3.8,41,6,90,Smart TV,Amazon Pay,78.77,5,0,402,5247.12,0.9658,Neutral,Premium Spender
AMZ-100452,44,Male,East Asia,2015,10,Prime,Gold,3,96.22,32.07,0.0,0,Clothing,2,2.9,11,4,3,Smart TV,Credit Card,6.29,1,4,172,115.8,0.2207,Very Dissatisfied,Inactive User
AMZ-100453,32,Male,Europe,2020,5,Prime,Silver,26,612.83,23.57,26.92,7,Books,9,3.9,42,54,118,Tablet,Debit Card,29.29,31,2,663,615.0,0.6803,Satisfied,Bargain Hunter
AMZ-100454,20,Non-Binary,North America,2019,6,Non-Prime,Silver,40,14763.13,369.08,0.0,0,Beauty,6,4.3,25,5,87,Alexa,UPI,71.92,37,4,404,20994.54,0.1393,Satisfied,Premium Spender
AMZ-100455,29,Male,Southeast Asia,2021,4,Non-Prime,Gold,42,13770.39,327.87,2.38,1,Office,2,4.8,45,16,42,Smart TV,Debit Card,64.41,29,4,392,20248.51,0.1829,Very Satisfied,Premium Spender
AMZ-100456,68,Female,South Asia,2019,6,Prime,Diamond,21,363.91,17.33,38.1,8,Grocery,7,4.4,1,65,183,Alexa,Amazon Pay,56.11,26,2,1,485.08,0.8227,Neutral,Bargain Hunter
AMZ-100457,19,Male,North America,2023,2,Prime,Diamond,5,574.32,114.86,60.0,3,Office,9,3.8,31,18,47,Alexa,Cash on Delivery,16.82,2,0,512,623.82,0.8724,Dissatisfied,Occasional Buyer
AMZ-100458,39,Male,Europe,2016,9,Prime,Diamond,26,10293.34,395.9,7.69,2,Books,7,3.2,12,9,115,Tablet,Cash on Delivery,2.51,2,3,467,12876.3,0.455,Satisfied,Premium Spender
AMZ-100459,29,Male,North America,2018,7,Prime,Gold,0,13.25,13.25,100.0,1,Clothing,7,2.1,24,1,15,Tablet,Credit Card,7.94,31,3,648,13.93,0.0159,Very Dissatisfied,Inactive User
AMZ-100460,33,Female,East Asia,2020,5,Prime,Diamond,27,14529.95,538.15,11.11,3,Automotive,9,4.8,9,9,102,Tablet,Credit Card,69.89,17,3,89,14853.31,0.2891,Satisfied,Premium Spender
AMZ-100461,42,Male,Europe,2015,10,Prime,Platinum,2,16.09,8.04,0.0,0,Clothing,5,2.4,16,0,13,Smart TV,Credit Card,37.96,16,1,397,20.35,0.5844,Very Dissatisfied,Inactive User
AMZ-100462,57,Female,Europe,2021,4,Prime,Platinum,5,321.14,64.23,40.0,2,Office,2,2.9,8,1,55,Mobile,Debit Card,26.66,16,2,325,448.63,0.4865,Dissatisfied,Occasional Buyer
AMZ-100463,33,Non-Binary,Europe,2015,10,Non-Prime,Diamond,24,490.21,20.43,37.5,9,Office,7,4.5,15,30,174,Desktop,UPI,70.18,15,3,20,726.86,0.3773,Neutral,Bargain Hunter
AMZ-100464,26,Non-Binary,Southeast Asia,2016,9,Non-Prime,Diamond,21,229.1,10.91,19.05,4,Office,5,3.5,37,44,237,Desktop,Gift Card,33.51,5,0,566,293.68,0.205,Satisfied,Bargain Hunter
AMZ-100465,48,Female,East Asia,2022,3,Non-Prime,Silver,2,370.88,185.44,0.0,0,Grocery,1,2.9,13,7,23,Alexa,UPI,39.44,23,4,702,551.96,0.3763,Neutral,Occasional Buyer
AMZ-100466,25,Non-Binary,South Asia,2017,8,Prime,Diamond,3,54.48,18.16,33.33,1,Clothing,4,1.5,41,3,8,Desktop,Debit Card,42.25,29,4,234,81.71,0.8023,Neutral,Inactive User
AMZ-100467,54,Male,Southeast Asia,2019,6,Prime,Diamond,67,3331.95,49.73,2.99,2,Home & Kitchen,2,4.6,42,24,71,Desktop,Cash on Delivery,6.2,1,3,270,4395.43,0.6994,Very Satisfied,Loyal Shopper
AMZ-100468,46,Female,Latin America,2022,3,Prime,Silver,2,80.18,40.09,50.0,1,Toys,5,1.9,17,2,1,Alexa,Gift Card,13.45,13,1,482,87.19,0.6726,Very Dissatisfied,Inactive User
AMZ-100469,27,Female,Middle East,2019,6,Prime,Silver,2,5.03,2.52,50.0,1,Office,3,1.1,47,0,10,Alexa,UPI,66.89,31,1,150,5.97,0.2547,Very Dissatisfied,Inactive User
AMZ-100470,25,Female,South Asia,2015,10,Prime,Silver,28,8400.77,300.03,7.14,2,Books,3,3.4,48,22,60,Alexa,Cash on Delivery,4.36,30,1,517,10614.4,0.5616,Satisfied,Premium Spender
AMZ-100471,49,Non-Binary,Europe,2015,10,Prime,Platinum,8,500.18,62.52,100.0,8,Toys,6,3.2,23,26,170,Smart TV,UPI,10.85,17,4,279,549.95,0.9998,Satisfied,Bargain Hunter
AMZ-100472,60,Male,South Asia,2023,2,Prime,Diamond,2,63.87,31.93,50.0,1,Clothing,8,1.3,6,3,11,Alexa,UPI,32.2,33,2,469,72.26,0.7673,Very Dissatisfied,Inactive User
AMZ-100473,62,Female,Europe,2020,5,Non-Prime,Gold,42,8804.29,209.63,7.14,3,Electronics,5,3.6,7,12,63,Smart TV,Amazon Pay,19.48,35,4,304,9983.81,0.5202,Satisfied,Premium Spender
AMZ-100474,45,Female,East Asia,2021,4,Prime,Platinum,10,133.28,13.33,20.0,2,Sports,5,3.6,49,7,49,Smart TV,Cash on Delivery,76.47,17,3,111,166.81,0.4933,Neutral,Occasional Buyer
AMZ-100475,20,Male,Europe,2022,3,Non-Prime,Diamond,9,487.87,54.21,33.33,3,Beauty,7,2.8,6,30,237,Tablet,Net Banking,53.27,6,1,402,668.51,0.7569,Neutral,Bargain Hunter
AMZ-100476,36,Non-Binary,North America,2023,2,Prime,Diamond,32,5030.44,157.2,0.0,0,Home & Kitchen,7,3.4,14,16,117,Smart TV,Net Banking,27.0,39,1,190,6007.93,0.0372,Very Satisfied,Premium Spender
AMZ-100477,20,Female,East Asia,2020,5,Prime,Gold,42,10961.88,261.0,0.0,0,Books,5,4.7,40,23,49,Tablet,Net Banking,36.96,1,3,618,12830.59,0.8995,Very Satisfied,Premium Spender
AMZ-100478,61,Male,East Asia,2016,9,Non-Prime,Silver,2,35.0,17.5,50.0,1,Clothing,7,2.9,7,1,0,Desktop,Cash on Delivery,20.45,32,3,126,49.47,0.5627,Very Dissatisfied,Inactive User
AMZ-100479,34,Male,North America,2019,6,Prime,Silver,46,1062.27,23.09,2.17,1,Beauty,8,4.1,41,41,99,Desktop,Amazon Pay,36.18,22,2,198,1443.56,0.9926,Very Satisfied,Loyal Shopper
AMZ-100480,28,Non-Binary,Southeast Asia,2020,5,Non-Prime,Silver,2,534.69,267.35,100.0,2,Electronics,8,2.7,38,2,55,Desktop,Amazon Pay,38.82,37,4,218,538.3,0.3629,Dissatisfied,Occasional Buyer
AMZ-100481,66,Female,South Asia,2015,10,Prime,Platinum,29,12705.59,438.12,10.34,3,Beauty,5,3.7,20,13,119,Desktop,Cash on Delivery,6.75,5,2,120,14992.55,0.0767,Very Satisfied,Premium Spender
AMZ-100482,66,Non-Binary,North America,2023,2,Prime,Silver,14,293.28,20.95,0.0,0,Toys,1,3.3,24,11,12,Mobile,Debit Card,57.37,35,4,217,307.12,0.1257,Satisfied,Occasional Buyer
AMZ-100483,48,Male,Latin America,2018,7,Prime,Gold,0,18.99,18.99,100.0,1,Sports,6,1.9,42,2,11,Smart TV,UPI,64.46,15,4,439,24.65,0.7097,Dissatisfied,Inactive User
AMZ-100484,26,Male,Southeast Asia,2022,3,Prime,Gold,11,462.74,42.07,72.73,8,Office,9,2.6,33,81,195,Mobile,Debit Card,75.6,35,0,663,672.37,0.5416,Dissatisfied,Bargain Hunter
AMZ-100485,37,Female,Latin America,2015,10,Non-Prime,Platinum,13,191.3,14.72,15.38,2,Toys,5,3.6,8,8,40,Smart TV,Cash on Delivery,15.42,31,2,664,195.07,0.7413,Satisfied,Occasional Buyer
AMZ-100486,68,Female,South Asia,2023,2,Prime,Platinum,5,582.33,116.47,0.0,0,Grocery,3,3.8,46,11,22,Alexa,Gift Card,36.77,37,2,61,798.56,0.2798,Dissatisfied,Occasional Buyer
AMZ-100487,40,Male,Middle East,2022,3,Non-Prime,Platinum,1,42.68,42.68,100.0,1,Grocery,1,2.3,28,0,0,Alexa,UPI,46.65,15,0,207,61.64,0.3291,Dissatisfied,Inactive User
AMZ-100488,34,Non-Binary,North America,2021,4,Prime,Silver,6,277.55,46.26,50.0,3,Beauty,9,2.6,38,12,35,Tablet,Net Banking,33.98,11,0,102,383.29,0.5051,Dissatisfied,Occasional Buyer
AMZ-100489,33,Female,Latin America,2016,9,Non-Prime,Platinum,10,538.09,53.81,10.0,1,Home & Kitchen,8,2.3,24,5,47,Desktop,UPI,21.46,25,3,85,735.77,0.2521,Dissatisfied,Occasional Buyer
AMZ-100490,26,Non-Binary,Southeast Asia,2021,4,Non-Prime,Platinum,76,2963.81,39.0,2.63,2,Clothing,6,4.7,45,14,79,Mobile,Net Banking,57.09,7,2,690,3257.53,0.144,Very Satisfied,Loyal Shopper
AMZ-100491,67,Female,Southeast Asia,2016,9,Prime,Diamond,48,14625.78,304.7,4.17,2,Electronics,7,4.0,48,16,93,Alexa,Net Banking,2.63,22,0,700,17592.72,0.0411,Neutral,Premium Spender
AMZ-100492,37,Female,Latin America,2017,8,Non-Prime,Gold,1,98.19,98.19,100.0,1,Grocery,2,2.4,44,2,16,Smart TV,Net Banking,43.05,35,1,266,129.98,0.9689,Dissatisfied,Inactive User
AMZ-100493,29,Female,East Asia,2020,5,Prime,Gold,14,407.47,29.11,0.0,0,Sports,5,3.5,39,8,49,Mobile,Gift Card,47.4,17,4,498,490.15,0.9704,Satisfied,Occasional Buyer
AMZ-100494,63,Non-Binary,East Asia,2021,4,Non-Prime,Gold,35,2863.59,81.82,5.71,2,Beauty,7,4.9,0,21,98,Mobile,Debit Card,31.09,20,4,627,3395.98,0.0258,Satisfied,Loyal Shopper
AMZ-100495,29,Non-Binary,East Asia,2023,2,Prime,Diamond,10,479.26,47.93,0.0,0,Beauty,3,2.4,3,11,16,Tablet,Amazon Pay,61.72,12,2,228,491.8,0.7828,Neutral,Occasional Buyer
AMZ-100496,32,Female,East Asia,2021,4,Prime,Diamond,3,3.05,1.02,0.0,0,Electronics,9,1.2,10,1,12,Alexa,UPI,58.98,3,2,28,4.26,0.1869,Very Dissatisfied,Inactive User
AMZ-100497,19,Female,South Asia,2019,6,Non-Prime,Silver,4,90.78,22.7,25.0,1,Toys,9,2.5,10,4,18,Alexa,Amazon Pay,74.1,25,0,614,130.18,0.4997,Dissatisfied,Inactive User
AMZ-100498,26,Male,South Asia,2021,4,Prime,Platinum,16,10283.68,642.73,0.0,0,Toys,9,3.4,32,9,96,Alexa,Gift Card,44.73,5,1,9,12556.71,0.3341,Satisfied,Premium Spender
AMZ-100499,63,Non-Binary,South Asia,2015,10,Prime,Diamond,32,2831.6,88.49,6.25,2,Beauty,4,3.9,36,23,141,Desktop,Amazon Pay,70.51,16,4,152,3402.68,0.6765,Satisfied,Loyal Shopper
AMZ-100500,56,Female,Europe,2021,4,Prime,Gold,8,349.34,43.67,75.0,6,Office,4,3.9,32,45,207,Desktop,Gift Card,6.28,35,0,148,519.6,0.8256,Neutral,Bargain Hunter
AMZ-100501,19,Non-Binary,Southeast Asia,2015,10,Non-Prime,Diamond,28,289.48,10.34,32.14,9,Toys,6,3.2,9,38,220,Smart TV,Gift Card,53.53,26,4,288,331.02,0.2499,Neutral,Bargain Hunter
AMZ-100502,57,Male,Middle East,2015,10,Prime,Platinum,28,6619.95,236.43,0.0,0,Electronics,1,3.8,20,18,87,Tablet,Cash on Delivery,47.71,19,2,696,8352.01,0.1167,Satisfied,Premium Spender
AMZ-100503,62,Male,Latin America,2023,2,Prime,Gold,2,81.86,40.93,50.0,1,Home & Kitchen,5,2.8,5,2,10,Tablet,Amazon Pay,53.83,21,0,599,106.02,0.4227,Dissatisfied,Inactive User
AMZ-100504,63,Female,Middle East,2015,10,Non-Prime,Platinum,27,3846.97,142.48,0.0,0,Clothing,4,3.7,11,44,129,Mobile,Cash on Delivery,5.69,11,1,550,4689.67,0.8178,Very Satisfied,Loyal Shopper
AMZ-100505,58,Female,Southeast Asia,2021,4,Non-Prime,Platinum,5,750.85,150.17,180.0,9,Toys,2,4.4,37,50,217,Desktop,Amazon Pay,18.14,30,2,55,851.34,0.4106,Satisfied,Bargain Hunter
AMZ-100506,35,Male,South Asia,2016,9,Prime,Silver,42,13755.08,327.5,2.38,1,Home & Kitchen,4,4.4,40,19,110,Desktop,Net Banking,14.27,39,3,42,15482.66,0.3206,Neutral,Premium Spender
AMZ-100507,37,Non-Binary,North America,2019,6,Non-Prime,Gold,61,3863.54,63.34,0.0,0,Books,7,4.3,20,11,142,Tablet,Net Banking,60.54,11,3,81,5394.84,0.2791,Very Satisfied,Loyal Shopper
AMZ-100508,30,Non-Binary,Europe,2022,3,Non-Prime,Silver,28,665.39,23.76,32.14,9,Office,8,3.0,25,74,184,Mobile,Net Banking,3.47,37,0,496,915.69,0.0176,Satisfied,Bargain Hunter
AMZ-100509,69,Male,North America,2017,8,Non-Prime,Silver,9,470.7,52.3,33.33,3,Toys,3,3.3,0,62,118,Smart TV,Gift Card,28.44,1,0,669,476.55,0.0039,Dissatisfied,Bargain Hunter
AMZ-100510,53,Female,Southeast Asia,2017,8,Non-Prime,Gold,13,384.48,29.58,15.38,2,Home & Kitchen,8,4.2,44,72,162,Mobile,Amazon Pay,7.88,21,1,715,409.56,0.0126,Dissatisfied,Bargain Hunter
AMZ-100511,54,Male,Latin America,2017,8,Non-Prime,Platinum,20,4072.08,203.6,20.0,4,Office,7,3.9,18,5,55,Alexa,Net Banking,59.66,16,1,213,4758.96,0.0897,Very Satisfied,Premium Spender
AMZ-100512,21,Male,Middle East,2022,3,Non-Prime,Silver,52,4402.61,84.67,1.92,1,Sports,5,4.2,3,19,166,Mobile,Cash on Delivery,56.7,12,1,705,4717.06,0.7643,Satisfied,Loyal Shopper
AMZ-100513,26,Male,Middle East,2019,6,Prime,Platinum,13,499.13,38.39,46.15,6,Grocery,3,4.2,4,84,227,Desktop,Amazon Pay,22.99,21,0,214,520.71,0.0014,Satisfied,Bargain Hunter
AMZ-100514,50,Male,North America,2015,10,Non-Prime,Diamond,39,5106.96,130.95,2.56,1,Home & Kitchen,3,3.4,5,13,102,Smart TV,Amazon Pay,5.16,33,0,61,7419.79,0.9751,Neutral,Premium Spender
AMZ-100515,29,Male,Latin America,2020,5,Prime,Silver,55,3365.07,61.18,0.0,0,Office,3,3.9,39,13,87,Smart TV,Debit Card,12.55,36,4,638,5029.57,0.0547,Very Satisfied,Loyal Shopper
AMZ-100516,27,Male,Latin America,2018,7,Non-Prime,Silver,22,398.29,18.1,36.36,8,Sports,7,3.6,40,79,221,Desktop,Gift Card,75.3,32,1,316,464.6,0.125,Dissatisfied,Bargain Hunter
AMZ-100517,66,Female,North America,2015,10,Prime,Gold,13,224.3,17.25,0.0,0,Electronics,2,2.9,12,16,37,Tablet,Amazon Pay,46.38,27,1,98,284.35,0.7884,Dissatisfied,Occasional Buyer
AMZ-100518,23,Non-Binary,North America,2019,6,Prime,Silver,1,456.71,456.71,0.0,0,Electronics,1,2.9,10,18,22,Desktop,Net Banking,63.64,8,1,292,469.2,0.5355,Dissatisfied,Occasional Buyer
AMZ-100519,60,Female,Southeast Asia,2016,9,Non-Prime,Platinum,77,4409.91,57.27,2.6,2,Books,6,4.6,5,19,135,Tablet,Cash on Delivery,18.73,29,1,543,4880.75,0.6761,Satisfied,Loyal Shopper
AMZ-100520,67,Male,Southeast Asia,2019,6,Prime,Diamond,5,209.46,41.89,40.0,2,Sports,3,3.7,46,8,53,Smart TV,Net Banking,8.49,10,4,298,310.84,0.9147,Neutral,Occasional Buyer
AMZ-100521,21,Non-Binary,East Asia,2021,4,Prime,Silver,24,11942.9,497.62,8.33,2,Clothing,6,4.0,13,14,70,Mobile,Cash on Delivery,68.41,38,0,274,16608.34,0.0194,Neutral,Premium Spender
AMZ-100522,39,Female,Middle East,2022,3,Prime,Diamond,48,3437.43,71.61,4.17,2,Clothing,9,3.9,18,35,130,Alexa,Gift Card,65.17,35,4,728,3746.2,0.5781,Very Satisfied,Loyal Shopper
AMZ-100523,58,Male,East Asia,2022,3,Non-Prime,Gold,12,195.19,16.27,16.67,2,Automotive,2,2.9,37,2,30,Smart TV,Credit Card,15.29,39,1,155,198.1,0.0098,Satisfied,Occasional Buyer
AMZ-100524,29,Male,North America,2020,5,Prime,Platinum,24,6860.24,285.84,4.17,1,Electronics,1,3.9,15,15,86,Alexa,Cash on Delivery,38.63,10,4,680,9949.96,0.93,Neutral,Premium Spender
AMZ-100525,47,Non-Binary,South Asia,2016,9,Non-Prime,Platinum,1,48.34,48.34,100.0,1,Grocery,9,1.2,18,1,9,Alexa,Net Banking,68.71,7,2,235,49.61,0.231,Neutral,Inactive User
AMZ-100526,52,Female,Latin America,2018,7,Non-Prime,Gold,0,80.12,80.12,100.0,1,Automotive,5,1.8,46,4,11,Tablet,Net Banking,30.37,7,3,666,101.4,0.0989,Dissatisfied,Inactive User
AMZ-100527,28,Non-Binary,Middle East,2018,7,Prime,Silver,44,14212.93,323.02,9.09,4,Clothing,9,3.1,3,24,91,Alexa,Cash on Delivery,51.93,12,1,613,18861.11,0.5116,Satisfied,Premium Spender
AMZ-100528,27,Male,North America,2016,9,Prime,Platinum,33,3641.5,110.35,12.12,4,Home & Kitchen,6,3.9,12,25,97,Tablet,Amazon Pay,64.96,32,4,367,3727.01,0.5663,Neutral,Premium Spender
AMZ-100529,34,Male,Middle East,2016,9,Non-Prime,Diamond,21,717.56,34.17,33.33,7,Toys,8,2.8,2,35,136,Desktop,Credit Card,37.45,19,2,176,969.65,0.956,Dissatisfied,Bargain Hunter
AMZ-100530,62,Non-Binary,Southeast Asia,2015,10,Prime,Diamond,47,14627.61,311.23,2.13,1,Automotive,7,4.9,14,18,62,Tablet,Credit Card,15.91,37,0,245,16767.01,0.1675,Neutral,Premium Spender
AMZ-100531,50,Non-Binary,North America,2018,7,Prime,Diamond,39,7242.9,185.72,5.13,2,Toys,8,3.3,24,26,105,Mobile,UPI,66.8,33,0,342,10420.39,0.0403,Very Satisfied,Premium Spender
AMZ-100532,64,Male,East Asia,2016,9,Non-Prime,Platinum,4,94.69,23.67,25.0,1,Grocery,9,1.5,17,3,2,Alexa,Debit Card,72.93,38,0,568,103.53,0.8312,Dissatisfied,Inactive User
AMZ-100533,20,Female,East Asia,2019,6,Prime,Gold,21,11280.31,537.16,9.52,2,Automotive,9,3.8,40,24,115,Tablet,UPI,22.37,1,2,468,11485.76,0.9025,Neutral,Premium Spender
AMZ-100534,68,Female,Latin America,2016,9,Non-Prime,Platinum,2,35.64,17.82,50.0,1,Automotive,9,2.5,12,0,3,Mobile,Credit Card,48.3,14,2,299,53.18,0.3835,Neutral,Inactive User
AMZ-100535,47,Female,Europe,2016,9,Non-Prime,Platinum,55,839.56,15.26,1.82,1,Grocery,5,4.7,19,20,164,Alexa,Amazon Pay,21.28,20,0,10,1110.76,0.1506,Very Satisfied,Loyal Shopper
AMZ-100536,22,Male,Southeast Asia,2022,3,Prime,Diamond,29,581.75,20.06,24.14,7,Books,5,4.1,40,44,90,Tablet,UPI,74.39,22,0,629,716.59,0.8878,Neutral,Bargain Hunter
AMZ-100537,64,Male,East Asia,2022,3,Prime,Gold,21,1837.25,87.49,4.76,1,Automotive,7,4.8,14,25,148,Desktop,Net Banking,2.74,33,1,282,2686.51,0.5217,Very Satisfied,Loyal Shopper
AMZ-100538,49,Female,North America,2018,7,Non-Prime,Silver,8,287.84,35.98,25.0,2,Automotive,1,3.2,48,1,51,Smart TV,Net Banking,45.69,38,3,718,354.05,0.2977,Neutral,Occasional Buyer
AMZ-100539,44,Male,Southeast Asia,2023,2,Prime,Silver,2,1.84,0.92,0.0,0,Grocery,9,2.3,27,1,14,Smart TV,Cash on Delivery,36.19,30,3,649,2.39,0.8356,Neutral,Inactive User
AMZ-100540,31,Non-Binary,East Asia,2019,6,Prime,Gold,1,65.42,65.42,100.0,1,Clothing,7,1.6,9,3,7,Mobile,Gift Card,15.3,14,1,104,73.43,0.8815,Very Dissatisfied,Inactive User
AMZ-100541,54,Female,Middle East,2018,7,Prime,Diamond,3,72.03,24.01,33.33,1,Office,8,2.8,11,4,10,Desktop,Amazon Pay,64.35,8,1,380,92.63,0.9075,Neutral,Inactive User
AMZ-100542,67,Female,Southeast Asia,2015,10,Prime,Gold,36,13553.55,376.49,0.0,0,Toys,2,3.8,6,26,55,Alexa,Net Banking,72.93,7,1,312,14891.62,0.9841,Neutral,Premium Spender
AMZ-100543,52,Non-Binary,Middle East,2023,2,Prime,Gold,0,12.63,12.63,0.0,0,Home & Kitchen,8,2.9,31,1,19,Desktop,UPI,17.52,20,0,435,16.77,0.2393,Very Dissatisfied,Inactive User
AMZ-100544,69,Female,Latin America,2020,5,Prime,Gold,5,539.62,107.92,20.0,1,Grocery,9,2.5,36,11,28,Alexa,Net Banking,58.97,37,1,209,709.39,0.6993,Satisfied,Occasional Buyer
AMZ-100545,30,Male,East Asia,2022,3,Prime,Diamond,9,386.06,42.9,22.22,2,Office,3,3.2,18,14,15,Alexa,Net Banking,64.62,18,1,684,577.49,0.7704,Satisfied,Occasional Buyer
AMZ-100546,48,Non-Binary,East Asia,2023,2,Non-Prime,Platinum,43,5803.5,134.97,9.3,4,Toys,3,3.8,46,14,107,Mobile,UPI,14.06,24,0,709,7559.27,0.5599,Very Satisfied,Premium Spender
AMZ-100547,21,Female,South Asia,2021,4,Prime,Silver,29,630.2,21.73,31.03,9,Home & Kitchen,9,4.0,36,22,192,Tablet,Cash on Delivery,61.29,7,1,338,746.48,0.1355,Neutral,Bargain Hunter
AMZ-100548,48,Non-Binary,Europe,2021,4,Prime,Silver,29,1147.5,39.57,6.9,2,Sports,7,4.9,18,14,89,Desktop,Cash on Delivery,30.65,38,1,22,1300.81,0.5091,Satisfied,Loyal Shopper
AMZ-100549,44,Female,East Asia,2021,4,Prime,Silver,0,61.17,61.17,0.0,0,Office,9,2.1,14,3,16,Alexa,Cash on Delivery,19.58,10,3,364,90.78,0.2552,Dissatisfied,Inactive User
AMZ-100550,46,Male,Middle East,2015,10,Non-Prime,Platinum,48,4409.16,91.86,2.08,1,Electronics,7,3.7,9,27,179,Smart TV,Gift Card,43.51,30,3,59,4724.03,0.6959,Satisfied,Loyal Shopper
AMZ-100551,47,Female,Middle East,2020,5,Prime,Silver,28,10942.82,390.81,10.71,3,Sports,7,3.9,14,9,63,Desktop,UPI,13.03,3,4,305,16027.99,0.6284,Very Satisfied,Premium Spender
AMZ-100552,18,Non-Binary,Latin America,2020,5,Non-Prime,Platinum,31,3606.09,116.33,12.9,4,Office,6,3.1,5,13,52,Alexa,Net Banking,0.03,30,4,686,3693.65,0.448,Satisfied,Premium Spender
AMZ-100553,34,Non-Binary,South Asia,2016,9,Prime,Diamond,1,32.07,32.07,100.0,1,Clothing,5,2.9,12,1,6,Mobile,Debit Card,60.67,32,0,409,33.75,0.881,Dissatisfied,Inactive User
AMZ-100554,64,Female,North America,2015,10,Prime,Platinum,56,1672.86,29.87,0.0,0,Grocery,8,4.3,0,17,107,Tablet,Debit Card,27.28,23,0,448,2085.04,0.1607,Very Satisfied,Loyal Shopper
AMZ-100555,34,Male,Europe,2023,2,Prime,Gold,61,4562.33,74.79,3.28,2,Electronics,4,4.5,16,11,88,Desktop,Amazon Pay,53.6,19,1,642,6190.86,0.48,Satisfied,Loyal Shopper
AMZ-100556,37,Non-Binary,Middle East,2021,4,Non-Prime,Platinum,0,3.12,3.12,0.0,0,Automotive,6,2.9,23,2,0,Alexa,UPI,79.15,15,1,64,3.62,0.8676,Dissatisfied,Inactive User
AMZ-100557,27,Non-Binary,Europe,2020,5,Non-Prime,Gold,12,342.65,28.55,0.0,0,Clothing,9,3.0,44,19,24,Alexa,Credit Card,4.5,20,1,79,351.18,0.2685,Neutral,Occasional Buyer
AMZ-100558,58,Female,Middle East,2017,8,Non-Prime,Diamond,0,53.36,53.36,100.0,1,Books,6,2.9,21,4,16,Tablet,Debit Card,54.04,26,4,624,53.72,0.1622,Dissatisfied,Inactive User
AMZ-100559,45,Female,Europe,2020,5,Prime,Gold,40,1507.45,37.69,2.5,1,Office,1,4.6,43,35,140,Alexa,Gift Card,43.25,36,1,679,1788.75,0.4932,Satisfied,Loyal Shopper
AMZ-100560,60,Male,North America,2022,3,Non-Prime,Platinum,4,51.47,12.87,0.0,0,Automotive,9,1.2,16,1,1,Desktop,Net Banking,6.3,2,3,652,66.62,0.0892,Neutral,Inactive User
AMZ-100561,28,Male,North America,2016,9,Non-Prime,Platinum,4,50.18,12.54,0.0,0,Toys,1,2.6,13,1,1,Mobile,Gift Card,78.07,32,4,687,70.51,0.5366,Neutral,Inactive User
AMZ-100562,26,Non-Binary,Europe,2015,10,Prime,Platinum,12,456.41,38.03,0.0,0,Grocery,2,3.6,16,6,35,Alexa,Gift Card,55.25,22,4,234,505.89,0.6696,Satisfied,Occasional Buyer
AMZ-100563,38,Female,Latin America,2015,10,Prime,Platinum,38,5108.58,134.44,2.63,1,Grocery,3,4.2,20,27,107,Mobile,Credit Card,55.03,2,4,624,5328.02,0.7141,Satisfied,Premium Spender
AMZ-100564,61,Non-Binary,North America,2015,10,Prime,Gold,59,2664.2,45.16,0.0,0,Toys,3,3.8,9,13,175,Mobile,Debit Card,53.1,22,1,128,3277.1,0.1934,Very Satisfied,Loyal Shopper
AMZ-100565,50,Non-Binary,East Asia,2023,2,Prime,Silver,2,2.3,1.15,0.0,0,Clothing,4,2.8,28,4,18,Mobile,Gift Card,51.14,3,0,416,2.69,0.7079,Neutral,Inactive User
AMZ-100566,55,Male,North America,2017,8,Prime,Gold,5,468.33,93.67,0.0,0,Sports,8,2.3,10,9,52,Alexa,Credit Card,69.71,2,0,60,543.38,0.9963,Neutral,Occasional Buyer
AMZ-100567,66,Female,Southeast Asia,2020,5,Prime,Diamond,0,91.38,91.38,100.0,1,Toys,7,1.7,37,4,0,Smart TV,Amazon Pay,55.85,32,4,324,93.13,0.8708,Dissatisfied,Inactive User
AMZ-100568,48,Non-Binary,North America,2023,2,Non-Prime,Silver,29,507.8,17.51,17.24,5,Office,3,3.9,49,93,227,Mobile,Cash on Delivery,4.34,27,2,598,689.71,0.2496,Satisfied,Bargain Hunter
AMZ-100569,47,Non-Binary,East Asia,2021,4,Prime,Platinum,1,42.09,42.09,0.0,0,Grocery,2,2.9,31,4,6,Mobile,Amazon Pay,6.27,6,0,112,46.57,0.6688,Dissatisfied,Inactive User
AMZ-100570,43,Male,Europe,2016,9,Prime,Diamond,4,328.49,82.12,0.0,0,Toys,1,3.9,3,6,14,Mobile,Gift Card,20.29,25,0,288,359.03,0.2244,Satisfied,Occasional Buyer
AMZ-100571,59,Male,Latin America,2018,7,Prime,Platinum,64,894.79,13.98,3.12,2,Clothing,1,3.7,41,40,141,Tablet,Net Banking,62.71,25,0,105,1145.49,0.7286,Very Satisfied,Loyal Shopper
AMZ-100572,24,Non-Binary,East Asia,2016,9,Non-Prime,Gold,14,484.16,34.58,7.14,1,Books,5,3.4,18,9,33,Mobile,Credit Card,66.87,21,2,416,687.61,0.7013,Neutral,Occasional Buyer
AMZ-100573,63,Female,Middle East,2017,8,Non-Prime,Silver,3,82.67,27.56,0.0,0,Sports,4,2.7,41,1,0,Desktop,Net Banking,59.87,28,0,88,93.11,0.8296,Neutral,Inactive User
AMZ-100574,48,Female,Latin America,2015,10,Non-Prime,Gold,3,107.9,35.97,100.0,3,Clothing,5,3.1,44,8,45,Desktop,Debit Card,54.05,26,4,3,136.42,0.8106,Neutral,Occasional Buyer
AMZ-100575,25,Male,North America,2022,3,Prime,Silver,2,63.09,31.55,0.0,0,Grocery,9,1.7,37,2,11,Smart TV,Net Banking,58.65,33,2,627,80.2,0.1481,Very Dissatisfied,Inactive User
AMZ-100576,50,Female,Latin America,2018,7,Prime,Platinum,1,29.8,29.8,100.0,1,Books,3,1.8,20,2,10,Desktop,Net Banking,57.61,8,0,272,37.09,0.3829,Dissatisfied,Inactive User
AMZ-100577,22,Female,Europe,2021,4,Prime,Gold,1,82.46,82.46,100.0,1,Books,2,2.2,48,0,5,Tablet,UPI,9.4,18,4,135,82.95,0.9974,Very Dissatisfied,Inactive User
AMZ-100578,56,Female,Southeast Asia,2016,9,Prime,Platinum,9,313.2,34.8,33.33,3,Office,6,2.9,40,52,206,Tablet,Net Banking,16.9,24,2,540,363.4,0.7444,Neutral,Bargain Hunter
AMZ-100579,52,Non-Binary,Middle East,2017,8,Prime,Platinum,2,43.8,21.9,0.0,0,Toys,1,2.7,21,0,11,Desktop,Credit Card,52.05,8,0,721,63.54,0.7507,Dissatisfied,Inactive User
AMZ-100580,40,Male,Latin America,2017,8,Non-Prime,Diamond,4,72.52,18.13,25.0,1,Sports,7,3.1,29,5,12,Tablet,Debit Card,8.36,22,2,565,104.94,0.9743,Neutral,Occasional Buyer
AMZ-100581,71,Female,Southeast Asia,2021,4,Prime,Platinum,9,291.06,32.34,0.0,0,Automotive,4,2.5,48,17,31,Alexa,Credit Card,25.57,1,1,122,301.72,0.8123,Dissatisfied,Occasional Buyer
AMZ-100582,24,Female,East Asia,2023,2,Prime,Gold,78,4193.34,53.76,0.0,0,Sports,7,3.8,23,40,136,Mobile,Net Banking,67.35,4,0,541,4942.93,0.2774,Very Satisfied,Loyal Shopper
AMZ-100583,60,Non-Binary,Latin America,2022,3,Prime,Diamond,20,608.55,30.43,30.0,6,Office,2,4.2,35,96,166,Desktop,Credit Card,46.23,30,0,156,697.27,0.2669,Neutral,Bargain Hunter
AMZ-100584,35,Non-Binary,Middle East,2021,4,Prime,Gold,2,17.24,8.62,0.0,0,Beauty,1,2.2,37,2,7,Smart TV,Debit Card,57.52,28,1,146,24.85,0.5824,Very Dissatisfied,Inactive User
AMZ-100585,37,Female,South Asia,2015,10,Prime,Silver,0,67.81,67.81,100.0,1,Toys,1,1.8,4,3,15,Tablet,UPI,60.06,26,3,486,68.86,0.5542,Neutral,Inactive User
AMZ-100586,63,Male,East Asia,2021,4,Non-Prime,Gold,8,435.66,54.46,25.0,2,Grocery,6,2.5,9,96,142,Desktop,Gift Card,5.79,36,2,69,636.57,0.4259,Dissatisfied,Bargain Hunter
AMZ-100587,65,Non-Binary,Middle East,2020,5,Non-Prime,Gold,32,1029.68,32.18,0.0,0,Automotive,2,4.1,39,41,99,Tablet,Credit Card,4.38,10,0,182,1267.89,0.8065,Very Satisfied,Loyal Shopper
AMZ-100588,70,Male,North America,2020,5,Prime,Platinum,41,1392.73,33.97,2.44,1,Home & Kitchen,5,3.5,25,25,61,Mobile,Net Banking,16.69,27,3,484,1485.67,0.8059,Satisfied,Loyal Shopper
AMZ-100589,53,Female,Southeast Asia,2015,10,Prime,Silver,70,2746.24,39.23,0.0,0,Electronics,9,4.4,11,11,175,Tablet,Credit Card,55.05,27,0,169,3773.85,0.262,Satisfied,Loyal Shopper
AMZ-100590,60,Female,East Asia,2021,4,Non-Prime,Platinum,4,60.27,15.07,25.0,1,Office,9,2.1,6,4,14,Alexa,UPI,49.98,31,2,440,79.8,0.3387,Neutral,Inactive User
AMZ-100591,54,Non-Binary,Southeast Asia,2017,8,Prime,Silver,73,3776.82,51.74,0.0,0,Grocery,7,3.9,45,19,94,Tablet,Gift Card,71.78,12,1,577,4971.19,0.2883,Satisfied,Loyal Shopper
AMZ-100592,30,Female,East Asia,2020,5,Prime,Diamond,63,854.64,13.57,1.59,1,Automotive,5,4.9,0,28,82,Alexa,Credit Card,31.36,32,3,233,1133.37,0.7271,Satisfied,Loyal Shopper
AMZ-100593,22,Female,South Asia,2022,3,Prime,Silver,2,14.69,7.34,0.0,0,Grocery,9,2.7,41,0,11,Tablet,Debit Card,25.22,11,4,670,19.97,0.8546,Dissatisfied,Inactive User
AMZ-100594,42,Male,Europe,2015,10,Non-Prime,Silver,63,4346.49,68.99,3.17,2,Home & Kitchen,8,3.9,30,27,172,Smart TV,Cash on Delivery,41.28,1,0,444,4499.42,0.631,Very Satisfied,Loyal Shopper
AMZ-100595,28,Male,Southeast Asia,2017,8,Non-Prime,Diamond,2,259.63,129.81,50.0,1,Automotive,9,2.8,3,12,44,Desktop,UPI,7.6,31,3,113,365.25,0.0358,Satisfied,Occasional Buyer
AMZ-100596,52,Male,South Asia,2023,2,Prime,Gold,72,1464.8,20.34,0.0,0,Office,3,4.2,42,26,145,Alexa,Debit Card,37.18,12,2,143,1489.21,0.9128,Satisfied,Loyal Shopper
AMZ-100597,60,Non-Binary,South Asia,2017,8,Prime,Gold,60,2073.52,34.56,3.33,2,Sports,5,4.5,1,49,119,Desktop,UPI,45.68,12,0,490,2277.44,0.0553,Very Satisfied,Loyal Shopper
AMZ-100598,35,Non-Binary,Latin America,2016,9,Prime,Platinum,30,3174.18,105.81,0.0,0,Books,4,4.1,8,16,45,Desktop,Gift Card,0.68,7,2,646,4666.33,0.8921,Very Satisfied,Premium Spender
AMZ-100599,69,Female,South Asia,2023,2,Prime,Diamond,1,87.13,87.13,100.0,1,Office,6,1.0,37,3,19,Desktop,Cash on Delivery,59.73,25,0,727,125.81,0.1047,Very Dissatisfied,Inactive User
AMZ-100600,44,Non-Binary,Latin America,2023,2,Non-Prime,Platinum,2,21.0,10.5,0.0,0,Clothing,7,1.8,34,0,4,Tablet,Gift Card,35.32,34,3,358,28.41,0.4905,Dissatisfied,Inactive User
AMZ-100601,68,Male,South Asia,2015,10,Prime,Diamond,4,88.49,22.12,0.0,0,Clothing,8,2.2,15,4,18,Mobile,Credit Card,63.69,22,3,302,124.14,0.6692,Neutral,Inactive User
AMZ-100602,46,Male,Middle East,2023,2,Prime,Gold,30,3057.47,101.92,0.0,0,Automotive,7,3.6,44,41,108,Alexa,UPI,9.1,37,0,395,4543.33,0.0376,Satisfied,Loyal Shopper
AMZ-100603,64,Non-Binary,East Asia,2019,6,Prime,Silver,27,758.28,28.08,7.41,2,Automotive,8,3.0,32,46,203,Desktop,UPI,7.6,35,4,470,984.52,0.3372,Dissatisfied,Bargain Hunter
AMZ-100604,58,Non-Binary,Latin America,2020,5,Prime,Diamond,0,12.19,12.19,0.0,0,Beauty,9,2.0,48,1,5,Mobile,Net Banking,11.61,29,3,493,17.0,0.6635,Dissatisfied,Inactive User
AMZ-100605,33,Male,East Asia,2020,5,Prime,Diamond,1,95.02,95.02,0.0,0,Beauty,2,1.1,30,2,14,Alexa,Cash on Delivery,66.53,29,2,189,136.78,0.3149,Very Dissatisfied,Inactive User
AMZ-100606,43,Female,South Asia,2017,8,Prime,Diamond,3,98.19,32.73,33.33,1,Home & Kitchen,5,2.8,26,4,4,Mobile,Amazon Pay,6.75,29,2,121,123.54,0.1537,Dissatisfied,Inactive User
AMZ-100607,44,Female,Europe,2017,8,Prime,Silver,0,41.08,41.08,0.0,0,Electronics,8,1.0,31,4,14,Alexa,UPI,35.09,9,4,190,58.31,0.2977,Neutral,Inactive User
AMZ-100608,67,Male,Southeast Asia,2016,9,Non-Prime,Gold,12,687.04,57.25,58.33,7,Beauty,9,3.8,1,95,238,Smart TV,Amazon Pay,21.85,15,2,195,787.48,0.7053,Dissatisfied,Bargain Hunter
AMZ-100609,40,Female,Latin America,2022,3,Non-Prime,Platinum,29,604.19,20.83,20.69,6,Sports,8,3.9,47,45,106,Alexa,Gift Card,65.69,1,2,641,857.77,0.4482,Neutral,Bargain Hunter
AMZ-100610,48,Non-Binary,Europe,2020,5,Non-Prime,Diamond,4,39.88,9.97,25.0,1,Home & Kitchen,6,2.0,9,1,7,Smart TV,UPI,57.84,9,2,415,55.86,0.4105,Very Dissatisfied,Inactive User
AMZ-100611,68,Male,Europe,2016,9,Non-Prime,Diamond,3,74.51,24.84,33.33,1,Sports,9,1.4,28,2,7,Tablet,UPI,69.95,20,2,81,84.53,0.8119,Very Dissatisfied,Inactive User
AMZ-100612,50,Female,Latin America,2017,8,Prime,Silver,11,585.17,53.2,27.27,3,Home & Kitchen,5,4.0,46,15,59,Smart TV,Cash on Delivery,21.71,0,3,501,622.42,0.1757,Satisfied,Occasional Buyer
AMZ-100613,21,Male,Middle East,2022,3,Prime,Platinum,51,4628.88,90.76,0.0,0,Grocery,5,4.5,24,15,110,Alexa,Net Banking,26.22,38,3,179,5632.11,0.3967,Very Satisfied,Loyal Shopper
AMZ-100614,37,Female,Latin America,2015,10,Prime,Silver,25,775.96,31.04,16.0,4,Clothing,7,2.5,33,68,96,Smart TV,UPI,10.39,32,1,577,1042.07,0.8333,Neutral,Bargain Hunter
AMZ-100615,40,Male,Europe,2023,2,Prime,Platinum,36,9661.92,268.39,2.78,1,Books,1,4.5,8,14,54,Alexa,Credit Card,59.1,8,3,559,12224.61,0.4158,Satisfied,Premium Spender
AMZ-100616,43,Non-Binary,Latin America,2020,5,Non-Prime,Platinum,20,3624.55,181.23,20.0,4,Office,8,4.8,28,24,119,Mobile,Cash on Delivery,73.08,9,4,699,4423.32,0.5848,Neutral,Premium Spender
AMZ-100617,27,Female,North America,2021,4,Prime,Platinum,62,4190.85,67.59,0.0,0,Home & Kitchen,3,4.6,35,13,131,Mobile,Cash on Delivery,59.38,13,1,527,5838.87,0.0181,Satisfied,Loyal Shopper
AMZ-100618,40,Non-Binary,Latin America,2016,9,Prime,Gold,3,28.05,9.35,33.33,1,Electronics,5,2.5,20,0,18,Tablet,Debit Card,9.44,3,0,413,29.83,0.9336,Neutral,Inactive User
AMZ-100619,69,Male,Europe,2019,6,Prime,Platinum,8,263.53,32.94,37.5,3,Toys,6,4.1,4,81,94,Smart TV,UPI,24.85,8,4,661,316.78,0.8754,Neutral,Bargain Hunter
AMZ-100620,64,Non-Binary,Latin America,2020,5,Prime,Silver,61,2491.66,40.85,1.64,1,Grocery,9,3.6,49,14,172,Tablet,Net Banking,65.9,39,2,559,2623.22,0.7065,Very Satisfied,Loyal Shopper
AMZ-100621,36,Female,Europe,2019,6,Prime,Gold,2,71.2,35.6,0.0,0,Office,2,1.8,24,2,13,Desktop,Gift Card,33.65,16,2,317,86.73,0.1948,Neutral,Inactive User
AMZ-100622,23,Male,Europe,2023,2,Prime,Diamond,18,10810.4,600.58,11.11,2,Grocery,1,3.4,7,27,94,Mobile,UPI,15.84,20,0,686,10847.09,0.1529,Very Satisfied,Premium Spender
AMZ-100623,27,Female,Europe,2015,10,Prime,Platinum,23,256.67,11.16,21.74,5,Grocery,6,3.2,16,90,209,Alexa,Amazon Pay,55.62,17,1,463,353.91,0.5824,Dissatisfied,Bargain Hunter
AMZ-100624,54,Non-Binary,Southeast Asia,2016,9,Prime,Platinum,46,9926.4,215.79,4.35,2,Automotive,5,3.1,25,5,74,Smart TV,UPI,20.41,0,0,33,14268.9,0.8108,Neutral,Premium Spender
AMZ-100625,43,Male,Europe,2018,7,Prime,Diamond,11,632.53,57.5,45.45,5,Home & Kitchen,3,2.5,46,36,101,Desktop,Cash on Delivery,23.61,33,4,546,740.65,0.1683,Satisfied,Bargain Hunter
AMZ-100626,38,Female,Middle East,2022,3,Non-Prime,Silver,9,247.75,27.53,11.11,1,Sports,7,2.3,28,15,15,Desktop,Amazon Pay,8.88,31,4,58,360.38,0.1018,Dissatisfied,Occasional Buyer
AMZ-100627,32,Non-Binary,Latin America,2020,5,Prime,Silver,26,206.86,7.96,11.54,3,Grocery,5,3.9,2,85,113,Desktop,Gift Card,17.29,36,2,446,247.28,0.7908,Satisfied,Bargain Hunter
AMZ-100628,34,Male,Middle East,2022,3,Prime,Gold,12,588.18,49.01,25.0,3,Home & Kitchen,8,2.0,6,1,45,Smart TV,Net Banking,49.1,30,2,569,853.3,0.0347,Dissatisfied,Occasional Buyer
AMZ-100629,71,Non-Binary,South Asia,2018,7,Prime,Gold,38,858.59,22.59,0.0,0,Home & Kitchen,7,4.5,28,16,107,Desktop,Cash on Delivery,47.11,8,3,687,928.8,0.0336,Very Satisfied,Loyal Shopper
AMZ-100630,33,Male,East Asia,2021,4,Prime,Silver,36,2471.97,68.67,0.0,0,Books,3,3.5,38,18,147,Smart TV,UPI,64.83,10,4,715,3588.44,0.6723,Satisfied,Loyal Shopper
AMZ-100631,29,Male,East Asia,2019,6,Prime,Platinum,16,457.27,28.58,18.75,3,Office,3,4.4,39,88,181,Tablet,Gift Card,55.86,38,1,136,574.72,0.2403,Dissatisfied,Bargain Hunter
AMZ-100632,20,Female,South Asia,2017,8,Non-Prime,Platinum,4,4.03,1.01,25.0,1,Toys,7,1.4,41,2,18,Desktop,Cash on Delivery,78.87,25,4,145,5.94,0.9299,Very Dissatisfied,Inactive User
AMZ-100633,25,Male,Middle East,2022,3,Prime,Diamond,2,86.69,43.34,50.0,1,Grocery,9,2.5,45,0,19,Mobile,UPI,56.93,18,4,335,117.22,0.5586,Dissatisfied,Inactive User
AMZ-100634,62,Non-Binary,East Asia,2019,6,Prime,Diamond,8,305.52,38.19,12.5,1,Books,2,3.5,3,14,14,Alexa,Gift Card,75.28,10,0,340,425.45,0.8216,Dissatisfied,Occasional Buyer
AMZ-100635,61,Male,North America,2020,5,Non-Prime,Gold,12,118.71,9.89,8.33,1,Toys,8,2.1,6,16,42,Alexa,Credit Card,7.84,13,2,115,169.31,0.5484,Satisfied,Occasional Buyer
AMZ-100636,41,Non-Binary,East Asia,2023,2,Prime,Gold,12,508.36,42.36,0.0,0,Grocery,9,2.7,15,6,38,Tablet,Debit Card,18.67,5,4,212,687.28,0.6508,Dissatisfied,Occasional Buyer
AMZ-100637,52,Non-Binary,Europe,2016,9,Prime,Gold,9,484.43,53.83,11.11,1,Automotive,2,3.2,29,15,10,Smart TV,Debit Card,23.5,10,2,226,523.33,0.3407,Dissatisfied,Occasional Buyer
AMZ-100638,61,Female,Europe,2023,2,Prime,Platinum,27,5048.13,186.97,11.11,3,Automotive,3,4.3,45,26,88,Desktop,UPI,48.48,5,2,594,6854.51,0.7882,Very Satisfied,Premium Spender
AMZ-100639,71,Male,Latin America,2019,6,Prime,Gold,78,3226.18,41.36,0.0,0,Grocery,7,4.0,44,14,83,Smart TV,Cash on Delivery,67.7,13,4,499,4598.56,0.4239,Very Satisfied,Loyal Shopper
AMZ-100640,40,Male,East Asia,2017,8,Non-Prime,Gold,32,9116.68,284.9,0.0,0,Automotive,4,3.8,7,23,107,Mobile,Debit Card,45.65,15,0,130,10840.98,0.4732,Satisfied,Premium Spender
AMZ-100641,30,Male,East Asia,2019,6,Non-Prime,Platinum,46,13894.47,302.05,2.17,1,Automotive,1,3.8,12,23,79,Tablet,Amazon Pay,15.93,10,4,7,15744.14,0.4972,Neutral,Premium Spender
AMZ-100642,62,Male,Southeast Asia,2019,6,Prime,Gold,3,24.67,8.22,33.33,1,Electronics,9,1.9,27,2,19,Desktop,Cash on Delivery,33.3,32,0,591,28.1,0.8965,Neutral,Inactive User
AMZ-100643,50,Non-Binary,North America,2022,3,Prime,Platinum,1,432.15,432.15,0.0,0,Sports,8,2.9,28,3,24,Tablet,Amazon Pay,76.97,30,0,693,605.78,0.9956,Dissatisfied,Occasional Buyer
AMZ-100644,33,Female,Europe,2016,9,Prime,Diamond,4,43.68,10.92,25.0,1,Books,4,2.0,44,0,18,Tablet,Cash on Delivery,72.63,28,1,277,57.88,0.6537,Neutral,Inactive User
AMZ-100645,24,Non-Binary,Middle East,2019,6,Non-Prime,Gold,4,0.3,0.07,0.0,0,Sports,8,1.5,36,3,14,Tablet,Amazon Pay,1.44,11,3,371,0.42,0.8986,Dissatisfied,Inactive User
AMZ-100646,38,Non-Binary,Southeast Asia,2022,3,Prime,Diamond,4,93.86,23.46,25.0,1,Office,1,1.4,6,3,1,Tablet,Gift Card,1.78,2,3,306,108.38,0.2806,Very Dissatisfied,Inactive User
AMZ-100647,39,Non-Binary,East Asia,2019,6,Prime,Diamond,29,3593.5,123.91,3.45,1,Office,8,4.5,16,26,88,Alexa,Gift Card,14.84,10,1,38,4167.23,0.2522,Very Satisfied,Loyal Shopper
AMZ-100648,29,Male,Europe,2017,8,Prime,Platinum,29,438.37,15.12,27.59,8,Beauty,7,3.0,20,96,158,Tablet,Net Banking,52.91,6,1,489,443.3,0.4441,Neutral,Bargain Hunter
AMZ-100649,52,Non-Binary,Southeast Asia,2019,6,Prime,Diamond,4,265.42,66.36,0.0,0,Beauty,1,3.2,42,15,48,Alexa,UPI,62.99,27,4,397,383.21,0.4708,Satisfied,Occasional Buyer
AMZ-100650,33,Male,South Asia,2020,5,Prime,Gold,26,10940.32,420.78,7.69,2,Home & Kitchen,4,4.6,14,8,46,Tablet,Net Banking,29.89,11,4,427,16242.88,0.9596,Neutral,Premium Spender
AMZ-100651,44,Male,Southeast Asia,2018,7,Prime,Silver,15,553.75,36.92,46.67,7,Books,7,3.3,28,99,131,Smart TV,UPI,53.13,8,4,568,797.91,0.4853,Neutral,Bargain Hunter
AMZ-100652,47,Female,Middle East,2020,5,Prime,Silver,11,155.43,14.13,54.55,6,Sports,4,3.5,1,60,169,Alexa,Debit Card,22.46,20,2,619,182.2,0.0615,Neutral,Bargain Hunter
AMZ-100653,40,Female,Europe,2021,4,Prime,Gold,22,637.89,29.0,40.91,9,Sports,2,4.3,40,36,138,Smart TV,Net Banking,63.8,14,2,722,684.15,0.7368,Dissatisfied,Bargain Hunter
AMZ-100654,26,Non-Binary,East Asia,2015,10,Prime,Silver,43,4610.42,107.22,4.65,2,Electronics,1,4.6,0,46,134,Tablet,Cash on Delivery,52.43,25,4,414,6345.8,0.8233,Very Satisfied,Loyal Shopper
AMZ-100655,58,Female,East Asia,2018,7,Non-Prime,Platinum,8,298.35,37.29,25.0,2,Grocery,7,2.8,0,10,50,Smart TV,Debit Card,45.73,18,3,409,312.93,0.015,Dissatisfied,Occasional Buyer
AMZ-100656,69,Non-Binary,Middle East,2016,9,Prime,Diamond,4,10.22,2.56,25.0,1,Grocery,2,2.7,31,2,2,Alexa,Amazon Pay,22.16,25,2,245,13.67,0.2215,Dissatisfied,Inactive User
AMZ-100657,27,Non-Binary,South Asia,2017,8,Prime,Diamond,1,348.4,348.4,200.0,2,Sports,8,4.0,12,3,52,Tablet,Gift Card,33.45,3,4,456,441.8,0.4491,Dissatisfied,Occasional Buyer
AMZ-100658,61,Female,North America,2017,8,Prime,Gold,5,559.96,111.99,20.0,1,Beauty,2,3.2,33,11,21,Tablet,Gift Card,35.26,3,3,473,603.57,0.8804,Neutral,Occasional Buyer
AMZ-100659,31,Non-Binary,Southeast Asia,2022,3,Prime,Platinum,2,97.38,48.69,0.0,0,Electronics,3,1.0,37,2,19,Smart TV,Cash on Delivery,13.74,22,1,45,100.48,0.2211,Dissatisfied,Inactive User
AMZ-100660,45,Male,East Asia,2017,8,Prime,Platinum,4,350.25,87.56,50.0,2,Home & Kitchen,1,2.1,27,10,25,Smart TV,UPI,31.91,22,3,268,491.78,0.1762,Satisfied,Occasional Buyer
AMZ-100661,54,Male,South Asia,2020,5,Non-Prime,Diamond,29,7735.92,266.76,6.9,2,Toys,7,4.4,33,26,43,Desktop,Amazon Pay,41.9,39,0,129,7782.61,0.5189,Neutral,Premium Spender
AMZ-100662,55,Non-Binary,South Asia,2020,5,Non-Prime,Platinum,21,363.34,17.3,42.86,9,Sports,9,2.6,32,29,165,Alexa,Cash on Delivery,21.01,36,4,602,520.22,0.6741,Satisfied,Bargain Hunter
AMZ-100663,52,Male,East Asia,2019,6,Prime,Gold,11,447.97,40.72,27.27,3,Clothing,3,3.6,7,16,43,Tablet,Credit Card,5.11,27,4,367,559.0,0.3133,Dissatisfied,Occasional Buyer
AMZ-100664,66,Female,Europe,2017,8,Non-Prime,Diamond,35,11409.1,325.97,8.57,3,Home & Kitchen,4,4.5,23,16,83,Tablet,Credit Card,28.48,10,4,602,15649.48,0.2521,Very Satisfied,Premium Spender
AMZ-100665,64,Non-Binary,North America,2019,6,Prime,Silver,39,2420.61,62.07,2.56,1,Sports,3,5.0,22,17,102,Tablet,Debit Card,22.57,14,1,572,3045.79,0.5047,Very Satisfied,Loyal Shopper
AMZ-100666,71,Male,South Asia,2019,6,Prime,Gold,17,8768.68,515.8,11.76,2,Electronics,1,4.9,13,16,41,Smart TV,Debit Card,66.57,9,2,419,10456.87,0.7396,Very Satisfied,Premium Spender
AMZ-100667,38,Female,East Asia,2020,5,Prime,Platinum,6,320.53,53.42,0.0,0,Automotive,1,2.0,36,11,39,Mobile,Amazon Pay,10.17,8,0,46,361.35,0.2632,Dissatisfied,Occasional Buyer
AMZ-100668,26,Male,Europe,2019,6,Prime,Silver,26,125.94,4.84,26.92,7,Grocery,8,3.6,13,35,142,Smart TV,Debit Card,27.12,29,3,115,145.39,0.6589,Neutral,Bargain Hunter
AMZ-100669,52,Female,East Asia,2019,6,Prime,Silver,38,2699.55,71.04,2.63,1,Home & Kitchen,5,3.5,15,40,94,Smart TV,Cash on Delivery,4.62,37,1,223,3180.59,0.3235,Satisfied,Loyal Shopper
AMZ-100670,61,Non-Binary,North America,2020,5,Prime,Diamond,16,9004.0,562.75,6.25,1,Books,7,4.0,49,12,83,Alexa,Net Banking,44.17,7,3,13,12460.91,0.0405,Satisfied,Premium Spender
AMZ-100671,50,Female,Latin America,2015,10,Prime,Platinum,79,3599.78,45.57,2.53,2,Clothing,4,4.4,46,23,86,Mobile,Net Banking,28.58,31,2,422,3750.74,0.9928,Satisfied,Loyal Shopper
AMZ-100672,68,Male,Europe,2019,6,Prime,Platinum,1,41.67,41.67,0.0,0,Home & Kitchen,8,1.8,26,0,5,Tablet,Credit Card,0.66,17,4,102,48.1,0.2924,Neutral,Inactive User
AMZ-100673,19,Male,Latin America,2023,2,Prime,Platinum,59,4664.83,79.06,0.0,0,Electronics,4,3.6,17,45,93,Desktop,Cash on Delivery,14.83,17,0,31,4769.51,0.9201,Very Satisfied,Loyal Shopper
AMZ-100674,54,Male,Southeast Asia,2022,3,Prime,Silver,6,323.15,53.86,50.0,3,Electronics,3,2.3,27,14,53,Alexa,Cash on Delivery,8.38,29,2,45,422.62,0.0128,Satisfied,Occasional Buyer
AMZ-100675,52,Non-Binary,South Asia,2016,9,Prime,Silver,28,12992.2,464.01,10.71,3,Home & Kitchen,2,3.4,4,27,68,Desktop,Gift Card,73.34,10,2,238,15155.45,0.3736,Very Satisfied,Premium Spender
AMZ-100676,55,Non-Binary,Europe,2022,3,Non-Prime,Silver,17,672.19,39.54,11.76,2,Electronics,6,4.4,43,81,122,Tablet,Net Banking,34.31,3,3,477,951.75,0.9805,Dissatisfied,Bargain Hunter
AMZ-100677,40,Male,Southeast Asia,2015,10,Prime,Platinum,51,2052.42,40.24,3.92,2,Grocery,5,4.4,11,17,164,Tablet,Cash on Delivery,29.21,12,2,595,2425.51,0.5315,Very Satisfied,Loyal Shopper
AMZ-100678,57,Male,North America,2016,9,Non-Prime,Diamond,28,10656.04,380.57,0.0,0,Beauty,8,4.3,13,22,65,Desktop,Amazon Pay,64.4,39,0,728,15849.15,0.6039,Very Satisfied,Premium Spender
AMZ-100679,33,Non-Binary,Southeast Asia,2023,2,Non-Prime,Platinum,17,499.6,29.39,47.06,8,Grocery,9,3.6,37,56,148,Smart TV,Debit Card,57.72,22,0,637,744.42,0.3937,Satisfied,Bargain Hunter
AMZ-100680,25,Non-Binary,Europe,2022,3,Prime,Diamond,3,72.71,24.24,33.33,1,Sports,8,1.2,39,3,17,Alexa,Cash on Delivery,29.32,14,3,699,76.87,0.3144,Dissatisfied,Inactive User
AMZ-100681,50,Male,Middle East,2018,7,Prime,Diamond,4,86.39,21.6,0.0,0,Sports,7,2.6,23,3,12,Tablet,UPI,60.95,37,4,508,100.33,0.6449,Dissatisfied,Inactive User
AMZ-100682,42,Male,East Asia,2019,6,Non-Prime,Diamond,5,167.84,33.57,20.0,1,Clothing,9,2.7,48,9,24,Mobile,UPI,47.35,37,2,342,177.61,0.5965,Dissatisfied,Occasional Buyer
AMZ-100683,39,Male,Europe,2018,7,Non-Prime,Silver,1,266.69,266.69,0.0,0,Grocery,7,2.5,7,12,50,Smart TV,Debit Card,26.63,8,0,375,351.69,0.5534,Satisfied,Occasional Buyer
AMZ-100684,52,Female,East Asia,2015,10,Non-Prime,Gold,3,69.65,23.22,33.33,1,Office,1,1.8,28,4,17,Tablet,Amazon Pay,16.3,3,3,318,87.58,0.1654,Neutral,Inactive User
AMZ-100685,32,Female,North America,2015,10,Prime,Silver,31,7487.13,241.52,12.9,4,Electronics,2,4.1,5,16,118,Desktop,Debit Card,27.25,19,0,314,7930.2,0.7607,Very Satisfied,Premium Spender
AMZ-100686,23,Male,Southeast Asia,2020,5,Prime,Silver,28,356.87,12.75,7.14,2,Electronics,1,2.7,29,32,218,Alexa,Net Banking,3.11,22,1,50,498.69,0.1129,Neutral,Bargain Hunter
AMZ-100687,24,Female,Middle East,2020,5,Non-Prime,Platinum,18,6666.92,370.38,0.0,0,Electronics,7,4.0,49,28,107,Tablet,Debit Card,22.52,25,2,316,8181.21,0.7196,Very Satisfied,Premium Spender
AMZ-100688,35,Male,North America,2020,5,Prime,Diamond,0,70.24,70.24,0.0,0,Books,2,2.3,47,4,7,Smart TV,Cash on Delivery,36.49,2,1,468,90.3,0.9531,Neutral,Inactive User
AMZ-100689,32,Non-Binary,Latin America,2022,3,Prime,Platinum,6,749.29,124.88,66.67,4,Electronics,1,3.1,17,97,143,Alexa,Amazon Pay,75.33,22,2,52,1053.43,0.7418,Satisfied,Bargain Hunter
AMZ-100690,44,Non-Binary,North America,2015,10,Prime,Silver,1,27.61,27.61,0.0,0,Home & Kitchen,5,2.9,42,1,8,Alexa,Credit Card,41.37,23,1,431,34.83,0.0451,Dissatisfied,Inactive User
AMZ-100691,30,Male,Middle East,2019,6,Prime,Gold,5,243.15,48.63,180.0,9,Home & Kitchen,6,3.2,4,84,203,Alexa,Net Banking,64.2,20,3,657,255.56,0.6014,Dissatisfied,Bargain Hunter
AMZ-100692,51,Non-Binary,Latin America,2018,7,Non-Prime,Diamond,59,2955.52,50.09,0.0,0,Books,8,4.8,5,31,82,Alexa,Amazon Pay,63.36,34,1,662,3155.64,0.2913,Very Satisfied,Loyal Shopper
AMZ-100693,46,Non-Binary,Southeast Asia,2016,9,Prime,Gold,31,12596.14,406.33,0.0,0,Clothing,7,3.9,46,27,99,Alexa,Gift Card,36.88,0,2,61,15128.79,0.6439,Very Satisfied,Premium Spender
AMZ-100694,55,Non-Binary,South Asia,2015,10,Non-Prime,Diamond,3,25.06,8.35,33.33,1,Beauty,8,1.8,19,4,16,Tablet,UPI,20.0,3,4,699,31.59,0.2686,Very Dissatisfied,Inactive User
AMZ-100695,57,Female,East Asia,2016,9,Non-Prime,Diamond,14,372.7,26.62,14.29,2,Beauty,5,3.6,9,16,59,Alexa,Debit Card,40.92,23,2,606,467.4,0.063,Dissatisfied,Occasional Buyer
AMZ-100696,50,Male,Southeast Asia,2018,7,Non-Prime,Platinum,1,54.42,54.42,100.0,1,Beauty,4,2.1,44,1,1,Smart TV,Gift Card,24.83,4,0,123,65.35,0.909,Neutral,Inactive User
AMZ-100697,60,Non-Binary,North America,2015,10,Prime,Silver,32,14199.72,443.74,0.0,0,Grocery,8,3.7,0,7,99,Desktop,Amazon Pay,10.57,35,4,23,14426.1,0.0761,Satisfied,Premium Spender
AMZ-100698,30,Male,South Asia,2022,3,Prime,Silver,9,520.95,57.88,88.89,8,Sports,3,3.6,0,67,140,Alexa,UPI,15.32,25,0,33,640.63,0.9918,Satisfied,Bargain Hunter
AMZ-100699,69,Non-Binary,South Asia,2018,7,Prime,Silver,4,0.01,0.0,0.0,0,Automotive,9,2.9,5,3,14,Tablet,Debit Card,7.46,11,3,175,0.01,0.5706,Neutral,Inactive User
AMZ-100700,36,Female,Middle East,2020,5,Prime,Gold,50,4482.74,89.65,2.0,1,Sports,3,3.7,11,12,62,Tablet,Credit Card,19.33,9,0,396,4491.18,0.6314,Satisfied,Loyal Shopper
AMZ-100701,21,Non-Binary,South Asia,2017,8,Non-Prime,Silver,2,32.94,16.47,0.0,0,Beauty,1,2.1,12,4,5,Smart TV,Debit Card,21.31,18,2,10,47.6,0.3839,Very Dissatisfied,Inactive User
AMZ-100702,59,Non-Binary,Middle East,2017,8,Prime,Platinum,39,8711.31,223.37,7.69,3,Electronics,8,3.2,42,20,62,Alexa,Gift Card,12.32,19,2,379,9262.21,0.4145,Very Satisfied,Premium Spender
AMZ-100703,38,Female,Europe,2019,6,Prime,Diamond,22,586.84,26.67,31.82,7,Books,9,3.9,26,37,238,Desktop,Net Banking,3.39,22,3,430,823.69,0.7574,Neutral,Bargain Hunter
AMZ-100704,27,Non-Binary,East Asia,2017,8,Non-Prime,Diamond,2,98.95,49.48,50.0,1,Electronics,8,1.5,15,2,14,Tablet,UPI,61.23,18,2,687,112.81,0.146,Dissatisfied,Inactive User
AMZ-100705,31,Non-Binary,Middle East,2021,4,Prime,Platinum,18,253.73,14.1,44.44,8,Grocery,5,3.9,40,35,216,Desktop,Debit Card,78.12,16,3,348,318.86,0.8253,Satisfied,Bargain Hunter
AMZ-100706,59,Non-Binary,Southeast Asia,2022,3,Prime,Silver,29,754.36,26.01,20.69,6,Home & Kitchen,4,4.2,49,63,93,Smart TV,Amazon Pay,40.96,17,0,276,922.13,0.6685,Dissatisfied,Bargain Hunter
AMZ-100707,48,Male,Europe,2015,10,Prime,Diamond,19,13508.6,710.98,15.79,3,Office,5,4.6,26,8,72,Mobile,UPI,27.25,36,1,321,18451.24,0.1647,Satisfied,Premium Spender
AMZ-100708,41,Male,Southeast Asia,2018,7,Non-Prime,Diamond,18,6178.4,343.24,11.11,2,Clothing,5,3.7,42,29,40,Desktop,Gift Card,64.4,16,2,538,6950.32,0.6162,Neutral,Premium Spender
AMZ-100709,67,Female,Southeast Asia,2021,4,Non-Prime,Gold,1,98.92,98.92,100.0,1,Grocery,6,1.9,39,2,16,Alexa,Net Banking,27.25,32,2,284,105.73,0.3691,Dissatisfied,Inactive User
AMZ-100710,46,Male,North America,2018,7,Prime,Diamond,4,63.27,15.82,25.0,1,Beauty,9,3.0,8,2,5,Alexa,Credit Card,60.94,25,2,474,87.07,0.8639,Dissatisfied,Inactive User
AMZ-100711,43,Female,Southeast Asia,2015,10,Prime,Platinum,25,377.36,15.09,16.0,4,Home & Kitchen,5,3.3,8,74,193,Tablet,Amazon Pay,66.84,21,1,722,480.51,0.7093,Dissatisfied,Bargain Hunter
AMZ-100712,57,Male,East Asia,2021,4,Prime,Gold,3,6.94,2.31,33.33,1,Beauty,8,2.6,12,4,13,Alexa,Cash on Delivery,62.24,14,1,42,9.21,0.9226,Neutral,Inactive User
AMZ-100713,25,Male,Southeast Asia,2021,4,Prime,Gold,41,14837.37,361.89,2.44,1,Home & Kitchen,3,4.4,44,24,110,Tablet,Debit Card,36.97,6,4,180,19140.49,0.7197,Very Satisfied,Premium Spender
AMZ-100714,66,Non-Binary,North America,2020,5,Prime,Gold,29,608.89,21.0,6.9,2,Sports,4,3.3,23,46,215,Mobile,Amazon Pay,42.12,18,1,602,865.09,0.011,Neutral,Bargain Hunter
AMZ-100715,55,Female,Southeast Asia,2021,4,Prime,Platinum,14,108.82,7.77,14.29,2,Home & Kitchen,9,2.7,19,72,238,Alexa,Debit Card,60.32,6,4,559,112.68,0.5982,Satisfied,Bargain Hunter
AMZ-100716,49,Non-Binary,Southeast Asia,2016,9,Non-Prime,Gold,35,1394.52,39.84,5.71,2,Electronics,1,4.8,12,16,64,Smart TV,UPI,75.93,20,3,570,1829.35,0.5587,Satisfied,Loyal Shopper
AMZ-100717,28,Female,South Asia,2023,2,Prime,Platinum,3,82.87,27.62,0.0,0,Home & Kitchen,6,2.6,16,0,10,Alexa,Amazon Pay,21.05,21,4,303,89.69,0.1487,Dissatisfied,Inactive User
AMZ-100718,49,Non-Binary,North America,2023,2,Prime,Diamond,20,219.83,10.99,35.0,7,Sports,2,2.7,13,32,112,Tablet,Cash on Delivery,25.5,35,2,119,314.29,0.2563,Satisfied,Bargain Hunter
AMZ-100719,18,Female,East Asia,2018,7,Non-Prime,Diamond,29,677.64,23.37,6.9,2,Home & Kitchen,4,3.1,3,40,120,Smart TV,UPI,36.61,8,2,300,985.72,0.5122,Neutral,Bargain Hunter
AMZ-100720,33,Female,East Asia,2019,6,Non-Prime,Silver,27,321.79,11.92,33.33,9,Clothing,7,4.0,0,99,196,Desktop,UPI,22.39,2,3,265,323.04,0.753,Satisfied,Bargain Hunter
AMZ-100721,53,Non-Binary,North America,2022,3,Prime,Gold,37,3988.19,107.79,8.11,3,Grocery,4,3.0,23,25,55,Tablet,Amazon Pay,56.83,5,3,452,5152.52,0.2098,Very Satisfied,Premium Spender
AMZ-100722,32,Non-Binary,South Asia,2020,5,Prime,Platinum,35,10387.34,296.78,8.57,3,Beauty,7,3.2,13,18,76,Tablet,Net Banking,48.72,37,2,682,13151.98,0.0759,Neutral,Premium Spender
AMZ-100723,34,Non-Binary,Europe,2016,9,Prime,Platinum,1,393.07,393.07,100.0,1,Toys,6,2.4,41,16,38,Mobile,UPI,39.25,38,2,52,464.49,0.4645,Neutral,Occasional Buyer
AMZ-100724,28,Male,Europe,2017,8,Prime,Gold,12,101.95,8.5,0.0,0,Books,1,4.0,10,13,43,Smart TV,UPI,50.74,8,2,220,111.47,0.3459,Neutral,Occasional Buyer
AMZ-100725,36,Non-Binary,South Asia,2022,3,Prime,Gold,3,46.91,15.64,0.0,0,Office,1,1.7,2,1,4,Desktop,Gift Card,27.04,29,1,516,66.3,0.1069,Neutral,Inactive User
AMZ-100726,48,Female,Southeast Asia,2015,10,Non-Prime,Gold,14,328.93,23.5,7.14,1,Home & Kitchen,5,3.6,29,8,24,Desktop,UPI,30.33,25,0,409,475.47,0.4962,Satisfied,Occasional Buyer
AMZ-100727,39,Male,East Asia,2020,5,Prime,Platinum,2,31.14,15.57,0.0,0,Grocery,2,2.7,46,0,1,Desktop,Gift Card,59.43,9,2,185,45.98,0.4054,Neutral,Inactive User
AMZ-100728,21,Female,North America,2020,5,Non-Prime,Silver,22,1406.96,63.95,4.55,1,Clothing,6,3.7,23,33,117,Tablet,Cash on Delivery,63.28,9,1,679,1565.0,0.7269,Very Satisfied,Loyal Shopper
AMZ-100729,60,Female,Southeast Asia,2022,3,Prime,Platinum,57,1904.28,33.41,1.75,1,Automotive,9,4.1,3,19,80,Tablet,Debit Card,61.8,33,4,388,2692.49,0.0226,Very Satisfied,Loyal Shopper
AMZ-100730,45,Male,South Asia,2019,6,Prime,Platinum,71,1662.55,23.42,0.0,0,Office,7,4.6,42,33,104,Alexa,UPI,77.75,33,0,356,2234.38,0.9387,Very Satisfied,Loyal Shopper
AMZ-100731,20,Male,Latin America,2019,6,Prime,Platinum,76,4670.02,61.45,1.32,1,Books,3,4.1,18,22,106,Smart TV,Debit Card,47.63,21,0,378,6992.25,0.9566,Very Satisfied,Loyal Shopper
AMZ-100732,20,Female,Latin America,2019,6,Non-Prime,Platinum,4,68.84,17.21,0.0,0,Clothing,6,1.6,12,2,9,Smart TV,Gift Card,48.24,39,1,279,75.49,0.6679,Neutral,Inactive User
AMZ-100733,46,Male,South Asia,2021,4,Prime,Silver,16,4585.94,286.62,25.0,4,Toys,5,3.8,36,21,74,Mobile,Amazon Pay,22.99,7,3,493,5683.32,0.6991,Satisfied,Premium Spender
AMZ-100734,23,Non-Binary,Latin America,2016,9,Prime,Gold,38,9752.27,256.64,7.89,3,Books,5,4.9,8,7,78,Desktop,Gift Card,20.4,2,0,727,11241.66,0.7446,Satisfied,Premium Spender
AMZ-100735,62,Non-Binary,Europe,2020,5,Prime,Gold,4,41.2,10.3,25.0,1,Toys,3,2.2,12,2,18,Smart TV,Cash on Delivery,51.96,21,4,227,53.15,0.9481,Very Dissatisfied,Inactive User
AMZ-100736,31,Non-Binary,East Asia,2023,2,Prime,Platinum,11,433.54,39.41,54.55,6,Toys,4,3.2,12,23,170,Alexa,Net Banking,76.99,25,1,223,498.15,0.3831,Dissatisfied,Bargain Hunter
AMZ-100737,43,Non-Binary,Middle East,2019,6,Non-Prime,Silver,1,27.48,27.48,0.0,0,Grocery,3,1.2,39,1,12,Mobile,Gift Card,41.84,0,0,390,30.43,0.7156,Neutral,Inactive User
AMZ-100738,39,Male,Middle East,2016,9,Non-Prime,Diamond,25,13939.42,557.58,12.0,3,Electronics,9,4.0,16,28,49,Alexa,Gift Card,20.62,39,1,177,17416.27,0.2151,Satisfied,Premium Spender
AMZ-100739,65,Male,South Asia,2016,9,Prime,Diamond,3,7.36,2.45,33.33,1,Toys,5,2.3,7,4,13,Tablet,Cash on Delivery,11.06,23,0,537,8.05,0.1257,Neutral,Inactive User
AMZ-100740,35,Male,Southeast Asia,2017,8,Prime,Silver,12,197.56,16.46,25.0,3,Grocery,7,3.7,42,6,46,Desktop,Gift Card,1.47,2,3,203,281.71,0.684,Dissatisfied,Occasional Buyer
AMZ-100741,67,Non-Binary,Middle East,2019,6,Prime,Gold,30,10912.55,363.75,13.33,4,Office,4,3.7,1,16,110,Alexa,Debit Card,39.35,2,3,203,12263.01,0.0797,Satisfied,Premium Spender
AMZ-100742,29,Female,Southeast Asia,2023,2,Prime,Gold,31,5368.84,173.19,0.0,0,Automotive,7,4.2,40,27,98,Alexa,Net Banking,58.58,10,2,519,7070.91,0.7609,Neutral,Premium Spender
AMZ-100743,70,Male,Europe,2023,2,Prime,Gold,39,1921.7,49.27,0.0,0,Books,8,4.2,18,43,166,Mobile,Credit Card,42.67,17,3,507,2513.01,0.3652,Satisfied,Loyal Shopper
AMZ-100744,53,Female,North America,2023,2,Non-Prime,Diamond,23,11347.69,493.38,13.04,3,Grocery,5,4.9,26,24,89,Alexa,Debit Card,2.64,0,0,648,15676.83,0.5846,Very Satisfied,Premium Spender
AMZ-100745,52,Female,North America,2019,6,Prime,Platinum,46,6174.56,134.23,6.52,3,Office,4,4.0,0,29,40,Desktop,Debit Card,62.79,29,3,625,8260.98,0.5599,Very Satisfied,Premium Spender
AMZ-100746,31,Non-Binary,North America,2022,3,Prime,Platinum,29,2080.22,71.73,0.0,0,Sports,2,3.9,7,45,127,Smart TV,Amazon Pay,6.66,36,3,664,2559.07,0.3644,Very Satisfied,Loyal Shopper
AMZ-100747,46,Male,South Asia,2017,8,Prime,Platinum,55,3524.31,64.08,0.0,0,Electronics,4,4.6,17,25,177,Smart TV,Gift Card,45.99,15,0,55,3963.39,0.7188,Very Satisfied,Loyal Shopper
AMZ-100748,58,Male,Middle East,2021,4,Prime,Gold,19,14946.2,786.64,21.05,4,Home & Kitchen,6,3.2,31,20,104,Alexa,Net Banking,79.72,14,1,173,17143.59,0.7102,Very Satisfied,Premium Spender
AMZ-100749,67,Female,Southeast Asia,2023,2,Prime,Silver,26,12479.7,479.99,0.0,0,Home & Kitchen,7,4.6,8,23,94,Alexa,Amazon Pay,77.83,11,4,129,15977.38,0.3321,Neutral,Premium Spender
AMZ-100750,58,Non-Binary,East Asia,2021,4,Prime,Silver,4,84.9,21.23,0.0,0,Clothing,5,2.0,13,3,5,Desktop,Credit Card,26.81,38,4,396,92.31,0.2861,Neutral,Inactive User
AMZ-100751,42,Male,East Asia,2021,4,Prime,Platinum,2,441.7,220.85,50.0,1,Beauty,1,3.2,23,13,11,Mobile,Credit Card,44.38,16,1,101,522.41,0.9361,Neutral,Occasional Buyer
AMZ-100752,65,Male,South Asia,2021,4,Non-Prime,Platinum,12,599.89,49.99,66.67,8,Office,8,3.2,17,58,205,Alexa,UPI,64.14,17,3,76,815.18,0.6798,Satisfied,Bargain Hunter
AMZ-100753,49,Female,Latin America,2019,6,Non-Prime,Platinum,3,86.22,28.74,0.0,0,Electronics,6,2.5,2,2,14,Mobile,Cash on Delivery,67.6,15,3,55,87.01,0.1276,Dissatisfied,Inactive User
AMZ-100754,32,Female,Southeast Asia,2015,10,Prime,Diamond,8,383.53,47.94,12.5,1,Grocery,2,2.9,47,12,23,Mobile,Amazon Pay,22.23,20,0,679,483.61,0.6369,Dissatisfied,Occasional Buyer
AMZ-100755,61,Male,Latin America,2018,7,Prime,Platinum,41,4102.2,100.05,0.0,0,Grocery,1,3.9,32,20,80,Smart TV,UPI,78.53,17,3,470,4324.96,0.4728,Satisfied,Premium Spender
AMZ-100756,41,Non-Binary,North America,2022,3,Prime,Silver,64,1147.49,17.93,1.56,1,Automotive,4,4.7,12,21,140,Alexa,Cash on Delivery,23.15,14,4,67,1302.28,0.5114,Very Satisfied,Loyal Shopper
AMZ-100757,37,Non-Binary,East Asia,2022,3,Prime,Platinum,2,363.03,181.51,100.0,2,Grocery,7,3.9,36,10,56,Alexa,UPI,63.34,18,4,337,466.62,0.4843,Dissatisfied,Occasional Buyer
AMZ-100758,19,Non-Binary,Middle East,2021,4,Prime,Diamond,2,50.1,25.05,0.0,0,Automotive,5,2.7,49,18,54,Desktop,UPI,5.33,1,0,676,71.22,0.4701,Neutral,Occasional Buyer
AMZ-100759,37,Male,North America,2022,3,Prime,Silver,53,4286.74,80.88,3.77,2,Automotive,7,4.9,27,13,78,Mobile,Net Banking,35.11,16,2,373,5483.24,0.3248,Satisfied,Loyal Shopper
AMZ-100760,59,Female,North America,2015,10,Prime,Platinum,65,3636.7,55.95,3.08,2,Grocery,6,4.0,16,39,94,Desktop,Credit Card,68.61,23,0,484,4091.74,0.6869,Satisfied,Loyal Shopper
AMZ-100761,55,Female,East Asia,2023,2,Prime,Platinum,51,2198.23,43.1,1.96,1,Sports,1,3.8,18,28,86,Alexa,UPI,61.04,10,3,464,3218.0,0.3327,Satisfied,Loyal Shopper
AMZ-100762,56,Male,Latin America,2022,3,Prime,Platinum,11,393.53,35.78,27.27,3,Toys,8,2.8,7,14,47,Alexa,UPI,0.97,15,0,598,507.53,0.2023,Neutral,Occasional Buyer
AMZ-100763,60,Male,Europe,2017,8,Prime,Diamond,29,453.25,15.63,10.34,3,Automotive,5,4.5,32,45,198,Mobile,Net Banking,61.6,7,4,80,485.15,0.2249,Neutral,Bargain Hunter
AMZ-100764,45,Male,Latin America,2021,4,Prime,Platinum,45,3417.28,75.94,2.22,1,Automotive,3,4.2,3,44,131,Smart TV,Net Banking,71.42,12,3,178,4961.49,0.4098,Satisfied,Loyal Shopper
AMZ-100765,34,Female,Middle East,2017,8,Non-Prime,Platinum,28,195.84,6.99,25.0,7,Grocery,5,3.2,24,53,143,Alexa,Credit Card,58.22,7,2,718,240.18,0.2433,Dissatisfied,Bargain Hunter
AMZ-100766,71,Female,North America,2019,6,Prime,Platinum,39,3959.05,101.51,5.13,2,Electronics,6,4.3,13,28,178,Tablet,Gift Card,26.96,38,3,673,4834.31,0.0568,Satisfied,Loyal Shopper
AMZ-100767,37,Non-Binary,Middle East,2016,9,Prime,Gold,0,90.88,90.88,100.0,1,Office,3,1.0,16,0,14,Mobile,Cash on Delivery,52.02,38,3,287,107.78,0.847,Dissatisfied,Inactive User
AMZ-100768,53,Female,Latin America,2015,10,Prime,Platinum,14,580.99,41.5,14.29,2,Toys,1,2.8,17,17,26,Mobile,Gift Card,77.77,33,4,406,679.11,0.703,Satisfied,Occasional Buyer
AMZ-100769,63,Female,East Asia,2015,10,Prime,Gold,41,2232.63,54.45,4.88,2,Grocery,1,4.3,44,43,126,Tablet,Debit Card,2.86,22,2,632,2337.83,0.1717,Satisfied,Loyal Shopper
AMZ-100770,33,Male,East Asia,2015,10,Prime,Silver,22,622.91,28.31,27.27,6,Automotive,7,4.3,21,21,116,Alexa,Credit Card,57.48,12,1,461,627.76,0.646,Satisfied,Bargain Hunter
AMZ-100771,47,Male,South Asia,2018,7,Prime,Diamond,21,5409.2,257.58,14.29,3,Grocery,8,3.2,19,8,80,Tablet,Cash on Delivery,54.29,30,1,437,7884.0,0.8678,Very Satisfied,Premium Spender
AMZ-100772,35,Male,East Asia,2019,6,Non-Prime,Gold,13,393.71,30.29,23.08,3,Home & Kitchen,7,3.6,14,4,59,Mobile,Gift Card,38.2,23,3,468,444.43,0.3662,Neutral,Occasional Buyer
AMZ-100773,66,Non-Binary,North America,2020,5,Prime,Platinum,49,13816.8,281.98,6.12,3,Electronics,4,4.7,14,23,51,Alexa,Cash on Delivery,27.56,7,0,449,13963.2,0.2275,Very Satisfied,Premium Spender
AMZ-100774,28,Female,North America,2021,4,Prime,Platinum,17,269.69,15.86,35.29,6,Electronics,8,2.9,37,69,104,Alexa,Cash on Delivery,58.21,38,1,363,303.46,0.8911,Satisfied,Bargain Hunter
AMZ-100775,38,Male,Europe,2016,9,Prime,Gold,7,322.14,46.02,42.86,3,Sports,1,3.7,35,9,40,Tablet,UPI,54.4,20,2,180,480.92,0.6672,Satisfied,Occasional Buyer
AMZ-100776,69,Non-Binary,North America,2019,6,Prime,Gold,7,178.81,25.54,28.57,2,Clothing,9,3.0,7,19,49,Tablet,Credit Card,63.08,38,4,435,266.07,0.3312,Dissatisfied,Occasional Buyer
AMZ-100777,32,Non-Binary,Middle East,2016,9,Prime,Gold,12,728.07,60.67,58.33,7,Grocery,7,4.3,41,52,127,Tablet,UPI,58.01,28,4,1,985.37,0.7904,Dissatisfied,Bargain Hunter
AMZ-100778,23,Male,Latin America,2017,8,Prime,Gold,13,278.65,21.43,0.0,0,Clothing,3,2.8,17,8,46,Mobile,Amazon Pay,33.53,24,2,390,354.74,0.214,Dissatisfied,Occasional Buyer
AMZ-100779,44,Non-Binary,Southeast Asia,2019,6,Prime,Gold,3,33.64,11.21,0.0,0,Electronics,9,2.5,1,3,8,Smart TV,Net Banking,55.92,32,4,299,40.42,0.9352,Very Dissatisfied,Inactive User
AMZ-100780,33,Female,North America,2021,4,Prime,Diamond,6,264.95,44.16,116.67,7,Toys,1,4.3,44,32,170,Desktop,Net Banking,75.39,5,3,354,391.38,0.9213,Neutral,Bargain Hunter
AMZ-100781,22,Non-Binary,East Asia,2019,6,Non-Prime,Diamond,1,31.01,31.01,100.0,1,Office,9,1.9,26,2,9,Tablet,Amazon Pay,3.3,26,3,304,43.88,0.3605,Neutral,Inactive User
AMZ-100782,42,Non-Binary,East Asia,2015,10,Non-Prime,Silver,12,371.75,30.98,16.67,2,Automotive,8,4.0,4,13,26,Alexa,Debit Card,13.12,29,2,414,373.09,0.3166,Neutral,Occasional Buyer
AMZ-100783,55,Female,North America,2020,5,Prime,Platinum,16,347.81,21.74,50.0,8,Automotive,7,4.1,14,36,125,Smart TV,Debit Card,72.9,23,2,285,521.35,0.2586,Dissatisfied,Bargain Hunter
AMZ-100784,26,Non-Binary,Europe,2016,9,Prime,Diamond,33,815.03,24.7,6.06,2,Clothing,1,3.6,20,35,72,Tablet,Cash on Delivery,15.42,39,2,107,847.77,0.7902,Very Satisfied,Loyal Shopper
AMZ-100785,56,Female,North America,2020,5,Prime,Diamond,13,354.06,27.24,7.69,1,Books,1,2.5,31,17,25,Tablet,Gift Card,24.06,20,1,477,462.66,0.3538,Dissatisfied,Occasional Buyer
AMZ-100786,29,Female,East Asia,2020,5,Prime,Gold,44,11327.91,257.45,0.0,0,Grocery,4,3.3,22,18,89,Mobile,Gift Card,68.71,37,1,605,16813.53,0.4555,Satisfied,Premium Spender
AMZ-100787,65,Non-Binary,Latin America,2016,9,Prime,Platinum,8,733.55,91.69,112.5,9,Grocery,4,3.4,0,91,167,Smart TV,Gift Card,55.14,13,0,507,849.95,0.6226,Satisfied,Bargain Hunter
AMZ-100788,50,Male,Middle East,2022,3,Prime,Gold,1,76.94,76.94,0.0,0,Automotive,1,1.3,13,2,18,Smart TV,Credit Card,30.42,27,3,293,108.03,0.1245,Very Dissatisfied,Inactive User
AMZ-100789,31,Non-Binary,Middle East,2017,8,Prime,Diamond,1,355.21,355.21,300.0,3,Office,2,2.4,28,11,12,Tablet,UPI,19.44,11,1,656,507.08,0.6582,Neutral,Occasional Buyer
AMZ-100790,38,Non-Binary,Latin America,2019,6,Prime,Diamond,41,4420.75,107.82,4.88,2,Books,7,4.8,4,30,171,Alexa,UPI,39.77,17,4,583,6518.35,0.8475,Very Satisfied,Loyal Shopper
AMZ-100791,68,Non-Binary,North America,2023,2,Prime,Gold,38,8079.92,212.63,0.0,0,Sports,1,4.3,33,16,77,Smart TV,Credit Card,31.63,17,3,597,8249.48,0.1768,Neutral,Premium Spender
AMZ-100792,41,Non-Binary,East Asia,2018,7,Non-Prime,Diamond,0,79.37,79.37,0.0,0,Beauty,4,2.6,35,3,0,Smart TV,Net Banking,44.31,27,1,22,95.97,0.5593,Dissatisfied,Inactive User
AMZ-100793,55,Male,East Asia,2023,2,Prime,Silver,7,292.32,41.76,42.86,3,Clothing,4,3.5,42,72,183,Desktop,Gift Card,67.75,3,4,67,314.65,0.0829,Neutral,Bargain Hunter
AMZ-100794,43,Female,Middle East,2021,4,Non-Prime,Diamond,0,67.04,67.04,100.0,1,Home & Kitchen,4,3.0,38,2,13,Desktop,Net Banking,65.82,37,2,95,78.56,0.154,Very Dissatisfied,Inactive User
AMZ-100795,39,Non-Binary,East Asia,2023,2,Non-Prime,Platinum,14,443.85,31.7,21.43,3,Toys,2,2.8,11,9,55,Tablet,Credit Card,76.2,38,0,265,624.59,0.4592,Dissatisfied,Occasional Buyer
AMZ-100796,31,Non-Binary,Middle East,2019,6,Prime,Gold,4,14.49,3.62,0.0,0,Sports,5,2.2,8,4,8,Mobile,Amazon Pay,1.34,39,2,438,21.32,0.1791,Dissatisfied,Inactive User
AMZ-100797,68,Male,Latin America,2017,8,Non-Prime,Platinum,2,52.4,26.2,0.0,0,Books,6,2.1,25,0,13,Tablet,Cash on Delivery,23.57,27,2,431,61.71,0.2515,Dissatisfied,Inactive User
AMZ-100798,59,Female,Latin America,2022,3,Non-Prime,Diamond,23,276.63,12.03,26.09,6,Beauty,2,3.3,41,77,183,Smart TV,Gift Card,2.05,19,4,2,361.3,0.1665,Neutral,Bargain Hunter
AMZ-100799,68,Non-Binary,South Asia,2018,7,Non-Prime,Gold,48,10081.4,210.03,4.17,2,Automotive,6,3.6,40,21,101,Desktop,Debit Card,25.44,8,4,566,13305.24,0.0672,Neutral,Premium Spender
AMZ-100800,22,Female,East Asia,2015,10,Prime,Gold,0,55.61,55.61,0.0,0,Sports,8,1.7,8,0,14,Desktop,Debit Card,43.54,27,4,27,70.46,0.6789,Very Dissatisfied,Inactive User
AMZ-100801,47,Non-Binary,North America,2019,6,Prime,Diamond,10,162.73,16.27,70.0,7,Toys,5,2.8,37,22,188,Desktop,Credit Card,59.87,37,1,179,187.33,0.7957,Neutral,Bargain Hunter
AMZ-100802,29,Female,East Asia,2020,5,Non-Prime,Diamond,40,2188.66,54.72,0.0,0,Office,4,3.6,48,46,178,Desktop,Gift Card,61.38,0,1,254,3231.64,0.8654,Satisfied,Loyal Shopper
AMZ-100803,53,Non-Binary,East Asia,2021,4,Prime,Diamond,2,15.93,7.96,50.0,1,Beauty,7,1.9,26,2,18,Desktop,Debit Card,56.8,32,3,222,23.67,0.1179,Very Dissatisfied,Inactive User
AMZ-100804,26,Male,Middle East,2018,7,Prime,Gold,49,5284.6,107.85,8.16,4,Grocery,6,4.9,15,13,80,Tablet,Gift Card,20.12,25,2,293,5791.9,0.2249,Very Satisfied,Premium Spender
AMZ-100805,61,Female,North America,2015,10,Prime,Diamond,2,97.65,48.83,50.0,1,Beauty,7,2.8,7,3,5,Mobile,UPI,37.78,16,3,44,120.95,0.161,Neutral,Inactive User
AMZ-100806,26,Male,South Asia,2017,8,Non-Prime,Platinum,49,12632.11,257.8,6.12,3,Automotive,6,3.3,12,9,90,Alexa,Credit Card,56.02,27,3,257,12990.26,0.5638,Very Satisfied,Premium Spender
AMZ-100807,64,Male,South Asia,2020,5,Prime,Silver,1,20.84,20.84,0.0,0,Grocery,7,2.3,28,1,17,Alexa,Amazon Pay,71.27,18,2,612,27.03,0.801,Neutral,Inactive User
AMZ-100808,21,Female,Middle East,2017,8,Prime,Diamond,0,92.91,92.91,100.0,1,Automotive,7,2.7,25,0,17,Alexa,Gift Card,49.18,15,3,270,111.35,0.3034,Dissatisfied,Inactive User
AMZ-100809,19,Female,Southeast Asia,2019,6,Prime,Platinum,3,52.47,17.49,33.33,1,Sports,4,2.1,27,4,14,Desktop,Credit Card,55.49,26,0,419,59.44,0.5719,Neutral,Inactive User
AMZ-100810,42,Female,Latin America,2017,8,Non-Prime,Platinum,4,48.51,12.13,25.0,1,Electronics,2,1.5,4,0,17,Smart TV,UPI,31.4,38,2,585,68.99,0.5691,Neutral,Inactive User
AMZ-100811,70,Non-Binary,Europe,2015,10,Non-Prime,Silver,56,3320.06,59.29,3.57,2,Sports,2,3.8,47,33,165,Smart TV,Credit Card,47.12,8,1,247,3435.86,0.4135,Very Satisfied,Loyal Shopper
AMZ-100812,60,Female,Europe,2021,4,Prime,Platinum,26,4617.33,177.59,0.0,0,Sports,8,3.8,6,29,140,Tablet,Credit Card,34.97,19,3,295,5275.94,0.4759,Very Satisfied,Loyal Shopper
AMZ-100813,66,Male,Middle East,2022,3,Non-Prime,Gold,17,273.15,16.07,11.76,2,Automotive,2,4.0,23,81,201,Tablet,Cash on Delivery,19.46,1,1,346,299.51,0.8827,Dissatisfied,Bargain Hunter
AMZ-100814,43,Non-Binary,South Asia,2018,7,Prime,Gold,72,1100.1,15.28,2.78,2,Grocery,4,3.5,49,34,87,Mobile,Amazon Pay,3.98,16,4,658,1444.69,0.5381,Satisfied,Loyal Shopper
AMZ-100815,43,Non-Binary,East Asia,2023,2,Prime,Diamond,21,165.74,7.89,38.1,8,Toys,8,3.8,13,69,180,Smart TV,Debit Card,28.25,24,3,81,221.99,0.2311,Neutral,Bargain Hunter
AMZ-100816,50,Non-Binary,South Asia,2015,10,Prime,Platinum,34,13653.82,401.58,2.94,1,Electronics,4,4.4,6,12,100,Tablet,Cash on Delivery,29.13,4,1,406,17821.74,0.3642,Very Satisfied,Premium Spender
AMZ-100817,50,Male,Southeast Asia,2018,7,Prime,Diamond,23,437.47,19.02,21.74,5,Sports,8,4.1,28,56,106,Smart TV,Net Banking,52.52,5,3,443,627.28,0.4511,Neutral,Bargain Hunter
AMZ-100818,34,Female,Latin America,2015,10,Non-Prime,Diamond,0,26.15,26.15,100.0,1,Automotive,5,2.4,45,3,9,Tablet,Debit Card,39.89,20,0,429,26.78,0.4079,Dissatisfied,Inactive User
AMZ-100819,23,Male,Europe,2023,2,Prime,Diamond,4,25.22,6.3,0.0,0,Beauty,2,1.5,31,4,0,Alexa,Net Banking,37.8,4,4,203,36.43,0.27,Very Dissatisfied,Inactive User
AMZ-100820,46,Non-Binary,Latin America,2016,9,Prime,Diamond,19,310.67,16.35,31.58,6,Office,3,4.0,8,61,133,Tablet,Amazon Pay,56.54,24,1,505,344.84,0.0088,Neutral,Bargain Hunter
AMZ-100821,70,Male,Europe,2015,10,Non-Prime,Diamond,5,524.53,104.91,0.0,0,Automotive,1,3.0,38,8,14,Desktop,Net Banking,1.48,4,0,405,616.64,0.8372,Dissatisfied,Occasional Buyer
AMZ-100822,20,Non-Binary,Europe,2020,5,Non-Prime,Gold,2,94.23,47.12,50.0,1,Beauty,2,3.0,4,2,11,Alexa,Credit Card,25.7,24,2,674,133.49,0.7056,Dissatisfied,Inactive User
AMZ-100823,68,Male,Southeast Asia,2016,9,Prime,Silver,15,544.82,36.32,40.0,6,Automotive,4,2.8,19,23,109,Tablet,Debit Card,10.29,15,1,536,551.8,0.9247,Neutral,Bargain Hunter
AMZ-100824,54,Male,North America,2017,8,Prime,Silver,9,108.55,12.06,22.22,2,Electronics,5,3.9,49,15,30,Alexa,Net Banking,40.54,13,0,262,156.85,0.6509,Dissatisfied,Occasional Buyer
AMZ-100825,37,Non-Binary,North America,2020,5,Prime,Gold,71,961.39,13.54,1.41,1,Toys,7,4.1,6,14,172,Alexa,Cash on Delivery,71.13,1,1,188,1141.63,0.6259,Very Satisfied,Loyal Shopper
AMZ-100826,32,Non-Binary,South Asia,2018,7,Prime,Platinum,59,2687.04,45.54,0.0,0,Automotive,3,3.9,21,41,172,Mobile,Net Banking,75.96,16,3,16,3268.04,0.8168,Very Satisfied,Loyal Shopper
AMZ-100827,24,Female,Latin America,2015,10,Non-Prime,Platinum,32,3464.22,108.26,3.12,1,Sports,2,4.5,9,22,97,Desktop,Cash on Delivery,59.17,2,2,620,4406.08,0.1002,Neutral,Premium Spender
AMZ-100828,41,Male,Southeast Asia,2018,7,Prime,Platinum,8,157.0,19.62,50.0,4,Electronics,3,3.4,43,99,127,Tablet,Cash on Delivery,60.47,3,0,65,214.43,0.2569,Satisfied,Bargain Hunter
AMZ-100829,58,Female,North America,2015,10,Prime,Gold,13,100.54,7.73,7.69,1,Office,1,3.7,9,16,33,Smart TV,Debit Card,17.28,18,0,727,134.12,0.5382,Neutral,Occasional Buyer
AMZ-100830,28,Male,Middle East,2021,4,Prime,Gold,18,10305.1,572.51,16.67,3,Office,8,3.8,24,15,100,Mobile,Gift Card,71.21,17,2,235,10853.27,0.4952,Satisfied,Premium Spender
AMZ-100831,66,Male,North America,2018,7,Prime,Platinum,2,403.66,201.83,50.0,1,Automotive,2,2.9,34,18,39,Mobile,Gift Card,73.86,32,2,370,455.32,0.032,Neutral,Occasional Buyer
AMZ-100832,23,Male,Latin America,2019,6,Prime,Platinum,22,1677.33,76.24,0.0,0,Clothing,4,4.7,31,11,66,Tablet,Gift Card,0.24,8,2,598,1945.71,0.3395,Very Satisfied,Loyal Shopper
AMZ-100833,37,Non-Binary,Latin America,2023,2,Prime,Diamond,2,82.58,41.29,50.0,1,Toys,9,1.7,10,2,14,Smart TV,Cash on Delivery,75.67,0,2,708,111.58,0.5571,Dissatisfied,Inactive User
AMZ-100834,55,Male,North America,2016,9,Prime,Diamond,8,562.7,70.34,75.0,6,Books,7,3.3,27,85,109,Alexa,UPI,15.57,16,2,466,607.37,0.9227,Dissatisfied,Bargain Hunter
AMZ-100835,23,Non-Binary,Europe,2018,7,Prime,Silver,10,296.47,29.65,30.0,3,Books,9,3.9,20,14,45,Tablet,UPI,70.3,29,3,666,381.17,0.2537,Dissatisfied,Occasional Buyer
AMZ-100836,58,Female,East Asia,2023,2,Prime,Gold,6,413.29,68.88,0.0,0,Clothing,7,3.2,31,4,24,Alexa,Credit Card,60.41,14,4,82,597.36,0.5881,Neutral,Occasional Buyer
AMZ-100837,20,Male,Europe,2021,4,Non-Prime,Diamond,42,9558.27,227.58,4.76,2,Books,3,4.0,17,14,118,Tablet,Gift Card,28.56,19,1,348,13750.33,0.3953,Very Satisfied,Premium Spender
AMZ-100838,67,Female,Latin America,2021,4,Prime,Gold,11,712.48,64.77,45.45,5,Electronics,7,4.3,30,29,118,Desktop,Credit Card,53.27,2,4,52,914.28,0.1494,Dissatisfied,Bargain Hunter
AMZ-100839,30,Female,Southeast Asia,2020,5,Prime,Platinum,0,9.35,9.35,100.0,1,Automotive,6,2.4,29,2,0,Alexa,Cash on Delivery,20.37,19,3,165,12.04,0.6956,Dissatisfied,Inactive User
AMZ-100840,50,Male,Europe,2022,3,Prime,Platinum,48,8533.7,177.79,8.33,4,Electronics,2,3.6,44,26,104,Smart TV,Credit Card,10.67,32,4,209,9097.54,0.5955,Satisfied,Premium Spender
AMZ-100841,34,Non-Binary,East Asia,2021,4,Non-Prime,Gold,55,2573.63,46.79,1.82,1,Office,6,3.9,21,26,83,Desktop,Credit Card,3.88,14,1,497,2636.85,0.3347,Satisfied,Loyal Shopper
AMZ-100842,31,Male,Southeast Asia,2016,9,Non-Prime,Silver,10,257.13,25.71,60.0,6,Automotive,4,3.6,33,85,172,Alexa,Credit Card,32.66,8,4,418,299.5,0.3816,Dissatisfied,Bargain Hunter
AMZ-100843,36,Male,South Asia,2016,9,Non-Prime,Silver,28,2399.72,85.7,0.0,0,Sports,7,4.2,39,12,163,Mobile,Gift Card,55.09,6,0,715,2447.73,0.3323,Very Satisfied,Loyal Shopper
AMZ-100844,21,Non-Binary,North America,2017,8,Prime,Silver,2,53.66,26.83,50.0,1,Automotive,4,2.9,23,4,7,Alexa,Cash on Delivery,61.33,30,2,206,64.66,0.6341,Dissatisfied,Inactive User
AMZ-100845,20,Male,East Asia,2018,7,Prime,Diamond,3,29.23,9.74,33.33,1,Beauty,5,2.3,11,0,9,Smart TV,Amazon Pay,45.56,12,3,399,40.25,0.4393,Dissatisfied,Inactive User
AMZ-100846,60,Non-Binary,Middle East,2019,6,Prime,Platinum,8,769.59,96.2,75.0,6,Home & Kitchen,5,3.2,5,70,149,Mobile,UPI,51.48,11,1,589,1097.16,0.7757,Dissatisfied,Bargain Hunter
AMZ-100847,19,Male,North America,2019,6,Prime,Gold,75,3918.17,52.24,1.33,1,Toys,8,4.9,31,29,65,Desktop,Net Banking,78.88,5,3,624,4318.72,0.0843,Satisfied,Loyal Shopper
AMZ-100848,38,Male,Southeast Asia,2023,2,Prime,Silver,7,418.92,59.85,42.86,3,Clothing,4,2.9,42,7,31,Mobile,Cash on Delivery,29.43,18,4,394,577.46,0.0476,Satisfied,Occasional Buyer
AMZ-100849,49,Male,North America,2017,8,Prime,Silver,3,67.21,22.4,0.0,0,Electronics,8,1.5,37,3,13,Mobile,Debit Card,42.72,16,4,50,83.54,0.086,Very Dissatisfied,Inactive User
AMZ-100850,48,Non-Binary,Middle East,2018,7,Prime,Diamond,19,535.74,28.2,26.32,5,Automotive,6,2.9,15,61,99,Desktop,Debit Card,51.37,13,2,414,778.29,0.7956,Dissatisfied,Bargain Hunter
AMZ-100851,26,Non-Binary,Southeast Asia,2020,5,Prime,Gold,73,2406.87,32.97,2.74,2,Clothing,4,4.0,36,39,170,Alexa,Net Banking,49.8,27,3,202,3349.93,0.3018,Satisfied,Loyal Shopper
AMZ-100852,48,Male,Latin America,2019,6,Prime,Silver,22,259.0,11.77,31.82,7,Sports,6,3.3,26,65,90,Tablet,Gift Card,20.48,28,3,527,388.24,0.1806,Dissatisfied,Bargain Hunter
AMZ-100853,34,Male,South Asia,2015,10,Prime,Silver,22,562.79,25.58,36.36,8,Office,5,2.6,49,46,198,Tablet,Cash on Delivery,34.35,30,2,188,675.75,0.7648,Dissatisfied,Bargain Hunter
AMZ-100854,46,Male,Southeast Asia,2020,5,Non-Prime,Gold,3,41.35,13.78,0.0,0,Sports,7,1.8,46,2,7,Mobile,Debit Card,31.51,26,0,448,43.64,0.6277,Neutral,Inactive User
AMZ-100855,22,Non-Binary,East Asia,2017,8,Prime,Diamond,7,121.77,17.4,128.57,9,Clothing,9,3.4,27,25,100,Desktop,Net Banking,27.47,27,2,716,168.85,0.4744,Neutral,Bargain Hunter
AMZ-100856,70,Non-Binary,Europe,2023,2,Prime,Gold,25,343.65,13.75,28.0,7,Toys,1,3.2,38,94,138,Tablet,Amazon Pay,26.28,29,4,0,406.54,0.8292,Neutral,Bargain Hunter
AMZ-100857,47,Male,North America,2021,4,Non-Prime,Silver,4,3.4,0.85,0.0,0,Grocery,4,2.6,43,2,11,Desktop,Debit Card,53.94,13,4,437,4.9,0.5329,Very Dissatisfied,Inactive User
AMZ-100858,24,Non-Binary,North America,2017,8,Prime,Gold,17,162.98,9.59,52.94,9,Automotive,2,3.6,45,54,134,Alexa,UPI,11.79,19,4,359,181.09,0.0534,Satisfied,Bargain Hunter
AMZ-100859,70,Male,Latin America,2022,3,Non-Prime,Platinum,4,238.27,59.57,25.0,1,Home & Kitchen,2,2.9,22,2,31,Mobile,Amazon Pay,20.32,8,0,646,317.42,0.2141,Dissatisfied,Occasional Buyer
AMZ-100860,42,Male,Latin America,2018,7,Prime,Gold,23,1288.88,56.04,4.35,1,Toys,1,3.6,7,23,174,Desktop,Credit Card,79.01,20,4,15,1326.62,0.1426,Very Satisfied,Loyal Shopper
AMZ-100861,48,Female,North America,2016,9,Prime,Gold,32,11774.57,367.96,12.5,4,Home & Kitchen,5,4.3,40,21,105,Alexa,Gift Card,75.62,33,2,58,12449.49,0.8369,Very Satisfied,Premium Spender
AMZ-100862,45,Female,South Asia,2015,10,Prime,Gold,65,4270.87,65.71,0.0,0,Beauty,2,3.9,25,42,63,Tablet,Debit Card,25.01,17,2,154,6228.8,0.8508,Satisfied,Loyal Shopper
AMZ-100863,70,Male,Latin America,2023,2,Non-Prime,Silver,12,260.69,21.72,25.0,3,Sports,6,3.7,36,3,10,Desktop,Credit Card,31.42,3,2,90,364.87,0.1334,Neutral,Occasional Buyer
AMZ-100864,20,Female,South Asia,2020,5,Prime,Gold,29,12384.41,427.05,3.45,1,Sports,3,4.9,46,19,43,Alexa,Debit Card,7.0,13,0,116,13245.49,0.219,Neutral,Premium Spender
AMZ-100865,46,Non-Binary,Middle East,2017,8,Prime,Silver,1,79.82,79.82,100.0,1,Toys,4,1.9,17,0,19,Alexa,Gift Card,15.95,1,2,272,95.01,0.0185,Dissatisfied,Inactive User
AMZ-100866,36,Female,Europe,2016,9,Prime,Diamond,77,1985.77,25.79,0.0,0,Home & Kitchen,5,4.2,11,40,159,Desktop,Amazon Pay,24.93,21,3,214,2743.97,0.688,Satisfied,Loyal Shopper
AMZ-100867,32,Male,Middle East,2018,7,Prime,Silver,34,8383.36,246.57,2.94,1,Toys,5,4.8,4,10,80,Mobile,Credit Card,39.1,8,0,9,8884.81,0.4167,Very Satisfied,Premium Spender
AMZ-100868,60,Non-Binary,North America,2023,2,Prime,Diamond,38,12873.17,338.77,10.53,4,Automotive,3,4.4,11,11,63,Mobile,Gift Card,42.42,14,4,521,14526.17,0.4463,Very Satisfied,Premium Spender
AMZ-100869,46,Male,Middle East,2018,7,Prime,Diamond,20,12975.89,648.79,0.0,0,Home & Kitchen,5,3.7,19,8,100,Desktop,Amazon Pay,64.65,17,0,216,17094.67,0.8869,Satisfied,Premium Spender
AMZ-100870,51,Non-Binary,North America,2019,6,Prime,Diamond,2,232.75,116.38,150.0,3,Sports,7,3.8,2,19,36,Desktop,Net Banking,50.65,23,2,364,281.33,0.7581,Neutral,Occasional Buyer
AMZ-100871,45,Non-Binary,Middle East,2018,7,Prime,Diamond,29,13341.29,460.04,0.0,0,Automotive,2,3.3,12,8,53,Desktop,Cash on Delivery,69.55,38,3,703,17524.71,0.3364,Very Satisfied,Premium Spender
AMZ-100872,20,Female,Latin America,2018,7,Prime,Silver,45,3385.44,75.23,2.22,1,Books,9,3.3,14,10,119,Smart TV,Net Banking,43.22,16,3,613,4358.9,0.1152,Satisfied,Premium Spender
AMZ-100873,51,Male,Europe,2017,8,Prime,Platinum,4,264.02,66.0,50.0,2,Office,4,3.1,26,4,40,Alexa,UPI,32.07,19,4,505,388.15,0.2937,Satisfied,Occasional Buyer
AMZ-100874,50,Non-Binary,Europe,2017,8,Non-Prime,Silver,69,4155.27,60.22,0.0,0,Grocery,2,3.7,13,39,135,Tablet,Credit Card,36.69,20,0,496,5992.93,0.6762,Very Satisfied,Loyal Shopper
AMZ-100875,56,Female,Southeast Asia,2023,2,Non-Prime,Silver,8,715.78,89.47,37.5,3,Beauty,7,3.2,42,52,143,Tablet,Debit Card,0.28,1,2,109,940.43,0.3756,Satisfied,Bargain Hunter
AMZ-100876,67,Male,Middle East,2016,9,Non-Prime,Gold,3,80.0,26.67,33.33,1,Clothing,1,2.9,17,4,3,Tablet,Debit Card,60.52,39,2,695,103.06,0.9638,Neutral,Inactive User
AMZ-100877,71,Non-Binary,Southeast Asia,2017,8,Non-Prime,Gold,0,97.14,97.14,100.0,1,Home & Kitchen,4,1.2,43,1,12,Tablet,Amazon Pay,40.51,19,1,280,103.04,0.8101,Dissatisfied,Inactive User
AMZ-100878,23,Non-Binary,Southeast Asia,2018,7,Prime,Silver,12,297.84,24.82,25.0,3,Books,1,2.8,38,19,14,Tablet,Amazon Pay,14.42,38,0,556,366.91,0.7611,Satisfied,Occasional Buyer
AMZ-100879,58,Non-Binary,Middle East,2019,6,Prime,Diamond,23,9777.75,425.12,17.39,4,Grocery,3,4.7,28,19,111,Alexa,Amazon Pay,69.58,5,3,298,11065.5,0.0039,Neutral,Premium Spender
AMZ-100880,46,Female,East Asia,2017,8,Non-Prime,Silver,29,13656.11,470.9,0.0,0,Home & Kitchen,2,4.6,13,7,78,Smart TV,Credit Card,39.64,29,1,678,18538.89,0.6396,Very Satisfied,Premium Spender
AMZ-100881,46,Male,Europe,2022,3,Prime,Silver,19,270.96,14.26,31.58,6,Clothing,5,3.2,44,43,125,Tablet,Credit Card,25.67,14,0,580,389.21,0.797,Satisfied,Bargain Hunter
AMZ-100882,26,Male,East Asia,2022,3,Prime,Silver,37,1434.58,38.77,2.7,1,Sports,2,4.6,26,25,114,Smart TV,Net Banking,30.2,26,0,196,2107.22,0.1285,Satisfied,Loyal Shopper
AMZ-100883,39,Female,Europe,2017,8,Prime,Diamond,4,83.84,20.96,25.0,1,Electronics,8,2.7,38,0,4,Tablet,Debit Card,25.71,29,1,414,96.14,0.8191,Dissatisfied,Inactive User
AMZ-100884,35,Male,East Asia,2021,4,Non-Prime,Platinum,29,145.63,5.02,27.59,8,Toys,1,2.6,35,96,135,Alexa,Amazon Pay,36.0,15,1,135,211.95,0.7157,Neutral,Bargain Hunter
AMZ-100885,18,Non-Binary,Latin America,2015,10,Non-Prime,Diamond,11,434.55,39.5,0.0,0,Automotive,8,2.0,39,6,21,Tablet,UPI,34.8,23,1,622,517.74,0.5264,Dissatisfied,Occasional Buyer
AMZ-100886,46,Male,East Asia,2016,9,Prime,Gold,44,869.46,19.76,2.27,1,Automotive,4,4.7,49,24,142,Tablet,Amazon Pay,4.35,16,1,666,1031.12,0.2988,Satisfied,Loyal Shopper
AMZ-100887,68,Female,Europe,2020,5,Prime,Gold,16,476.95,29.81,18.75,3,Office,4,4.3,16,45,134,Desktop,Net Banking,55.05,13,0,204,511.4,0.233,Neutral,Bargain Hunter
AMZ-100888,57,Male,South Asia,2016,9,Non-Prime,Gold,0,39.68,39.68,100.0,1,Clothing,9,1.8,1,2,16,Desktop,Credit Card,70.96,30,0,349,45.06,0.9476,Very Dissatisfied,Inactive User
AMZ-100889,54,Non-Binary,South Asia,2023,2,Prime,Platinum,29,182.88,6.31,6.9,2,Beauty,5,4.0,11,81,192,Desktop,Debit Card,69.18,19,0,28,225.33,0.9272,Satisfied,Bargain Hunter
AMZ-100890,32,Male,Latin America,2021,4,Prime,Platinum,2,97.02,48.51,0.0,0,Clothing,2,2.1,12,1,16,Tablet,Gift Card,75.96,17,0,97,106.57,0.0159,Neutral,Inactive User
AMZ-100891,19,Non-Binary,Europe,2023,2,Prime,Silver,3,68.96,22.99,0.0,0,Toys,2,1.8,28,0,12,Smart TV,Cash on Delivery,61.45,11,1,505,98.77,0.4934,Dissatisfied,Inactive User
AMZ-100892,23,Female,South Asia,2015,10,Prime,Platinum,29,878.89,30.31,0.0,0,Sports,2,5.0,38,36,176,Smart TV,Amazon Pay,16.71,20,4,20,1232.75,0.2745,Satisfied,Loyal Shopper
AMZ-100893,55,Male,East Asia,2015,10,Non-Prime,Diamond,3,64.44,21.48,33.33,1,Beauty,3,2.4,0,0,18,Mobile,Net Banking,3.06,20,1,303,93.01,0.7152,Neutral,Inactive User
AMZ-100894,71,Male,Latin America,2016,9,Non-Prime,Silver,46,11841.0,257.41,0.0,0,Sports,6,3.4,1,20,104,Mobile,Gift Card,40.74,22,2,170,13313.38,0.4317,Satisfied,Premium Spender
AMZ-100895,33,Female,Europe,2019,6,Prime,Platinum,2,25.7,12.85,0.0,0,Electronics,2,1.1,47,2,16,Alexa,Net Banking,1.46,9,4,175,27.76,0.3841,Dissatisfied,Inactive User
AMZ-100896,37,Female,South Asia,2015,10,Prime,Silver,42,2043.54,48.66,0.0,0,Grocery,9,4.3,44,33,160,Smart TV,Net Banking,67.7,35,2,70,2643.7,0.4496,Very Satisfied,Loyal Shopper
AMZ-100897,63,Female,South Asia,2021,4,Prime,Platinum,19,147.55,7.77,31.58,6,Office,8,3.8,28,59,234,Alexa,UPI,79.59,28,2,284,200.33,0.7023,Dissatisfied,Bargain Hunter
AMZ-100898,30,Female,Southeast Asia,2016,9,Prime,Diamond,10,775.84,77.58,80.0,8,Beauty,8,4.4,20,74,97,Smart TV,Amazon Pay,61.86,35,4,111,942.72,0.5866,Dissatisfied,Bargain Hunter
AMZ-100899,39,Female,Europe,2021,4,Prime,Diamond,20,652.94,32.65,30.0,6,Grocery,7,4.1,22,90,136,Mobile,Debit Card,36.32,17,1,401,953.14,0.5332,Satisfied,Bargain Hunter
AMZ-100900,25,Female,East Asia,2022,3,Prime,Platinum,40,13448.72,336.22,2.5,1,Clothing,1,4.3,37,29,52,Smart TV,Net Banking,34.12,39,2,83,13654.27,0.9699,Very Satisfied,Premium Spender
AMZ-100901,30,Non-Binary,Middle East,2016,9,Prime,Gold,22,6455.25,293.42,18.18,4,Home & Kitchen,8,4.8,39,19,91,Tablet,Gift Card,45.15,10,0,700,9127.51,0.7075,Satisfied,Premium Spender
AMZ-100902,38,Male,Middle East,2016,9,Prime,Silver,4,58.46,14.62,0.0,0,Electronics,4,3.0,15,4,3,Smart TV,Net Banking,31.84,36,1,278,85.84,0.8031,Very Dissatisfied,Inactive User
AMZ-100903,24,Male,Middle East,2018,7,Prime,Gold,1,126.14,126.14,0.0,0,Home & Kitchen,9,2.2,22,4,53,Desktop,Cash on Delivery,76.68,19,3,501,166.79,0.5997,Dissatisfied,Occasional Buyer
AMZ-100904,21,Non-Binary,Southeast Asia,2017,8,Prime,Platinum,38,3667.66,96.52,0.0,0,Office,4,3.2,42,25,56,Tablet,Gift Card,55.35,25,2,535,4883.6,0.5267,Neutral,Premium Spender
AMZ-100905,39,Female,South Asia,2018,7,Prime,Silver,4,41.75,10.44,0.0,0,Clothing,5,2.4,29,3,18,Tablet,Amazon Pay,33.18,28,4,74,45.99,0.9196,Neutral,Inactive User
AMZ-100906,70,Non-Binary,Latin America,2021,4,Prime,Diamond,32,14870.21,464.69,9.38,3,Clothing,9,4.7,3,10,73,Smart TV,Net Banking,8.19,12,1,510,14900.9,0.021,Satisfied,Premium Spender
AMZ-100907,41,Male,East Asia,2022,3,Prime,Diamond,27,3293.18,121.97,0.0,0,Books,7,4.3,12,41,140,Alexa,Net Banking,31.04,4,3,89,3978.28,0.0934,Very Satisfied,Loyal Shopper
AMZ-100908,57,Female,Middle East,2023,2,Prime,Platinum,14,553.74,39.55,14.29,2,Automotive,8,2.6,21,7,42,Mobile,Amazon Pay,79.47,28,2,655,586.29,0.8444,Satisfied,Occasional Buyer
AMZ-100909,54,Non-Binary,North America,2019,6,Prime,Gold,2,84.63,42.31,50.0,1,Office,7,2.4,32,3,1,Mobile,Debit Card,15.7,20,3,350,102.49,0.6187,Neutral,Inactive User
AMZ-100910,28,Non-Binary,South Asia,2017,8,Prime,Gold,5,463.49,92.7,20.0,1,Electronics,1,2.2,43,4,40,Tablet,Amazon Pay,32.11,8,4,83,571.92,0.275,Dissatisfied,Occasional Buyer
AMZ-100911,20,Female,North America,2020,5,Prime,Platinum,22,4239.52,192.71,18.18,4,Grocery,5,4.1,8,27,100,Mobile,UPI,61.98,3,4,124,6015.33,0.7077,Very Satisfied,Premium Spender
AMZ-100912,42,Male,Middle East,2020,5,Prime,Platinum,73,4906.06,67.21,2.74,2,Beauty,6,3.5,19,39,109,Tablet,Amazon Pay,6.4,4,0,398,5114.49,0.1065,Very Satisfied,Loyal Shopper
AMZ-100913,39,Non-Binary,Middle East,2015,10,Prime,Gold,9,285.81,31.76,0.0,0,Electronics,2,3.7,47,19,40,Desktop,UPI,16.85,8,2,172,310.75,0.0708,Neutral,Occasional Buyer
AMZ-100914,20,Female,Southeast Asia,2020,5,Prime,Gold,8,437.99,54.75,0.0,0,Books,2,3.4,31,12,38,Desktop,Debit Card,30.14,21,2,625,548.01,0.3387,Dissatisfied,Occasional Buyer
AMZ-100915,47,Male,East Asia,2017,8,Non-Prime,Silver,0,95.81,95.81,100.0,1,Toys,7,1.4,1,2,15,Smart TV,Credit Card,15.74,31,4,38,136.26,0.4533,Dissatisfied,Inactive User
AMZ-100916,64,Male,Southeast Asia,2019,6,Prime,Platinum,7,527.29,75.33,28.57,2,Beauty,8,4.0,17,93,92,Desktop,Cash on Delivery,41.85,9,3,456,661.68,0.4036,Neutral,Bargain Hunter
AMZ-100917,52,Non-Binary,East Asia,2016,9,Prime,Gold,47,5715.65,121.61,2.13,1,Sports,9,3.0,48,7,108,Mobile,Net Banking,34.27,11,2,209,7320.39,0.637,Very Satisfied,Premium Spender
AMZ-100918,41,Male,East Asia,2018,7,Non-Prime,Gold,10,424.65,42.46,40.0,4,Home & Kitchen,2,3.3,39,42,98,Tablet,Debit Card,1.92,39,1,208,557.48,0.0517,Neutral,Bargain Hunter
AMZ-100919,27,Male,Southeast Asia,2019,6,Non-Prime,Silver,69,1646.36,23.86,2.9,2,Books,5,4.7,45,30,92,Mobile,Cash on Delivery,59.64,37,2,233,2345.3,0.6165,Very Satisfied,Loyal Shopper
AMZ-100920,35,Male,South Asia,2016,9,Prime,Silver,33,7143.29,216.46,0.0,0,Grocery,1,3.7,13,25,75,Alexa,Credit Card,63.78,14,3,417,9853.93,0.2971,Neutral,Premium Spender
AMZ-100921,67,Female,North America,2020,5,Prime,Platinum,35,14618.74,417.68,8.57,3,Electronics,8,4.9,7,11,78,Mobile,Cash on Delivery,64.17,13,2,243,17169.67,0.4539,Satisfied,Premium Spender
AMZ-100922,51,Male,Middle East,2022,3,Prime,Gold,5,781.76,156.35,80.0,4,Beauty,6,3.2,3,72,151,Mobile,Credit Card,25.42,1,0,634,1108.43,0.2298,Dissatisfied,Bargain Hunter
AMZ-100923,38,Non-Binary,Europe,2016,9,Prime,Gold,47,3353.48,71.35,4.26,2,Grocery,5,3.7,0,14,68,Alexa,Debit Card,36.25,24,1,319,3378.48,0.1294,Satisfied,Loyal Shopper
AMZ-100924,26,Male,North America,2022,3,Non-Prime,Silver,0,42.33,42.33,0.0,0,Grocery,2,2.8,6,2,6,Desktop,Net Banking,62.61,21,1,521,50.31,0.6282,Neutral,Inactive User
AMZ-100925,22,Male,East Asia,2020,5,Non-Prime,Silver,22,1835.39,83.43,0.0,0,Books,4,4.7,24,25,75,Desktop,UPI,22.14,37,0,473,2003.85,0.4246,Satisfied,Loyal Shopper
AMZ-100926,20,Non-Binary,Middle East,2015,10,Prime,Diamond,40,10266.35,256.66,7.5,3,Books,3,4.0,0,9,92,Desktop,Cash on Delivery,56.23,32,3,662,14917.58,0.1889,Neutral,Premium Spender
AMZ-100927,48,Female,South Asia,2019,6,Non-Prime,Gold,6,567.69,94.62,50.0,3,Toys,5,3.2,44,8,13,Mobile,Cash on Delivery,54.36,7,0,604,754.64,0.9754,Dissatisfied,Occasional Buyer
AMZ-100928,66,Female,North America,2018,7,Non-Prime,Gold,1,56.93,56.93,100.0,1,Automotive,7,3.8,29,19,41,Tablet,Net Banking,49.71,8,1,572,60.57,0.005,Neutral,Occasional Buyer
AMZ-100929,18,Non-Binary,North America,2016,9,Prime,Platinum,10,105.87,10.59,10.0,1,Automotive,8,2.7,2,6,24,Mobile,Gift Card,30.34,7,3,496,119.47,0.8502,Satisfied,Occasional Buyer
AMZ-100930,31,Non-Binary,Latin America,2018,7,Prime,Diamond,9,388.21,43.13,33.33,3,Home & Kitchen,6,4.0,16,11,34,Alexa,Gift Card,60.98,35,1,483,406.66,0.674,Dissatisfied,Occasional Buyer
AMZ-100931,68,Male,East Asia,2015,10,Prime,Diamond,9,99.82,11.09,11.11,1,Beauty,8,2.2,2,7,10,Desktop,Credit Card,62.28,38,4,669,139.62,0.5958,Dissatisfied,Occasional Buyer
AMZ-100932,32,Male,Southeast Asia,2019,6,Prime,Silver,44,9859.07,224.07,6.82,3,Books,3,4.9,28,21,51,Desktop,Gift Card,29.71,0,1,302,12869.25,0.1193,Very Satisfied,Premium Spender
AMZ-100933,31,Non-Binary,North America,2020,5,Non-Prime,Gold,36,5011.46,139.21,8.33,3,Books,1,4.7,6,15,102,Tablet,Debit Card,48.12,10,2,142,6837.24,0.6457,Very Satisfied,Premium Spender
AMZ-100934,66,Non-Binary,East Asia,2017,8,Prime,Silver,12,210.5,17.54,8.33,1,Home & Kitchen,5,3.5,31,14,15,Smart TV,Net Banking,37.58,2,1,526,262.18,0.5992,Neutral,Occasional Buyer
AMZ-100935,61,Non-Binary,East Asia,2020,5,Non-Prime,Platinum,33,14452.38,437.95,6.06,2,Toys,2,3.4,26,19,87,Tablet,Gift Card,40.41,31,3,308,14576.32,0.8202,Neutral,Premium Spender
AMZ-100936,32,Female,Middle East,2021,4,Prime,Gold,4,46.2,11.55,0.0,0,Automotive,2,1.0,24,4,9,Mobile,Credit Card,77.29,20,1,277,59.77,0.201,Very Dissatisfied,Inactive User
AMZ-100937,64,Female,South Asia,2018,7,Non-Prime,Gold,4,199.93,49.98,50.0,2,Electronics,2,3.2,43,1,27,Mobile,Net Banking,14.26,27,0,62,240.8,0.6928,Dissatisfied,Occasional Buyer
AMZ-100938,58,Female,Latin America,2019,6,Prime,Gold,23,205.11,8.92,26.09,6,Toys,9,3.8,49,52,148,Alexa,Net Banking,52.49,32,2,181,261.21,0.955,Neutral,Bargain Hunter
AMZ-100939,37,Female,Middle East,2023,2,Non-Prime,Silver,4,266.47,66.62,25.0,1,Books,4,3.0,8,8,50,Alexa,Cash on Delivery,48.7,14,1,104,322.51,0.765,Neutral,Occasional Buyer
AMZ-100940,48,Male,Europe,2023,2,Non-Prime,Diamond,41,3601.73,87.85,9.76,4,Automotive,4,3.8,34,21,107,Alexa,Amazon Pay,55.46,20,1,120,4503.52,0.4896,Neutral,Premium Spender
AMZ-100941,60,Non-Binary,Middle East,2017,8,Prime,Silver,0,1.58,1.58,100.0,1,Toys,1,2.6,24,0,19,Mobile,Gift Card,59.03,6,4,11,2.05,0.1563,Very Dissatisfied,Inactive User
AMZ-100942,53,Female,Southeast Asia,2016,9,Prime,Silver,28,5765.06,205.9,7.14,2,Electronics,3,4.5,41,22,104,Desktop,UPI,17.38,38,4,179,7652.91,0.8801,Neutral,Premium Spender
AMZ-100943,65,Male,Southeast Asia,2016,9,Prime,Gold,4,265.82,66.45,0.0,0,Sports,1,2.8,48,11,57,Smart TV,Gift Card,55.24,28,4,516,285.82,0.466,Satisfied,Occasional Buyer
AMZ-100944,41,Non-Binary,Southeast Asia,2022,3,Non-Prime,Diamond,10,682.56,68.26,20.0,2,Automotive,7,3.4,49,30,215,Alexa,Cash on Delivery,5.04,9,0,430,791.19,0.368,Dissatisfied,Bargain Hunter
AMZ-100945,40,Female,Europe,2018,7,Prime,Diamond,63,2193.1,34.81,1.59,1,Office,1,3.8,30,11,160,Tablet,Cash on Delivery,9.69,25,3,366,3287.79,0.695,Very Satisfied,Loyal Shopper
AMZ-100946,49,Male,North America,2016,9,Non-Prime,Silver,2,303.58,151.79,50.0,1,Clothing,4,3.6,35,12,31,Tablet,Amazon Pay,18.11,14,1,237,347.43,0.1722,Dissatisfied,Occasional Buyer
AMZ-100947,18,Non-Binary,Europe,2020,5,Prime,Silver,4,79.74,19.93,0.0,0,Toys,3,2.3,6,1,6,Tablet,Amazon Pay,44.11,19,0,698,87.79,0.8592,Dissatisfied,Inactive User
AMZ-100948,32,Male,Latin America,2022,3,Prime,Gold,33,9552.55,289.47,6.06,2,Home & Kitchen,2,3.8,38,26,54,Tablet,UPI,68.25,15,1,291,11739.3,0.0253,Neutral,Premium Spender
AMZ-100949,51,Male,East Asia,2018,7,Prime,Silver,27,454.75,16.84,22.22,6,Beauty,2,4.2,19,75,219,Desktop,Credit Card,79.37,19,0,564,641.5,0.5118,Dissatisfied,Bargain Hunter
AMZ-100950,33,Male,Southeast Asia,2020,5,Non-Prime,Diamond,2,80.67,40.34,50.0,1,Office,7,1.0,29,1,4,Alexa,Gift Card,53.23,37,4,434,96.93,0.3741,Very Dissatisfied,Inactive User
AMZ-100951,70,Non-Binary,Southeast Asia,2021,4,Non-Prime,Silver,5,136.73,27.35,40.0,2,Beauty,2,3.0,20,14,20,Smart TV,UPI,34.02,3,0,316,194.31,0.6482,Neutral,Occasional Buyer
AMZ-100952,64,Non-Binary,North America,2019,6,Prime,Silver,19,6270.88,330.05,15.79,3,Home & Kitchen,7,4.8,40,27,70,Tablet,Gift Card,15.35,9,2,207,7536.59,0.3962,Neutral,Premium Spender
AMZ-100953,22,Female,South Asia,2021,4,Non-Prime,Platinum,4,66.18,16.55,0.0,0,Beauty,6,2.4,31,3,19,Smart TV,Debit Card,23.7,25,4,268,86.22,0.6799,Neutral,Inactive User
AMZ-100954,37,Male,East Asia,2017,8,Non-Prime,Gold,38,3235.59,85.15,7.89,3,Sports,6,4.5,41,25,112,Tablet,Credit Card,54.64,10,2,82,4495.21,0.2487,Very Satisfied,Premium Spender
AMZ-100955,32,Female,East Asia,2015,10,Prime,Silver,5,419.99,84.0,20.0,1,Office,6,3.6,13,5,39,Mobile,UPI,52.76,7,2,287,544.83,0.3449,Satisfied,Occasional Buyer
AMZ-100956,45,Male,Middle East,2023,2,Non-Prime,Diamond,13,104.27,8.02,7.69,1,Toys,4,3.1,2,16,46,Desktop,Amazon Pay,5.75,4,2,407,139.04,0.2337,Dissatisfied,Occasional Buyer
AMZ-100957,65,Female,Middle East,2021,4,Prime,Diamond,23,547.09,23.79,13.04,3,Grocery,6,3.3,47,76,235,Tablet,Debit Card,62.02,32,2,2,675.86,0.3884,Dissatisfied,Bargain Hunter
AMZ-100958,69,Female,Middle East,2020,5,Non-Prime,Diamond,23,8413.97,365.82,0.0,0,Grocery,3,4.2,23,18,59,Desktop,Credit Card,8.04,21,0,507,12239.64,0.6492,Neutral,Premium Spender
AMZ-100959,37,Non-Binary,Southeast Asia,2023,2,Prime,Diamond,0,13.54,13.54,0.0,0,Sports,8,1.3,34,1,11,Alexa,Cash on Delivery,33.57,35,0,149,19.73,0.5751,Dissatisfied,Inactive User
AMZ-100960,47,Non-Binary,Latin America,2019,6,Non-Prime,Silver,2,49.01,24.5,0.0,0,Grocery,9,1.1,28,3,19,Desktop,Amazon Pay,22.75,20,0,328,58.91,0.6784,Very Dissatisfied,Inactive User
AMZ-100961,35,Male,South Asia,2016,9,Non-Prime,Platinum,22,4900.48,222.75,18.18,4,Toys,8,3.1,25,28,60,Smart TV,Amazon Pay,31.57,32,3,145,5472.8,0.736,Satisfied,Premium Spender
AMZ-100962,25,Male,East Asia,2021,4,Prime,Platinum,17,453.68,26.69,17.65,3,Sports,6,3.0,19,86,204,Desktop,Amazon Pay,8.6,28,1,631,477.05,0.0718,Dissatisfied,Bargain Hunter
AMZ-100963,63,Female,South Asia,2019,6,Prime,Gold,0,5.17,5.17,100.0,1,Home & Kitchen,3,1.7,47,4,2,Mobile,Debit Card,35.23,14,4,645,6.52,0.9214,Dissatisfied,Inactive User
AMZ-100964,45,Female,Middle East,2020,5,Prime,Diamond,11,145.11,13.19,27.27,3,Electronics,6,3.4,8,19,53,Desktop,Debit Card,57.77,8,4,723,173.42,0.2841,Dissatisfied,Occasional Buyer
AMZ-100965,52,Male,Europe,2016,9,Prime,Gold,3,318.53,106.18,100.0,3,Electronics,2,2.5,2,10,42,Smart TV,Cash on Delivery,63.78,27,1,206,406.19,0.1221,Neutral,Occasional Buyer
AMZ-100966,58,Male,Europe,2023,2,Non-Prime,Platinum,21,644.95,30.71,23.81,5,Books,5,2.6,3,95,232,Smart TV,Amazon Pay,1.66,30,2,628,906.62,0.8285,Neutral,Bargain Hunter
AMZ-100967,68,Non-Binary,East Asia,2016,9,Prime,Gold,14,314.24,22.45,28.57,4,Books,2,2.9,14,38,194,Alexa,Net Banking,47.09,34,4,234,315.13,0.0298,Satisfied,Bargain Hunter
AMZ-100968,32,Non-Binary,Latin America,2015,10,Non-Prime,Platinum,4,76.28,19.07,25.0,1,Automotive,9,1.7,46,3,9,Mobile,Debit Card,66.35,34,4,227,108.2,0.3733,Dissatisfied,Inactive User
AMZ-100969,46,Female,Europe,2019,6,Non-Prime,Diamond,1,66.74,66.74,0.0,0,Home & Kitchen,5,2.0,31,2,3,Smart TV,Debit Card,60.93,23,2,523,75.37,0.3093,Dissatisfied,Inactive User
AMZ-100970,71,Male,South Asia,2020,5,Prime,Diamond,53,4256.52,80.31,3.77,2,Toys,2,4.4,49,31,88,Tablet,Cash on Delivery,14.26,4,4,375,5703.87,0.8973,Very Satisfied,Loyal Shopper
AMZ-100971,31,Female,Middle East,2017,8,Prime,Silver,3,0.01,0.0,0.0,0,Beauty,3,1.0,49,0,14,Alexa,Gift Card,28.74,5,4,48,0.01,0.6007,Dissatisfied,Inactive User
AMZ-100972,69,Male,Europe,2021,4,Prime,Platinum,21,7963.74,379.23,0.0,0,Automotive,3,4.9,24,15,52,Tablet,Cash on Delivery,34.46,16,4,612,11010.14,0.1586,Very Satisfied,Premium Spender
AMZ-100973,57,Non-Binary,Middle East,2019,6,Prime,Silver,11,180.39,16.4,9.09,1,Home & Kitchen,2,2.6,22,6,36,Tablet,UPI,23.82,16,4,292,270.21,0.1786,Neutral,Occasional Buyer
AMZ-100974,63,Non-Binary,Latin America,2015,10,Prime,Silver,29,7513.8,259.1,3.45,1,Grocery,4,3.4,43,20,62,Desktop,Cash on Delivery,74.66,21,1,563,8924.51,0.1107,Neutral,Premium Spender
AMZ-100975,45,Male,Southeast Asia,2017,8,Prime,Platinum,37,14361.26,388.14,10.81,4,Books,3,3.2,13,24,83,Desktop,Amazon Pay,32.05,9,0,466,17628.53,0.1496,Neutral,Premium Spender
AMZ-100976,29,Female,Latin America,2016,9,Prime,Diamond,67,3079.65,45.96,2.99,2,Electronics,1,4.9,46,40,112,Tablet,Cash on Delivery,53.63,2,2,574,3601.77,0.5656,Very Satisfied,Loyal Shopper
AMZ-100977,70,Female,Latin America,2022,3,Prime,Platinum,11,537.16,48.83,72.73,8,Toys,3,3.4,26,41,235,Mobile,Cash on Delivery,41.71,7,4,532,694.26,0.6652,Satisfied,Bargain Hunter
AMZ-100978,18,Non-Binary,North America,2019,6,Prime,Diamond,65,1059.53,16.3,0.0,0,Office,4,4.3,11,37,149,Alexa,Net Banking,49.97,33,1,515,1325.25,0.8666,Satisfied,Loyal Shopper
AMZ-100979,41,Non-Binary,North America,2016,9,Prime,Gold,12,579.51,48.29,16.67,2,Automotive,3,2.1,16,9,19,Desktop,Credit Card,52.79,9,1,310,786.71,0.487,Dissatisfied,Occasional Buyer
AMZ-100980,31,Non-Binary,Europe,2021,4,Prime,Silver,15,13487.98,899.2,6.67,1,Books,8,4.8,8,9,60,Desktop,Debit Card,69.11,4,0,233,18971.65,0.7863,Satisfied,Premium Spender
AMZ-100981,43,Non-Binary,East Asia,2023,2,Prime,Diamond,3,55.27,18.42,33.33,1,Beauty,3,2.9,26,1,15,Smart TV,Gift Card,31.01,18,2,549,81.3,0.6813,Neutral,Inactive User
AMZ-100982,63,Male,Latin America,2018,7,Non-Prime,Platinum,64,1696.54,26.51,1.56,1,Sports,3,4.1,23,32,121,Desktop,Credit Card,41.56,26,3,23,2175.81,0.8815,Satisfied,Loyal Shopper
AMZ-100983,61,Male,Southeast Asia,2020,5,Prime,Gold,45,9640.0,214.22,6.67,3,Electronics,8,3.1,37,9,95,Mobile,UPI,22.61,11,0,101,10635.76,0.1105,Neutral,Premium Spender
AMZ-100984,23,Male,North America,2018,7,Prime,Gold,2,52.79,26.39,0.0,0,Sports,6,1.4,31,2,7,Desktop,Credit Card,49.27,6,1,590,78.48,0.8931,Neutral,Inactive User
AMZ-100985,40,Female,Middle East,2016,9,Prime,Gold,29,3042.06,104.9,13.79,4,Books,3,3.1,45,24,57,Tablet,Debit Card,49.95,0,0,533,4362.54,0.1291,Very Satisfied,Premium Spender
AMZ-100986,47,Male,Latin America,2015,10,Non-Prime,Diamond,4,98.23,24.56,0.0,0,Automotive,2,2.4,18,2,3,Smart TV,Credit Card,40.92,39,0,270,142.83,0.9449,Dissatisfied,Inactive User
AMZ-100987,31,Male,East Asia,2020,5,Prime,Platinum,76,1296.25,17.06,2.63,2,Automotive,3,4.0,32,23,133,Smart TV,Debit Card,30.68,33,2,663,1318.21,0.9898,Very Satisfied,Loyal Shopper
AMZ-100988,39,Non-Binary,South Asia,2022,3,Prime,Gold,46,9864.9,214.45,4.35,2,Toys,3,4.2,10,14,59,Desktop,Gift Card,49.41,7,0,142,10929.5,0.8466,Satisfied,Premium Spender
AMZ-100989,65,Female,Europe,2021,4,Prime,Diamond,49,1560.41,31.85,0.0,0,Home & Kitchen,6,4.9,19,28,169,Tablet,UPI,78.17,30,1,657,2304.17,0.6754,Very Satisfied,Loyal Shopper
AMZ-100990,18,Male,Southeast Asia,2021,4,Prime,Platinum,32,5905.19,184.54,3.12,1,Toys,7,3.9,9,6,103,Desktop,Net Banking,20.82,37,0,136,6030.27,0.6739,Satisfied,Premium Spender
AMZ-100991,57,Female,Latin America,2022,3,Non-Prime,Platinum,32,10613.28,331.67,6.25,2,Books,5,4.7,11,13,91,Mobile,UPI,51.58,14,0,465,11410.42,0.6587,Very Satisfied,Premium Spender
AMZ-100992,43,Female,South Asia,2020,5,Prime,Platinum,25,749.35,29.97,16.0,4,Office,3,3.3,43,73,156,Alexa,Net Banking,56.4,38,2,291,965.69,0.4178,Neutral,Bargain Hunter
AMZ-100993,60,Female,Middle East,2020,5,Non-Prime,Diamond,17,236.03,13.88,17.65,3,Sports,8,4.4,28,37,238,Smart TV,Net Banking,21.5,23,1,443,247.9,0.2718,Neutral,Bargain Hunter
AMZ-100994,43,Non-Binary,North America,2017,8,Non-Prime,Gold,2,198.73,99.36,150.0,3,Sports,3,3.4,49,12,16,Desktop,UPI,77.51,5,0,406,217.87,0.3561,Neutral,Occasional Buyer
AMZ-100995,62,Female,South Asia,2023,2,Prime,Platinum,27,13350.01,494.44,14.81,4,Grocery,8,4.6,47,6,95,Smart TV,Debit Card,26.38,2,4,579,16211.24,0.8242,Neutral,Premium Spender
AMZ-100996,68,Female,North America,2017,8,Prime,Diamond,5,475.84,95.17,20.0,1,Sports,7,3.4,44,6,10,Tablet,Gift Card,13.89,0,4,505,497.55,0.4364,Neutral,Occasional Buyer
AMZ-100997,52,Non-Binary,East Asia,2021,4,Prime,Platinum,10,337.14,33.71,30.0,3,Toys,7,2.7,6,8,19,Desktop,Amazon Pay,3.47,1,0,558,354.83,0.0223,Dissatisfied,Occasional Buyer
AMZ-100998,47,Non-Binary,East Asia,2022,3,Non-Prime,Diamond,32,13401.44,418.8,9.38,3,Electronics,2,3.8,1,25,62,Desktop,Debit Card,21.06,32,3,453,15769.27,0.8086,Satisfied,Premium Spender
AMZ-100999,51,Male,North America,2018,7,Prime,Platinum,15,146.54,9.77,13.33,2,Clothing,9,4.4,22,90,223,Smart TV,Gift Card,53.82,23,2,171,146.68,0.3506,Neutral,Bargain Hunter
AMZ-101000,65,Male,Southeast Asia,2018,7,Prime,Diamond,14,171.52,12.25,50.0,7,Automotive,6,3.4,39,71,223,Smart TV,Credit Card,43.48,25,1,286,176.54,0.5883,Satisfied,Bargain Hunter
AMZ-101001,71,Female,North America,2022,3,Prime,Platinum,37,3034.9,82.02,5.41,2,Clothing,5,4.2,34,38,83,Desktop,Net Banking,33.54,12,4,43,3318.41,0.3513,Very Satisfied,Loyal Shopper
AMZ-101002,39,Non-Binary,Latin America,2020,5,Non-Prime,Gold,0,11.16,11.16,0.0,0,Office,1,1.4,2,4,4,Mobile,UPI,31.55,13,2,202,13.19,0.0727,Very Dissatisfied,Inactive User
AMZ-101003,20,Female,North America,2015,10,Prime,Diamond,3,82.15,27.38,33.33,1,Books,3,1.2,36,1,19,Tablet,Credit Card,28.51,37,0,217,91.67,0.5419,Dissatisfied,Inactive User
AMZ-101004,65,Non-Binary,North America,2023,2,Prime,Platinum,6,512.18,85.36,0.0,0,Office,6,2.3,49,9,29,Mobile,Cash on Delivery,37.0,18,1,400,690.48,0.2389,Satisfied,Occasional Buyer
AMZ-101005,21,Male,North America,2015,10,Prime,Diamond,10,481.15,48.11,30.0,3,Automotive,8,3.8,2,19,33,Tablet,UPI,20.04,17,3,133,626.26,0.1457,Neutral,Occasional Buyer
AMZ-101006,67,Male,Latin America,2018,7,Non-Prime,Diamond,13,245.22,18.86,69.23,9,Beauty,1,3.4,8,48,234,Alexa,Debit Card,42.34,16,1,359,286.81,0.4363,Satisfied,Bargain Hunter
AMZ-101007,40,Non-Binary,Europe,2022,3,Prime,Silver,67,1308.74,19.53,2.99,2,Books,2,3.9,37,17,175,Alexa,UPI,71.72,14,3,502,1535.71,0.0366,Very Satisfied,Loyal Shopper
AMZ-101008,20,Female,Europe,2020,5,Prime,Gold,23,11961.25,520.05,4.35,1,Toys,3,3.7,18,8,96,Mobile,Credit Card,14.94,9,3,349,12965.35,0.3268,Satisfied,Premium Spender
AMZ-101009,53,Female,East Asia,2016,9,Prime,Platinum,28,1378.08,49.22,7.14,2,Clothing,6,4.1,12,20,82,Mobile,Amazon Pay,30.04,19,4,659,1762.23,0.9569,Very Satisfied,Loyal Shopper
AMZ-101010,43,Non-Binary,East Asia,2017,8,Prime,Gold,27,7854.2,290.9,3.7,1,Beauty,9,3.6,7,12,90,Mobile,Cash on Delivery,77.7,15,1,532,10093.05,0.6484,Neutral,Premium Spender
AMZ-101011,47,Male,Southeast Asia,2018,7,Prime,Diamond,6,345.04,57.51,33.33,2,Automotive,2,3.7,28,4,55,Tablet,UPI,74.55,35,4,252,462.15,0.7475,Satisfied,Occasional Buyer
AMZ-101012,62,Male,East Asia,2023,2,Prime,Platinum,4,63.63,15.91,25.0,1,Office,2,2.0,47,1,18,Desktop,Gift Card,54.67,10,0,729,77.86,0.6591,Very Dissatisfied,Inactive User
AMZ-101013,25,Male,Middle East,2020,5,Prime,Diamond,49,9857.26,201.17,4.08,2,Home & Kitchen,7,3.5,18,12,89,Desktop,Gift Card,40.79,16,0,476,13523.5,0.8564,Satisfied,Premium Spender
AMZ-101014,57,Non-Binary,Middle East,2020,5,Prime,Platinum,4,92.12,23.03,25.0,1,Automotive,9,1.6,8,0,10,Smart TV,Credit Card,54.35,39,2,268,116.99,0.1976,Neutral,Inactive User
AMZ-101015,34,Male,South Asia,2018,7,Non-Prime,Platinum,30,7368.75,245.62,3.33,1,Home & Kitchen,9,4.3,19,25,116,Alexa,Gift Card,18.46,17,2,95,8215.53,0.4787,Neutral,Premium Spender
AMZ-101016,57,Male,Middle East,2020,5,Prime,Silver,13,245.89,18.91,23.08,3,Grocery,7,2.7,28,16,22,Mobile,UPI,42.98,1,0,273,351.27,0.2326,Satisfied,Occasional Buyer
AMZ-101017,35,Male,Southeast Asia,2016,9,Non-Prime,Platinum,31,5151.75,166.19,6.45,2,Beauty,6,4.6,43,21,76,Tablet,UPI,28.85,12,3,443,5628.71,0.6269,Neutral,Premium Spender
AMZ-101018,29,Male,North America,2015,10,Non-Prime,Diamond,25,613.58,24.54,32.0,8,Clothing,3,3.2,8,83,191,Desktop,Cash on Delivery,43.9,39,0,11,916.71,0.6588,Dissatisfied,Bargain Hunter
AMZ-101019,55,Male,Southeast Asia,2021,4,Non-Prime,Platinum,18,11242.53,624.59,16.67,3,Beauty,3,3.9,32,21,86,Alexa,Net Banking,76.12,25,3,452,15176.12,0.2056,Satisfied,Premium Spender
AMZ-101020,64,Female,Middle East,2019,6,Prime,Platinum,16,11715.44,732.22,25.0,4,Clothing,5,4.0,1,23,80,Desktop,Debit Card,22.14,26,1,372,16231.15,0.1428,Very Satisfied,Premium Spender
AMZ-101021,38,Non-Binary,Europe,2022,3,Non-Prime,Silver,19,580.14,30.53,47.37,9,Toys,5,3.6,21,98,178,Alexa,Credit Card,16.18,26,1,413,803.23,0.3939,Dissatisfied,Bargain Hunter
AMZ-101022,56,Male,North America,2022,3,Prime,Diamond,22,623.42,28.34,31.82,7,Automotive,5,4.3,17,27,121,Smart TV,Cash on Delivery,46.1,25,4,43,867.96,0.5962,Satisfied,Bargain Hunter
AMZ-101023,37,Female,Europe,2022,3,Non-Prime,Platinum,2,17.2,8.6,0.0,0,Toys,1,1.8,39,2,5,Tablet,Credit Card,47.59,34,4,238,23.67,0.6578,Neutral,Inactive User
AMZ-101024,56,Male,South Asia,2023,2,Prime,Silver,36,1675.22,46.53,0.0,0,Home & Kitchen,8,4.2,0,37,93,Mobile,Debit Card,2.14,24,3,675,2154.56,0.1921,Very Satisfied,Loyal Shopper
AMZ-101025,71,Male,Latin America,2017,8,Prime,Diamond,22,3411.99,155.09,9.09,2,Grocery,3,5.0,8,5,87,Desktop,Credit Card,68.49,36,1,62,4586.71,0.8716,Very Satisfied,Premium Spender
AMZ-101026,19,Male,Southeast Asia,2017,8,Prime,Silver,4,256.74,64.19,25.0,1,Books,8,3.9,40,15,49,Desktop,Debit Card,13.14,3,1,621,376.12,0.5518,Dissatisfied,Occasional Buyer
AMZ-101027,38,Female,North America,2018,7,Prime,Gold,41,11247.32,274.32,2.44,1,Home & Kitchen,7,3.6,29,23,75,Tablet,UPI,40.71,26,1,455,16465.19,0.2573,Neutral,Premium Spender
AMZ-101028,68,Female,North America,2018,7,Prime,Diamond,18,7936.15,440.9,5.56,1,Toys,4,3.5,18,11,112,Smart TV,Net Banking,4.77,18,3,317,11567.94,0.4043,Satisfied,Premium Spender
AMZ-101029,60,Non-Binary,Middle East,2016,9,Prime,Silver,3,96.93,32.31,33.33,1,Automotive,5,3.0,21,0,4,Smart TV,Gift Card,21.02,5,1,719,99.48,0.8891,Neutral,Inactive User
AMZ-101030,19,Non-Binary,Middle East,2017,8,Non-Prime,Diamond,1,67.85,67.85,0.0,0,Home & Kitchen,8,2.2,36,2,0,Mobile,UPI,43.06,17,0,78,98.27,0.0527,Neutral,Inactive User
AMZ-101031,42,Non-Binary,Europe,2018,7,Non-Prime,Silver,9,232.24,25.8,55.56,5,Sports,5,4.0,13,93,209,Smart TV,Gift Card,48.09,25,3,630,282.06,0.2268,Satisfied,Bargain Hunter
AMZ-101032,44,Non-Binary,Latin America,2017,8,Prime,Diamond,28,277.13,9.9,17.86,5,Toys,3,4.4,10,35,147,Mobile,Debit Card,52.28,11,2,129,411.35,0.6721,Satisfied,Bargain Hunter
AMZ-101033,19,Male,Southeast Asia,2016,9,Prime,Diamond,8,537.17,67.15,37.5,3,Home & Kitchen,1,2.8,19,14,27,Alexa,Debit Card,75.53,10,2,22,781.28,0.8216,Satisfied,Occasional Buyer
AMZ-101034,21,Female,Middle East,2017,8,Non-Prime,Diamond,3,92.04,30.68,0.0,0,Clothing,3,2.8,28,2,19,Tablet,Net Banking,14.94,39,0,613,114.66,0.0184,Neutral,Inactive User
AMZ-101035,62,Non-Binary,Latin America,2022,3,Non-Prime,Platinum,29,13620.91,469.69,3.45,1,Automotive,3,4.2,49,13,74,Desktop,UPI,10.68,27,4,395,19250.13,0.9902,Neutral,Premium Spender
AMZ-101036,43,Non-Binary,Latin America,2020,5,Prime,Diamond,40,874.7,21.87,0.0,0,Clothing,7,3.6,6,45,108,Desktop,Debit Card,32.63,25,3,647,954.07,0.1204,Satisfied,Loyal Shopper
AMZ-101037,28,Male,East Asia,2019,6,Prime,Diamond,40,4731.51,118.29,0.0,0,Sports,6,4.9,47,25,122,Desktop,Debit Card,39.42,19,1,59,6181.37,0.7192,Satisfied,Loyal Shopper
AMZ-101038,62,Male,Europe,2015,10,Prime,Platinum,2,51.97,25.98,50.0,1,Clothing,9,2.4,23,4,15,Desktop,Cash on Delivery,77.76,28,3,668,61.89,0.3191,Dissatisfied,Inactive User
AMZ-101039,43,Male,Europe,2016,9,Prime,Silver,2,22.01,11.01,50.0,1,Office,7,1.4,8,1,13,Desktop,Credit Card,71.68,7,4,397,32.99,0.9,Dissatisfied,Inactive User
AMZ-101040,43,Female,Europe,2017,8,Prime,Platinum,0,79.82,79.82,100.0,1,Electronics,2,2.2,10,0,12,Alexa,Amazon Pay,55.8,33,2,294,100.27,0.7894,Dissatisfied,Inactive User
AMZ-101041,18,Non-Binary,North America,2023,2,Prime,Diamond,42,2436.55,58.01,4.76,2,Books,1,3.5,46,35,131,Mobile,Cash on Delivery,13.49,33,2,670,3590.09,0.2917,Very Satisfied,Loyal Shopper
AMZ-101042,40,Male,East Asia,2020,5,Non-Prime,Silver,4,12.91,3.23,0.0,0,Grocery,8,2.9,1,2,0,Mobile,Debit Card,44.79,22,0,615,18.96,0.0011,Neutral,Inactive User
AMZ-101043,69,Female,South Asia,2022,3,Non-Prime,Platinum,19,649.73,34.2,10.53,2,Automotive,2,2.7,26,83,148,Alexa,Gift Card,6.77,31,4,559,779.33,0.1693,Neutral,Bargain Hunter
AMZ-101044,41,Non-Binary,Europe,2023,2,Prime,Gold,25,767.91,30.72,36.0,9,Books,9,4.5,45,65,215,Desktop,Gift Card,76.52,34,0,169,839.31,0.9095,Neutral,Bargain Hunter
AMZ-101045,24,Male,East Asia,2015,10,Prime,Platinum,29,4963.7,171.16,3.45,1,Sports,7,4.7,41,9,62,Alexa,Debit Card,29.13,12,3,106,5159.23,0.2769,Satisfied,Premium Spender
AMZ-101046,68,Female,Latin America,2015,10,Prime,Platinum,23,634.45,27.58,13.04,3,Home & Kitchen,7,3.1,14,69,184,Desktop,Cash on Delivery,1.09,22,4,488,679.37,0.3757,Satisfied,Bargain Hunter
AMZ-101047,62,Male,South Asia,2021,4,Prime,Diamond,1,49.01,49.01,100.0,1,Toys,1,1.2,3,3,4,Smart TV,Cash on Delivery,71.5,2,3,64,70.56,0.9377,Very Dissatisfied,Inactive User
AMZ-101048,55,Female,North America,2017,8,Prime,Gold,0,10.74,10.74,0.0,0,Electronics,8,2.4,17,2,1,Alexa,Credit Card,22.48,38,0,496,14.55,0.0848,Neutral,Inactive User
AMZ-101049,65,Female,Southeast Asia,2021,4,Prime,Diamond,5,629.62,125.92,160.0,8,Electronics,2,2.6,13,85,146,Smart TV,Cash on Delivery,78.21,33,2,536,632.42,0.0366,Satisfied,Bargain Hunter
AMZ-101050,59,Non-Binary,South Asia,2020,5,Non-Prime,Silver,16,658.73,41.17,43.75,7,Grocery,8,2.8,47,62,142,Tablet,Gift Card,0.74,15,2,616,852.74,0.2543,Dissatisfied,Bargain Hunter
AMZ-101051,53,Non-Binary,Middle East,2023,2,Prime,Platinum,42,4467.27,106.36,2.38,1,Beauty,5,3.4,46,8,86,Mobile,Cash on Delivery,19.32,34,3,355,5357.73,0.1369,Very Satisfied,Premium Spender
AMZ-101052,49,Non-Binary,South Asia,2023,2,Non-Prime,Diamond,12,357.61,29.8,0.0,0,Automotive,3,3.3,23,16,51,Desktop,UPI,59.0,11,2,78,407.51,0.1612,Satisfied,Occasional Buyer
AMZ-101053,64,Non-Binary,Southeast Asia,2023,2,Non-Prime,Platinum,2,72.73,36.37,50.0,1,Toys,7,2.7,36,2,15,Desktop,Amazon Pay,46.67,9,0,212,94.58,0.1603,Neutral,Inactive User
AMZ-101054,46,Non-Binary,Europe,2019,6,Prime,Gold,24,150.59,6.27,29.17,7,Grocery,8,4.3,9,62,108,Alexa,Amazon Pay,70.78,39,4,220,210.73,0.2571,Neutral,Bargain Hunter
AMZ-101055,55,Non-Binary,Middle East,2020,5,Prime,Platinum,31,986.25,31.81,6.45,2,Clothing,5,4.0,0,10,136,Mobile,Credit Card,72.58,39,2,555,1236.4,0.665,Very Satisfied,Loyal Shopper
AMZ-101056,31,Female,South Asia,2018,7,Prime,Diamond,4,71.15,17.79,0.0,0,Grocery,1,1.3,26,0,5,Mobile,Net Banking,57.94,35,1,719,95.93,0.5967,Neutral,Inactive User
AMZ-101057,46,Female,Latin America,2022,3,Non-Prime,Platinum,20,291.12,14.56,10.0,2,Books,8,3.3,2,88,139,Mobile,Cash on Delivery,73.75,18,1,64,414.66,0.1392,Satisfied,Bargain Hunter
AMZ-101058,34,Female,Middle East,2018,7,Non-Prime,Silver,27,134.34,4.98,7.41,2,Automotive,5,2.7,20,57,158,Tablet,Debit Card,74.73,30,2,417,150.89,0.1432,Satisfied,Bargain Hunter
AMZ-101059,31,Non-Binary,Latin America,2020,5,Non-Prime,Gold,1,41.58,41.58,0.0,0,Beauty,7,2.9,15,3,4,Tablet,Amazon Pay,16.84,1,0,102,59.73,0.3369,Neutral,Inactive User
AMZ-101060,28,Male,Latin America,2016,9,Prime,Gold,0,28.59,28.59,0.0,0,Books,1,2.8,12,2,4,Tablet,UPI,52.15,17,4,582,34.7,0.5324,Neutral,Inactive User
AMZ-101061,50,Female,Southeast Asia,2022,3,Prime,Gold,0,85.07,85.07,0.0,0,Toys,9,2.4,18,4,0,Smart TV,Credit Card,32.15,20,0,41,106.61,0.361,Dissatisfied,Inactive User
AMZ-101062,44,Female,South Asia,2020,5,Prime,Gold,24,753.45,31.39,20.83,5,Automotive,5,2.6,4,70,232,Mobile,Amazon Pay,2.16,34,2,725,1041.78,0.8957,Neutral,Bargain Hunter
AMZ-101063,41,Non-Binary,Middle East,2017,8,Non-Prime,Diamond,0,65.06,65.06,0.0,0,Sports,5,1.8,47,4,0,Alexa,Gift Card,66.97,30,1,134,65.37,0.2838,Very Dissatisfied,Inactive User
AMZ-101064,70,Non-Binary,Southeast Asia,2018,7,Non-Prime,Diamond,28,10916.74,389.88,14.29,4,Clothing,3,4.2,3,23,77,Desktop,UPI,73.26,25,0,9,12483.31,0.9105,Neutral,Premium Spender
AMZ-101065,40,Non-Binary,Southeast Asia,2020,5,Prime,Silver,77,1175.81,15.27,2.6,2,Home & Kitchen,9,4.5,11,42,99,Smart TV,Gift Card,78.53,20,4,110,1609.04,0.694,Satisfied,Loyal Shopper
AMZ-101066,43,Male,Middle East,2022,3,Prime,Silver,13,285.83,21.99,53.85,7,Office,2,2.9,45,90,100,Smart TV,Credit Card,46.0,4,4,722,316.81,0.5855,Dissatisfied,Bargain Hunter
AMZ-101067,36,Non-Binary,Europe,2023,2,Prime,Gold,14,560.18,40.01,28.57,4,Books,9,2.5,47,88,220,Tablet,Amazon Pay,33.55,8,3,301,706.94,0.1349,Satisfied,Bargain Hunter
AMZ-101068,62,Female,Southeast Asia,2018,7,Prime,Gold,9,287.66,31.96,11.11,1,Clothing,6,3.1,19,3,18,Alexa,Gift Card,50.77,36,0,300,366.58,0.1996,Dissatisfied,Occasional Buyer
AMZ-101069,67,Female,South Asia,2022,3,Prime,Diamond,26,693.05,26.66,26.92,7,Electronics,7,3.5,49,36,178,Mobile,UPI,71.31,18,3,390,954.83,0.8803,Satisfied,Bargain Hunter
AMZ-101070,61,Male,Southeast Asia,2019,6,Prime,Platinum,8,150.0,18.75,0.0,0,Office,2,2.9,14,8,41,Smart TV,Amazon Pay,74.51,16,3,499,174.02,0.3831,Neutral,Occasional Buyer
AMZ-101071,62,Non-Binary,East Asia,2018,7,Non-Prime,Gold,32,9755.78,304.87,6.25,2,Clothing,1,3.4,32,10,83,Alexa,Net Banking,3.3,23,0,49,11300.85,0.1263,Neutral,Premium Spender
AMZ-101072,21,Non-Binary,Southeast Asia,2016,9,Prime,Platinum,25,9752.42,390.1,0.0,0,Books,3,4.9,3,6,48,Alexa,Net Banking,23.74,4,1,386,12880.25,0.186,Neutral,Premium Spender
AMZ-101073,36,Female,South Asia,2020,5,Prime,Platinum,4,82.94,20.73,25.0,1,Grocery,6,2.2,9,0,5,Mobile,Net Banking,5.07,37,1,32,110.41,0.3712,Very Dissatisfied,Inactive User
AMZ-101074,39,Female,Latin America,2018,7,Prime,Gold,37,14752.75,398.72,0.0,0,Electronics,1,3.5,21,9,54,Alexa,Net Banking,33.19,13,0,327,20350.93,0.1182,Very Satisfied,Premium Spender
AMZ-101075,23,Non-Binary,North America,2017,8,Non-Prime,Silver,6,223.4,37.23,16.67,1,Home & Kitchen,4,2.1,17,4,33,Alexa,UPI,44.87,36,2,424,280.51,0.6363,Satisfied,Occasional Buyer
AMZ-101076,68,Non-Binary,Middle East,2023,2,Prime,Diamond,2,6.01,3.0,50.0,1,Grocery,8,2.9,8,2,8,Mobile,Credit Card,61.57,9,0,466,8.51,0.6678,Dissatisfied,Inactive User
AMZ-101077,35,Male,Europe,2015,10,Prime,Gold,2,70.02,35.01,0.0,0,Office,1,2.3,1,2,1,Smart TV,Credit Card,37.82,9,4,687,74.64,0.1266,Dissatisfied,Inactive User
AMZ-101078,47,Female,Southeast Asia,2023,2,Non-Prime,Silver,3,3.04,1.01,0.0,0,Automotive,5,2.3,6,3,8,Mobile,Amazon Pay,20.63,3,2,551,4.37,0.3472,Neutral,Inactive User
AMZ-101079,66,Female,North America,2021,4,Non-Prime,Platinum,44,12028.34,273.37,6.82,3,Toys,4,4.6,42,21,59,Tablet,Credit Card,56.67,34,3,288,15735.29,0.2336,Satisfied,Premium Spender
AMZ-101080,43,Non-Binary,South Asia,2021,4,Prime,Gold,17,495.51,29.15,11.76,2,Clothing,2,3.4,3,41,229,Tablet,Cash on Delivery,21.32,12,0,658,591.84,0.1191,Neutral,Bargain Hunter
AMZ-101081,31,Female,Southeast Asia,2017,8,Non-Prime,Gold,18,495.6,27.53,22.22,4,Electronics,7,3.8,18,74,150,Alexa,Amazon Pay,41.42,21,2,286,546.38,0.8947,Neutral,Bargain Hunter
AMZ-101082,62,Non-Binary,North America,2020,5,Prime,Diamond,66,4001.44,60.63,1.52,1,Books,7,4.4,6,49,118,Tablet,Debit Card,16.71,11,3,328,5519.33,0.0976,Very Satisfied,Loyal Shopper
AMZ-101083,46,Female,Southeast Asia,2023,2,Prime,Silver,27,12038.84,445.88,0.0,0,Home & Kitchen,8,3.9,11,7,83,Desktop,Cash on Delivery,65.37,39,3,499,16851.94,0.2775,Neutral,Premium Spender
AMZ-101084,66,Male,Southeast Asia,2018,7,Non-Prime,Diamond,4,9.55,2.39,25.0,1,Books,3,1.2,22,1,10,Tablet,Credit Card,13.3,6,2,588,13.84,0.3044,Neutral,Inactive User
AMZ-101085,69,Non-Binary,Southeast Asia,2015,10,Prime,Diamond,9,262.23,29.14,33.33,3,Electronics,7,3.5,13,1,16,Smart TV,Net Banking,14.96,16,3,499,345.69,0.6893,Dissatisfied,Occasional Buyer
AMZ-101086,26,Female,Middle East,2021,4,Non-Prime,Silver,64,3195.4,49.93,3.12,2,Home & Kitchen,3,4.6,22,26,138,Alexa,Net Banking,1.01,38,1,64,3202.56,0.5012,Very Satisfied,Loyal Shopper
AMZ-101087,64,Non-Binary,Southeast Asia,2016,9,Prime,Silver,77,980.33,12.73,0.0,0,Grocery,8,4.1,42,27,145,Desktop,Cash on Delivery,14.82,9,0,670,1091.38,0.3951,Satisfied,Loyal Shopper
AMZ-101088,53,Non-Binary,South Asia,2017,8,Prime,Diamond,67,3005.92,44.86,2.99,2,Grocery,4,4.6,25,29,70,Smart TV,Credit Card,2.94,12,4,115,3039.19,0.6283,Satisfied,Loyal Shopper
AMZ-101089,23,Non-Binary,Europe,2017,8,Non-Prime,Gold,8,688.84,86.11,25.0,2,Electronics,7,4.2,37,20,208,Mobile,Gift Card,79.01,37,1,718,800.63,0.1829,Satisfied,Bargain Hunter
AMZ-101090,53,Female,East Asia,2016,9,Non-Prime,Diamond,11,569.79,51.8,27.27,3,Beauty,4,4.0,15,18,19,Desktop,UPI,10.33,6,2,338,596.66,0.4281,Satisfied,Occasional Buyer
AMZ-101091,65,Male,South Asia,2015,10,Non-Prime,Silver,4,58.2,14.55,0.0,0,Sports,4,1.9,41,0,18,Mobile,Gift Card,6.05,31,2,222,86.2,0.7796,Very Dissatisfied,Inactive User
AMZ-101092,28,Non-Binary,Middle East,2017,8,Prime,Diamond,9,594.57,66.06,88.89,8,Home & Kitchen,4,4.0,36,85,121,Alexa,UPI,2.85,18,4,343,772.01,0.9249,Neutral,Bargain Hunter
AMZ-101093,49,Female,Latin America,2018,7,Prime,Diamond,9,404.8,44.98,11.11,1,Sports,7,2.7,6,19,49,Desktop,Net Banking,60.93,34,3,407,527.38,0.9835,Satisfied,Occasional Buyer
AMZ-101094,61,Male,Southeast Asia,2020,5,Non-Prime,Platinum,7,78.63,11.23,0.0,0,Electronics,5,2.1,42,2,26,Desktop,Net Banking,3.24,24,3,237,95.84,0.5546,Dissatisfied,Occasional Buyer
AMZ-101095,62,Female,North America,2023,2,Prime,Gold,16,177.04,11.06,37.5,6,Toys,5,3.7,21,70,169,Alexa,Net Banking,50.56,6,0,600,224.69,0.672,Dissatisfied,Bargain Hunter
AMZ-101096,29,Non-Binary,North America,2020,5,Non-Prime,Silver,40,7566.91,189.17,7.5,3,Grocery,8,4.5,12,23,100,Mobile,Cash on Delivery,39.37,1,3,422,10815.57,0.9194,Neutral,Premium Spender
AMZ-101097,30,Male,Europe,2017,8,Prime,Platinum,33,8305.24,251.67,0.0,0,Toys,4,4.3,41,22,107,Desktop,Cash on Delivery,27.9,36,2,473,10367.53,0.5443,Very Satisfied,Premium Spender
AMZ-101098,69,Female,Europe,2019,6,Prime,Diamond,18,200.69,11.15,11.11,2,Electronics,2,3.5,4,42,116,Desktop,Net Banking,9.15,17,4,327,278.3,0.2434,Neutral,Bargain Hunter
AMZ-101099,36,Non-Binary,Latin America,2023,2,Prime,Gold,22,789.81,35.9,36.36,8,Books,3,3.2,23,41,136,Alexa,Net Banking,6.93,5,3,569,1062.9,0.0775,Satisfied,Bargain Hunter
AMZ-101100,49,Male,South Asia,2016,9,Prime,Platinum,2,585.36,292.68,150.0,3,Electronics,2,2.5,46,17,30,Tablet,Gift Card,32.95,34,4,106,852.22,0.7173,Satisfied,Occasional Buyer
AMZ-101101,44,Male,South Asia,2017,8,Non-Prime,Diamond,0,20.97,20.97,100.0,1,Books,9,1.7,4,1,15,Tablet,UPI,31.26,25,2,669,27.66,0.7517,Dissatisfied,Inactive User
AMZ-101102,24,Male,Middle East,2021,4,Prime,Gold,1,90.22,90.22,0.0,0,Books,8,1.1,18,0,7,Alexa,Debit Card,79.21,10,0,445,100.65,0.3942,Very Dissatisfied,Inactive User
AMZ-101103,54,Female,Middle East,2020,5,Prime,Platinum,22,254.58,11.57,40.91,9,Home & Kitchen,6,2.8,40,41,94,Mobile,Net Banking,39.68,2,4,91,359.77,0.4521,Neutral,Bargain Hunter
AMZ-101104,51,Female,Latin America,2015,10,Non-Prime,Diamond,3,44.04,14.68,33.33,1,Electronics,9,1.3,12,2,0,Smart TV,Net Banking,51.61,29,0,428,51.29,0.5982,Neutral,Inactive User
AMZ-101105,25,Female,East Asia,2020,5,Prime,Platinum,18,431.05,23.95,16.67,3,Books,8,4.2,2,65,190,Alexa,Gift Card,24.62,0,1,108,572.47,0.9837,Satisfied,Bargain Hunter
AMZ-101106,59,Non-Binary,East Asia,2022,3,Prime,Gold,24,7885.1,328.55,0.0,0,Electronics,9,4.0,29,25,63,Tablet,Gift Card,14.96,17,3,582,8922.14,0.4269,Neutral,Premium Spender
AMZ-101107,25,Female,North America,2020,5,Prime,Gold,0,18.38,18.38,100.0,1,Beauty,1,2.9,12,3,5,Mobile,UPI,10.45,17,4,138,24.26,0.9904,Very Dissatisfied,Inactive User
AMZ-101108,21,Male,Latin America,2016,9,Prime,Silver,8,348.46,43.56,37.5,3,Home & Kitchen,8,4.5,9,25,146,Desktop,Debit Card,70.08,10,2,206,493.95,0.936,Dissatisfied,Bargain Hunter
AMZ-101109,33,Male,Latin America,2018,7,Non-Prime,Silver,5,278.47,55.69,60.0,3,Electronics,9,2.4,30,1,44,Smart TV,Gift Card,23.41,30,1,97,395.1,0.2196,Dissatisfied,Occasional Buyer
AMZ-101110,46,Non-Binary,Europe,2017,8,Prime,Gold,24,719.66,29.99,20.83,5,Books,3,3.0,1,91,230,Smart TV,Debit Card,41.29,39,4,176,832.67,0.1921,Dissatisfied,Bargain Hunter
AMZ-101111,67,Female,Middle East,2021,4,Prime,Silver,7,366.0,52.29,42.86,3,Office,1,2.6,23,7,22,Alexa,Gift Card,1.41,33,2,111,527.45,0.9504,Neutral,Occasional Buyer
AMZ-101112,49,Female,Middle East,2019,6,Prime,Silver,25,716.87,28.67,36.0,9,Electronics,9,3.7,21,50,119,Mobile,Gift Card,27.71,39,4,292,727.3,0.0231,Dissatisfied,Bargain Hunter
AMZ-101113,62,Male,East Asia,2018,7,Prime,Silver,12,316.34,26.36,0.0,0,Automotive,7,2.9,5,3,10,Mobile,Amazon Pay,32.39,32,3,82,378.06,0.4985,Satisfied,Occasional Buyer
AMZ-101114,69,Female,North America,2016,9,Prime,Silver,3,20.92,6.97,0.0,0,Grocery,4,2.3,0,1,9,Mobile,Amazon Pay,69.8,25,2,74,22.07,0.7894,Neutral,Inactive User
AMZ-101115,56,Male,Middle East,2016,9,Prime,Gold,21,6670.3,317.63,14.29,3,Office,3,3.1,45,28,66,Alexa,Credit Card,15.26,6,3,132,7679.2,0.1318,Neutral,Premium Spender
AMZ-101116,55,Female,East Asia,2023,2,Prime,Silver,21,4488.04,213.72,4.76,1,Beauty,5,4.8,0,14,115,Mobile,Gift Card,40.48,19,0,714,5091.47,0.056,Neutral,Premium Spender
AMZ-101117,63,Non-Binary,South Asia,2022,3,Prime,Silver,2,5.26,2.63,0.0,0,Electronics,1,2.1,31,1,9,Alexa,Net Banking,76.56,23,4,190,7.84,0.3455,Very Dissatisfied,Inactive User
AMZ-101118,51,Male,Middle East,2021,4,Prime,Platinum,6,275.78,45.96,100.0,6,Beauty,3,4.3,29,44,135,Smart TV,Gift Card,44.44,33,4,284,354.83,0.151,Dissatisfied,Bargain Hunter
AMZ-101119,58,Male,South Asia,2015,10,Prime,Silver,4,6.2,1.55,25.0,1,Electronics,5,2.8,9,1,5,Desktop,Amazon Pay,34.19,7,4,125,7.91,0.1056,Very Dissatisfied,Inactive User
AMZ-101120,23,Non-Binary,Latin America,2018,7,Prime,Platinum,2,40.98,20.49,50.0,1,Office,9,2.0,36,2,11,Alexa,Cash on Delivery,2.0,16,0,125,41.34,0.4052,Very Dissatisfied,Inactive User
AMZ-101121,63,Female,Europe,2016,9,Non-Prime,Platinum,56,4907.01,87.63,1.79,1,Sports,4,4.3,38,40,171,Tablet,Credit Card,42.98,8,1,318,6168.62,0.8358,Very Satisfied,Loyal Shopper
AMZ-101122,20,Non-Binary,Latin America,2016,9,Prime,Silver,0,26.51,26.51,0.0,0,Home & Kitchen,3,1.0,36,3,19,Alexa,Cash on Delivery,70.37,23,2,513,36.78,0.7398,Neutral,Inactive User
AMZ-101123,40,Female,Europe,2018,7,Prime,Gold,1,52.37,52.37,0.0,0,Home & Kitchen,7,2.1,3,4,8,Mobile,Amazon Pay,18.03,8,1,86,58.28,0.1892,Dissatisfied,Inactive User
AMZ-101124,27,Non-Binary,Latin America,2015,10,Prime,Platinum,70,4749.46,67.85,1.43,1,Office,7,3.7,36,22,147,Alexa,Amazon Pay,10.48,21,3,117,5903.07,0.5012,Satisfied,Loyal Shopper
AMZ-101125,45,Female,Europe,2017,8,Prime,Silver,1,99.61,99.61,100.0,1,Automotive,4,1.8,27,1,7,Mobile,Gift Card,65.97,11,4,560,119.21,0.1319,Very Dissatisfied,Inactive User
AMZ-101126,51,Non-Binary,South Asia,2015,10,Non-Prime,Gold,75,2836.46,37.82,0.0,0,Automotive,2,4.8,6,26,128,Alexa,Debit Card,34.22,12,3,477,3563.65,0.9307,Very Satisfied,Loyal Shopper
AMZ-101127,51,Non-Binary,East Asia,2019,6,Prime,Diamond,22,1534.32,69.74,9.09,2,Home & Kitchen,1,4.0,44,16,76,Smart TV,Debit Card,25.24,2,2,442,1840.72,0.8355,Satisfied,Loyal Shopper
AMZ-101128,34,Male,North America,2019,6,Prime,Silver,23,592.2,25.75,39.13,9,Grocery,5,3.2,13,73,111,Mobile,Debit Card,33.39,27,0,674,707.85,0.3181,Satisfied,Bargain Hunter
AMZ-101129,24,Male,Latin America,2015,10,Non-Prime,Platinum,5,429.62,85.92,60.0,3,Electronics,3,3.5,22,18,25,Mobile,Debit Card,15.54,20,1,539,588.23,0.7742,Dissatisfied,Occasional Buyer
AMZ-101130,42,Male,South Asia,2022,3,Prime,Gold,38,4254.04,111.95,2.63,1,Beauty,9,4.1,3,42,71,Alexa,Debit Card,5.9,14,1,219,6101.74,0.2788,Satisfied,Loyal Shopper
AMZ-101131,47,Male,South Asia,2017,8,Prime,Silver,71,4666.25,65.72,0.0,0,Electronics,2,4.5,17,42,115,Desktop,Gift Card,46.9,23,3,59,5040.75,0.0769,Very Satisfied,Loyal Shopper
AMZ-101132,24,Male,Europe,2021,4,Prime,Gold,15,556.24,37.08,20.0,3,Beauty,2,2.6,28,98,199,Tablet,Net Banking,26.07,19,0,308,742.52,0.3237,Satisfied,Bargain Hunter
AMZ-101133,25,Non-Binary,North America,2021,4,Prime,Gold,76,2954.51,38.88,2.63,2,Clothing,7,4.6,13,46,179,Desktop,Debit Card,45.75,9,3,74,3142.2,0.5025,Satisfied,Loyal Shopper
AMZ-101134,36,Non-Binary,Europe,2019,6,Prime,Diamond,1,92.66,92.66,100.0,1,Home & Kitchen,4,2.3,14,4,3,Mobile,Cash on Delivery,76.17,15,3,575,135.24,0.5116,Very Dissatisfied,Inactive User
AMZ-101135,23,Male,East Asia,2019,6,Non-Prime,Platinum,4,45.21,11.3,25.0,1,Clothing,8,1.6,46,4,3,Tablet,Debit Card,71.12,18,3,77,50.68,0.5365,Neutral,Inactive User
AMZ-101136,50,Female,East Asia,2019,6,Prime,Diamond,28,714.28,25.51,7.14,2,Home & Kitchen,5,2.7,19,86,95,Mobile,Cash on Delivery,79.98,16,4,63,838.04,0.8877,Dissatisfied,Bargain Hunter
AMZ-101137,38,Non-Binary,North America,2020,5,Prime,Diamond,40,9534.87,238.37,0.0,0,Grocery,6,3.4,29,27,101,Tablet,Gift Card,29.94,32,3,328,13317.09,0.769,Very Satisfied,Premium Spender
AMZ-101138,55,Male,Europe,2015,10,Non-Prime,Platinum,0,58.34,58.34,100.0,1,Grocery,5,2.0,26,0,10,Smart TV,Net Banking,45.28,9,3,201,78.26,0.2511,Very Dissatisfied,Inactive User
AMZ-101139,31,Female,Middle East,2021,4,Prime,Silver,42,13350.24,317.86,7.14,3,Home & Kitchen,3,3.4,26,15,101,Desktop,Debit Card,45.23,0,4,432,13801.18,0.1714,Neutral,Premium Spender
AMZ-101140,40,Female,South Asia,2015,10,Prime,Diamond,20,8622.56,431.13,0.0,0,Toys,1,4.7,40,21,63,Alexa,Debit Card,55.84,28,0,609,11955.78,0.0999,Satisfied,Premium Spender
AMZ-101141,26,Non-Binary,North America,2019,6,Prime,Silver,8,222.7,27.84,37.5,3,Sports,5,2.5,10,10,41,Smart TV,UPI,3.3,3,1,614,323.29,0.2311,Dissatisfied,Occasional Buyer
AMZ-101142,28,Non-Binary,North America,2021,4,Prime,Platinum,1,309.51,309.51,200.0,2,Toys,3,3.7,16,2,28,Smart TV,Gift Card,0.71,2,2,468,319.71,0.4685,Neutral,Occasional Buyer
AMZ-101143,53,Female,East Asia,2017,8,Prime,Platinum,21,7261.14,345.77,14.29,3,Sports,8,4.0,49,23,60,Smart TV,Credit Card,2.54,15,2,198,8119.14,0.4384,Neutral,Premium Spender
AMZ-101144,41,Male,Europe,2016,9,Non-Prime,Silver,20,1261.91,63.1,0.0,0,Beauty,1,4.0,9,37,144,Mobile,Amazon Pay,39.0,32,0,454,1850.65,0.2255,Satisfied,Loyal Shopper
AMZ-101145,41,Non-Binary,Latin America,2016,9,Prime,Platinum,3,2.8,0.93,33.33,1,Home & Kitchen,2,2.9,15,3,6,Mobile,Credit Card,13.52,24,3,509,2.94,0.8075,Neutral,Inactive User
AMZ-101146,23,Male,Middle East,2017,8,Prime,Platinum,10,413.05,41.3,30.0,3,Home & Kitchen,6,3.6,25,42,145,Tablet,Amazon Pay,32.01,23,2,31,610.42,0.8566,Satisfied,Bargain Hunter
AMZ-101147,30,Non-Binary,East Asia,2021,4,Prime,Gold,7,64.68,9.24,28.57,2,Office,3,2.9,28,3,54,Desktop,Cash on Delivery,5.6,27,3,112,69.44,0.7654,Satisfied,Occasional Buyer
AMZ-101148,26,Male,East Asia,2019,6,Prime,Platinum,1,48.49,48.49,100.0,1,Beauty,5,1.9,12,1,4,Smart TV,Gift Card,32.67,10,3,57,63.27,0.1913,Very Dissatisfied,Inactive User
AMZ-101149,49,Male,Southeast Asia,2022,3,Non-Prime,Gold,0,64.22,64.22,0.0,0,Toys,7,2.9,32,0,6,Desktop,Debit Card,78.79,13,1,391,75.85,0.651,Neutral,Inactive User
AMZ-101150,51,Male,Middle East,2016,9,Non-Prime,Diamond,73,915.44,12.54,1.37,1,Automotive,1,3.9,13,20,73,Tablet,Cash on Delivery,33.46,26,0,11,1264.08,0.9384,Satisfied,Loyal Shopper
AMZ-101151,64,Male,Southeast Asia,2023,2,Non-Prime,Diamond,9,593.35,65.93,22.22,2,Home & Kitchen,1,4.2,16,95,179,Smart TV,Gift Card,48.04,28,4,117,795.51,0.3152,Satisfied,Bargain Hunter
AMZ-101152,21,Female,South Asia,2017,8,Non-Prime,Gold,4,33.03,8.26,0.0,0,Sports,3,1.3,49,2,12,Mobile,Gift Card,30.96,30,3,323,45.4,0.3052,Dissatisfied,Inactive User
AMZ-101153,53,Male,Southeast Asia,2021,4,Prime,Diamond,7,559.5,79.93,28.57,2,Grocery,8,2.2,24,5,57,Tablet,Amazon Pay,14.07,18,3,65,584.05,0.1557,Dissatisfied,Occasional Buyer
AMZ-101154,42,Non-Binary,East Asia,2023,2,Prime,Gold,1,21.41,21.41,0.0,0,Clothing,3,2.1,29,4,10,Tablet,UPI,45.03,35,3,433,26.06,0.192,Dissatisfied,Inactive User
AMZ-101155,42,Non-Binary,East Asia,2023,2,Prime,Diamond,2,15.73,7.87,0.0,0,Home & Kitchen,4,2.2,10,2,18,Smart TV,Credit Card,70.27,25,4,141,19.97,0.8607,Neutral,Inactive User
AMZ-101156,43,Male,Southeast Asia,2021,4,Prime,Platinum,3,26.43,8.81,33.33,1,Office,8,2.7,11,0,8,Smart TV,Net Banking,3.82,13,4,415,38.23,0.1868,Very Dissatisfied,Inactive User
AMZ-101157,23,Male,North America,2023,2,Non-Prime,Gold,7,554.55,79.22,42.86,3,Electronics,5,2.9,44,3,17,Alexa,Gift Card,33.27,5,2,462,752.14,0.4228,Neutral,Occasional Buyer
AMZ-101158,55,Male,North America,2017,8,Prime,Platinum,9,665.61,73.96,22.22,2,Home & Kitchen,5,3.0,22,71,196,Desktop,Amazon Pay,25.35,28,4,173,972.99,0.783,Neutral,Bargain Hunter
AMZ-101159,37,Female,North America,2018,7,Prime,Silver,2,93.58,46.79,50.0,1,Clothing,5,2.1,9,4,14,Tablet,Cash on Delivery,74.92,24,3,152,102.12,0.6166,Dissatisfied,Inactive User
AMZ-101160,51,Male,North America,2020,5,Prime,Diamond,42,12541.9,298.62,7.14,3,Automotive,9,3.8,23,15,118,Mobile,Gift Card,38.88,27,1,478,14779.19,0.1775,Neutral,Premium Spender
AMZ-101161,63,Male,Europe,2015,10,Prime,Diamond,40,4731.82,118.3,5.0,2,Clothing,1,4.8,20,20,102,Alexa,UPI,71.25,22,0,439,5556.35,0.833,Very Satisfied,Loyal Shopper
AMZ-101162,46,Male,Middle East,2019,6,Non-Prime,Diamond,4,541.86,135.47,50.0,2,Sports,9,3.7,15,14,45,Desktop,Credit Card,38.31,24,0,452,719.0,0.0761,Satisfied,Occasional Buyer
AMZ-101163,33,Male,East Asia,2015,10,Prime,Gold,48,2263.83,47.16,2.08,1,Grocery,3,4.2,46,25,61,Tablet,UPI,42.99,16,3,624,3100.03,0.0296,Satisfied,Loyal Shopper
AMZ-101164,53,Female,Middle East,2015,10,Prime,Silver,28,12087.67,431.7,0.0,0,Sports,3,4.2,17,14,75,Smart TV,Amazon Pay,78.48,27,0,651,17987.85,0.4882,Neutral,Premium Spender
AMZ-101165,55,Non-Binary,East Asia,2016,9,Prime,Diamond,2,401.38,200.69,100.0,2,Home & Kitchen,9,2.4,2,6,18,Desktop,UPI,1.31,23,4,182,543.05,0.3937,Dissatisfied,Occasional Buyer
AMZ-101166,25,Female,Latin America,2021,4,Prime,Silver,37,4825.4,130.42,10.81,4,Toys,3,3.3,18,11,86,Mobile,Debit Card,49.78,0,1,37,6441.09,0.1378,Neutral,Premium Spender
AMZ-101167,63,Non-Binary,Middle East,2023,2,Prime,Silver,43,2401.61,55.85,0.0,0,Home & Kitchen,7,4.6,35,32,167,Smart TV,Gift Card,10.91,0,2,464,3436.29,0.4513,Satisfied,Loyal Shopper
AMZ-101168,50,Female,North America,2023,2,Prime,Platinum,2,40.16,20.08,50.0,1,Toys,3,1.4,36,4,7,Smart TV,Debit Card,74.08,35,3,586,58.01,0.3222,Dissatisfied,Inactive User
AMZ-101169,57,Non-Binary,North America,2020,5,Prime,Silver,9,442.24,49.14,11.11,1,Books,5,3.2,20,12,58,Smart TV,Gift Card,11.97,28,4,201,564.52,0.2859,Neutral,Occasional Buyer
AMZ-101170,19,Female,East Asia,2015,10,Prime,Diamond,11,250.78,22.8,0.0,0,Electronics,7,3.6,32,3,12,Mobile,Amazon Pay,34.94,14,1,639,317.5,0.3562,Satisfied,Occasional Buyer
AMZ-101171,36,Male,Europe,2022,3,Non-Prime,Diamond,11,489.77,44.52,63.64,7,Automotive,3,4.3,14,27,183,Smart TV,Credit Card,32.05,17,2,496,542.63,0.7094,Dissatisfied,Bargain Hunter
AMZ-101172,65,Non-Binary,South Asia,2016,9,Non-Prime,Diamond,24,533.4,22.22,20.83,5,Clothing,1,2.8,48,55,221,Smart TV,Cash on Delivery,78.33,22,4,276,652.17,0.0604,Dissatisfied,Bargain Hunter
AMZ-101173,37,Male,East Asia,2020,5,Prime,Silver,11,69.25,6.3,0.0,0,Clothing,9,3.4,33,14,55,Tablet,Credit Card,37.43,28,2,329,69.64,0.2014,Neutral,Occasional Buyer
AMZ-101174,25,Female,South Asia,2023,2,Prime,Silver,1,49.28,49.28,0.0,0,Sports,9,2.1,30,1,5,Desktop,Gift Card,54.36,3,3,704,58.57,0.9092,Neutral,Inactive User
AMZ-101175,34,Male,Latin America,2015,10,Prime,Gold,9,505.47,56.16,22.22,2,Automotive,7,3.3,36,18,40,Mobile,Cash on Delivery,4.38,9,1,549,670.44,0.5266,Neutral,Occasional Buyer
AMZ-101176,57,Non-Binary,Latin America,2016,9,Non-Prime,Silver,0,8.25,8.25,100.0,1,Toys,9,2.5,49,0,12,Tablet,Gift Card,49.13,1,1,190,11.77,0.0773,Neutral,Inactive User
AMZ-101177,62,Male,North America,2021,4,Prime,Gold,12,580.99,48.42,16.67,2,Home & Kitchen,8,3.5,46,81,141,Tablet,Debit Card,32.61,30,0,494,780.97,0.3644,Dissatisfied,Bargain Hunter
AMZ-101178,71,Male,Southeast Asia,2023,2,Prime,Silver,65,4521.41,69.56,1.54,1,Beauty,8,4.0,23,32,71,Desktop,Net Banking,62.25,24,0,267,5573.03,0.0865,Very Satisfied,Loyal Shopper
AMZ-101179,25,Male,East Asia,2023,2,Non-Prime,Gold,12,302.0,25.17,50.0,6,Clothing,3,4.1,17,28,139,Mobile,Gift Card,72.34,16,3,411,361.23,0.2686,Neutral,Bargain Hunter
AMZ-101180,54,Female,Europe,2018,7,Non-Prime,Gold,3,51.46,17.15,33.33,1,Office,2,1.2,21,0,15,Desktop,UPI,12.13,4,1,45,69.4,0.5971,Dissatisfied,Inactive User
AMZ-101181,19,Male,South Asia,2020,5,Prime,Silver,34,11931.37,350.92,11.76,4,Beauty,8,4.5,5,13,48,Tablet,Debit Card,31.55,32,2,462,12305.55,0.3489,Neutral,Premium Spender
AMZ-101182,23,Non-Binary,Europe,2019,6,Prime,Diamond,16,429.29,26.83,37.5,6,Home & Kitchen,2,3.1,6,63,224,Smart TV,Debit Card,17.1,27,1,194,498.37,0.1542,Satisfied,Bargain Hunter
AMZ-101183,41,Female,Latin America,2016,9,Non-Prime,Platinum,10,711.74,71.17,60.0,6,Electronics,1,3.6,11,32,92,Mobile,Debit Card,37.07,8,3,333,889.51,0.2523,Dissatisfied,Bargain Hunter
AMZ-101184,50,Non-Binary,Southeast Asia,2018,7,Prime,Gold,20,7781.91,389.1,20.0,4,Sports,5,4.3,33,27,93,Mobile,UPI,31.73,16,1,43,10337.47,0.6102,Neutral,Premium Spender
AMZ-101185,18,Non-Binary,Southeast Asia,2023,2,Non-Prime,Gold,9,51.98,5.78,22.22,2,Beauty,2,3.2,47,11,25,Desktop,Net Banking,52.54,29,2,137,54.9,0.0845,Satisfied,Occasional Buyer
AMZ-101186,67,Female,North America,2019,6,Prime,Silver,2,165.53,82.77,100.0,2,Office,6,3.6,40,7,54,Alexa,Gift Card,79.79,17,0,427,210.75,0.7026,Satisfied,Occasional Buyer
AMZ-101187,52,Non-Binary,Latin America,2016,9,Prime,Silver,24,8140.11,339.17,12.5,3,Home & Kitchen,5,4.1,34,14,75,Mobile,UPI,37.06,19,4,714,9511.24,0.6248,Very Satisfied,Premium Spender
AMZ-101188,54,Male,Latin America,2017,8,Prime,Gold,10,175.95,17.59,20.0,2,Office,5,3.4,13,56,143,Mobile,Credit Card,68.88,35,3,722,249.36,0.7525,Satisfied,Bargain Hunter
AMZ-101189,35,Female,Europe,2023,2,Prime,Gold,47,2602.69,55.38,2.13,1,Toys,6,4.8,18,48,122,Desktop,Net Banking,21.74,24,2,132,3603.11,0.8371,Satisfied,Loyal Shopper
AMZ-101190,62,Non-Binary,Middle East,2022,3,Prime,Platinum,15,610.37,40.69,40.0,6,Clothing,1,3.0,2,20,93,Tablet,Amazon Pay,47.78,17,0,687,876.98,0.517,Neutral,Bargain Hunter
AMZ-101191,34,Female,Latin America,2020,5,Prime,Silver,20,122.54,6.13,20.0,4,Home & Kitchen,9,3.7,8,28,140,Tablet,Amazon Pay,29.96,38,2,152,139.54,0.8644,Dissatisfied,Bargain Hunter
AMZ-101192,49,Non-Binary,North America,2020,5,Non-Prime,Gold,43,4244.12,98.7,4.65,2,Home & Kitchen,7,3.5,47,15,70,Alexa,Cash on Delivery,47.79,2,0,183,6161.88,0.1772,Very Satisfied,Loyal Shopper
AMZ-101193,35,Female,South Asia,2022,3,Prime,Silver,17,6230.8,366.52,5.88,1,Books,6,4.3,40,20,50,Smart TV,Credit Card,40.1,33,0,569,6319.65,0.2111,Very Satisfied,Premium Spender
AMZ-101194,69,Non-Binary,South Asia,2019,6,Prime,Gold,22,1251.07,56.87,4.55,1,Books,9,4.9,46,17,174,Desktop,UPI,7.95,3,3,572,1659.69,0.1716,Very Satisfied,Loyal Shopper
AMZ-101195,63,Male,Middle East,2023,2,Prime,Diamond,1,73.82,73.82,100.0,1,Automotive,9,1.8,6,0,18,Tablet,Debit Card,38.35,16,2,238,75.61,0.4053,Dissatisfied,Inactive User
AMZ-101196,39,Female,South Asia,2019,6,Non-Prime,Gold,29,4094.04,141.17,6.9,2,Sports,2,4.9,30,24,69,Tablet,UPI,75.93,30,1,110,5458.9,0.4716,Very Satisfied,Loyal Shopper
AMZ-101197,66,Male,Europe,2022,3,Prime,Silver,43,4754.79,110.58,4.65,2,Beauty,9,4.7,15,19,97,Smart TV,Gift Card,66.07,7,2,274,6916.98,0.8369,Very Satisfied,Premium Spender
AMZ-101198,34,Female,Southeast Asia,2022,3,Non-Prime,Diamond,44,3549.64,80.67,2.27,1,Clothing,4,4.2,21,26,139,Smart TV,Credit Card,71.71,13,2,523,4642.56,0.5508,Satisfied,Loyal Shopper
AMZ-101199,26,Male,East Asia,2021,4,Prime,Gold,34,4001.43,117.69,2.94,1,Grocery,3,4.5,35,28,69,Desktop,Amazon Pay,51.42,21,4,49,4226.99,0.6278,Neutral,Premium Spender
AMZ-101200,33,Female,Southeast Asia,2022,3,Prime,Diamond,21,7703.77,366.85,14.29,3,Grocery,3,4.3,16,11,48,Alexa,Gift Card,70.33,1,0,691,11305.62,0.6909,Neutral,Premium Spender
AMZ-101201,37,Male,Latin America,2019,6,Prime,Gold,7,530.25,75.75,100.0,7,Clothing,1,4.2,9,68,204,Desktop,Credit Card,65.67,5,2,30,559.94,0.141,Satisfied,Bargain Hunter
AMZ-101202,29,Non-Binary,Latin America,2018,7,Prime,Diamond,20,720.12,36.01,25.0,5,Toys,1,3.0,32,64,107,Smart TV,Gift Card,54.37,17,0,239,744.79,0.868,Dissatisfied,Bargain Hunter
AMZ-101203,56,Female,Europe,2019,6,Non-Prime,Silver,6,523.92,87.32,50.0,3,Toys,6,2.3,44,4,45,Mobile,Credit Card,13.57,3,1,468,557.36,0.8025,Dissatisfied,Occasional Buyer
AMZ-101204,63,Male,South Asia,2018,7,Prime,Platinum,45,13819.03,307.09,8.89,4,Beauty,5,4.0,12,23,86,Alexa,Net Banking,25.85,23,4,374,15880.77,0.0414,Very Satisfied,Premium Spender
AMZ-101205,19,Non-Binary,Europe,2016,9,Non-Prime,Silver,24,6344.34,264.35,16.67,4,Toys,7,4.1,40,5,117,Smart TV,Net Banking,72.33,3,1,722,6709.96,0.2999,Very Satisfied,Premium Spender
AMZ-101206,65,Female,North America,2022,3,Prime,Silver,32,900.78,28.15,3.12,1,Clothing,1,4.2,19,23,110,Tablet,UPI,14.59,38,4,617,922.12,0.9072,Very Satisfied,Loyal Shopper
AMZ-101207,27,Male,Europe,2022,3,Prime,Gold,20,3421.05,171.05,10.0,2,Electronics,4,4.3,25,16,93,Mobile,Cash on Delivery,28.27,28,3,720,4784.98,0.3816,Very Satisfied,Premium Spender
AMZ-101208,46,Non-Binary,Southeast Asia,2015,10,Prime,Silver,5,226.34,45.27,40.0,2,Grocery,5,4.0,38,82,102,Desktop,Gift Card,44.97,23,4,644,257.67,0.3977,Dissatisfied,Bargain Hunter
AMZ-101209,53,Female,Latin America,2016,9,Prime,Diamond,69,1322.65,19.17,0.0,0,Office,8,4.3,17,37,150,Tablet,Net Banking,39.21,31,4,560,1736.49,0.247,Satisfied,Loyal Shopper
AMZ-101210,45,Male,North America,2020,5,Non-Prime,Platinum,42,5955.19,141.79,7.14,3,Clothing,3,4.9,5,29,75,Tablet,Net Banking,21.03,6,4,355,8273.7,0.89,Very Satisfied,Premium Spender
AMZ-101211,62,Non-Binary,Europe,2019,6,Prime,Gold,64,2020.8,31.57,0.0,0,Automotive,9,4.1,9,38,122,Mobile,Credit Card,3.35,24,2,172,2060.34,0.3269,Satisfied,Loyal Shopper
AMZ-101212,58,Female,Middle East,2018,7,Prime,Platinum,14,200.31,14.31,42.86,6,Toys,2,2.8,27,72,154,Desktop,Debit Card,34.88,15,4,332,211.5,0.2817,Dissatisfied,Bargain Hunter
AMZ-101213,56,Non-Binary,South Asia,2019,6,Prime,Diamond,2,350.44,175.22,50.0,1,Clothing,5,2.5,32,14,22,Alexa,Credit Card,16.33,2,1,409,483.59,0.4844,Neutral,Occasional Buyer
AMZ-101214,61,Male,South Asia,2019,6,Prime,Silver,42,3714.53,88.44,2.38,1,Clothing,5,4.1,43,6,81,Desktop,Amazon Pay,43.59,1,2,213,5356.12,0.0052,Very Satisfied,Premium Spender
AMZ-101215,54,Non-Binary,Middle East,2020,5,Prime,Gold,30,3412.42,113.75,3.33,1,Books,4,3.8,21,12,76,Tablet,Credit Card,14.21,31,0,292,3822.33,0.9566,Neutral,Premium Spender
AMZ-101216,26,Female,North America,2017,8,Prime,Silver,27,9805.96,363.18,14.81,4,Office,5,3.6,49,18,45,Desktop,Gift Card,65.82,31,2,128,13322.31,0.7451,Satisfied,Premium Spender
AMZ-101217,48,Male,North America,2019,6,Prime,Platinum,17,14583.14,857.83,17.65,3,Electronics,5,4.9,1,6,70,Alexa,Cash on Delivery,6.49,21,1,499,20831.79,0.6083,Very Satisfied,Premium Spender
AMZ-101218,34,Male,Middle East,2023,2,Prime,Diamond,29,374.01,12.9,24.14,7,Office,6,4.5,38,44,90,Alexa,Cash on Delivery,8.48,31,1,103,456.51,0.809,Neutral,Bargain Hunter
AMZ-101219,41,Female,East Asia,2019,6,Prime,Diamond,2,412.84,206.42,100.0,2,Beauty,6,3.3,33,16,12,Tablet,Net Banking,16.81,38,3,475,571.67,0.8224,Dissatisfied,Occasional Buyer
AMZ-101220,58,Male,Europe,2017,8,Non-Prime,Diamond,4,495.43,123.86,75.0,3,Toys,4,3.2,13,2,48,Alexa,Credit Card,58.9,38,2,698,558.72,0.7288,Dissatisfied,Occasional Buyer
AMZ-101221,18,Male,North America,2022,3,Prime,Diamond,2,466.67,233.34,150.0,3,Clothing,1,3.1,20,1,27,Mobile,UPI,28.32,24,2,393,550.88,0.8205,Dissatisfied,Occasional Buyer
AMZ-101222,19,Female,Latin America,2023,2,Prime,Platinum,5,688.02,137.6,60.0,3,Automotive,3,4.4,33,60,150,Alexa,Net Banking,16.26,22,3,693,799.73,0.2169,Dissatisfied,Bargain Hunter
AMZ-101223,42,Female,Latin America,2020,5,Prime,Silver,26,14576.23,560.62,11.54,3,Beauty,5,4.8,41,28,98,Mobile,Net Banking,29.02,11,1,186,16350.49,0.9907,Very Satisfied,Premium Spender
AMZ-101224,71,Non-Binary,Europe,2022,3,Non-Prime,Diamond,5,128.98,25.8,20.0,1,Home & Kitchen,3,3.0,44,10,27,Alexa,Gift Card,23.02,19,2,143,167.3,0.5688,Neutral,Occasional Buyer
AMZ-101225,25,Non-Binary,East Asia,2017,8,Prime,Platinum,44,9506.04,216.05,9.09,4,Toys,3,3.0,35,12,69,Smart TV,Net Banking,44.84,34,3,311,11725.33,0.4696,Very Satisfied,Premium Spender
AMZ-101226,66,Female,Europe,2023,2,Non-Prime,Gold,24,750.35,31.26,8.33,2,Clothing,6,3.0,34,79,153,Alexa,UPI,30.16,3,3,232,893.13,0.9085,Dissatisfied,Bargain Hunter
AMZ-101227,27,Male,Southeast Asia,2021,4,Prime,Platinum,1,15.9,15.9,0.0,0,Grocery,8,2.3,32,4,12,Smart TV,Debit Card,8.99,33,0,404,23.01,0.9646,Dissatisfied,Inactive User
AMZ-101228,51,Female,Latin America,2020,5,Non-Prime,Gold,22,4597.22,208.96,0.0,0,Home & Kitchen,9,4.7,17,15,71,Desktop,Debit Card,44.63,17,4,81,6219.32,0.152,Satisfied,Premium Spender
AMZ-101229,49,Female,Latin America,2018,7,Prime,Gold,23,139.39,6.06,13.04,3,Beauty,9,3.4,10,87,145,Smart TV,Cash on Delivery,38.1,26,1,729,184.66,0.0504,Neutral,Bargain Hunter
AMZ-101230,65,Non-Binary,Europe,2021,4,Non-Prime,Diamond,5,196.95,39.39,0.0,0,Books,4,2.4,16,6,18,Desktop,UPI,12.6,21,2,691,200.4,0.7917,Neutral,Occasional Buyer
AMZ-101231,59,Non-Binary,Europe,2023,2,Prime,Silver,23,11232.48,488.37,4.35,1,Beauty,9,3.5,13,14,47,Smart TV,Net Banking,74.55,31,3,1,14250.4,0.7101,Satisfied,Premium Spender
AMZ-101232,71,Non-Binary,East Asia,2022,3,Non-Prime,Diamond,25,10580.83,423.23,16.0,4,Home & Kitchen,4,4.5,46,6,46,Desktop,Amazon Pay,6.05,34,3,493,12369.58,0.9678,Very Satisfied,Premium Spender
AMZ-101233,55,Male,North America,2018,7,Prime,Platinum,29,271.31,9.36,31.03,9,Office,9,4.3,22,23,152,Desktop,Net Banking,55.89,5,0,208,295.67,0.4326,Satisfied,Bargain Hunter
AMZ-101234,45,Female,South Asia,2016,9,Prime,Diamond,17,761.75,44.81,23.53,4,Office,2,2.8,21,22,115,Mobile,Amazon Pay,3.05,37,3,69,872.76,0.1648,Dissatisfied,Bargain Hunter
AMZ-101235,50,Non-Binary,South Asia,2023,2,Prime,Diamond,8,416.62,52.08,37.5,3,Beauty,5,4.0,36,34,107,Tablet,Cash on Delivery,43.41,21,3,14,556.72,0.6905,Dissatisfied,Bargain Hunter
AMZ-101236,34,Male,Southeast Asia,2016,9,Prime,Diamond,77,2222.73,28.87,1.3,1,Beauty,4,4.1,6,14,140,Desktop,Cash on Delivery,58.92,39,2,722,2572.32,0.6333,Very Satisfied,Loyal Shopper
AMZ-101237,68,Female,Latin America,2019,6,Prime,Gold,4,412.13,103.03,25.0,1,Office,8,3.2,36,3,31,Tablet,Debit Card,27.0,5,1,311,528.93,0.9322,Neutral,Occasional Buyer
AMZ-101238,64,Female,Europe,2022,3,Non-Prime,Silver,10,619.72,61.97,60.0,6,Sports,3,2.7,20,97,100,Alexa,Gift Card,55.67,37,1,679,820.13,0.9928,Dissatisfied,Bargain Hunter
AMZ-101239,49,Female,Latin America,2019,6,Prime,Silver,53,4140.37,78.12,1.89,1,Beauty,1,4.6,3,43,179,Desktop,Cash on Delivery,18.9,8,1,486,5000.49,0.631,Satisfied,Loyal Shopper
AMZ-101240,65,Non-Binary,Latin America,2020,5,Prime,Gold,39,800.74,20.53,0.0,0,Automotive,7,3.7,22,32,94,Smart TV,Amazon Pay,35.26,22,3,575,815.23,0.2437,Very Satisfied,Loyal Shopper
AMZ-101241,53,Non-Binary,Southeast Asia,2015,10,Prime,Diamond,49,2909.64,59.38,4.08,2,Automotive,4,4.1,8,45,109,Tablet,Cash on Delivery,78.63,28,2,109,3933.47,0.0229,Very Satisfied,Loyal Shopper
AMZ-101242,65,Male,Middle East,2018,7,Non-Prime,Platinum,40,11957.52,298.94,0.0,0,Sports,2,4.9,15,26,102,Desktop,Net Banking,61.21,21,2,320,15671.13,0.4061,Neutral,Premium Spender
AMZ-101243,19,Male,South Asia,2015,10,Prime,Silver,1,52.23,52.23,100.0,1,Sports,1,1.7,21,4,19,Smart TV,Net Banking,40.53,34,0,331,65.69,0.983,Very Dissatisfied,Inactive User
AMZ-101244,66,Female,Latin America,2021,4,Prime,Platinum,39,2508.57,64.32,5.13,2,Clothing,1,3.9,30,47,177,Desktop,Debit Card,59.99,1,4,352,3602.37,0.3937,Very Satisfied,Loyal Shopper
AMZ-101245,47,Female,Latin America,2019,6,Non-Prime,Silver,54,1038.2,19.23,3.7,2,Clothing,1,4.4,10,42,85,Smart TV,Gift Card,38.54,4,1,396,1260.89,0.1221,Very Satisfied,Loyal Shopper
AMZ-101246,29,Male,Europe,2018,7,Prime,Gold,63,3011.29,47.8,1.59,1,Electronics,4,4.3,42,11,111,Mobile,UPI,27.61,26,1,542,4283.48,0.4752,Very Satisfied,Loyal Shopper
AMZ-101247,39,Female,South Asia,2021,4,Non-Prime,Diamond,13,277.18,21.32,23.08,3,Home & Kitchen,4,3.0,21,4,39,Mobile,Credit Card,34.43,39,2,302,401.35,0.2387,Satisfied,Occasional Buyer
AMZ-101248,28,Female,Europe,2016,9,Non-Prime,Gold,37,1917.53,51.83,0.0,0,Toys,1,4.4,49,24,91,Mobile,Cash on Delivery,32.2,0,2,547,2616.05,0.345,Satisfied,Loyal Shopper
AMZ-101249,63,Female,Europe,2023,2,Non-Prime,Diamond,45,14396.33,319.92,6.67,3,Beauty,3,4.0,32,8,61,Mobile,Credit Card,47.9,0,3,56,16490.13,0.7155,Very Satisfied,Premium Spender
AMZ-101250,54,Male,Southeast Asia,2020,5,Non-Prime,Gold,13,418.08,32.16,46.15,6,Electronics,4,3.7,38,79,239,Alexa,UPI,20.39,9,1,88,486.4,0.1283,Neutral,Bargain Hunter
AMZ-101251,32,Female,Latin America,2016,9,Non-Prime,Silver,3,44.75,14.92,0.0,0,Office,4,1.3,4,0,10,Desktop,Gift Card,5.98,9,0,353,59.15,0.271,Very Dissatisfied,Inactive User
AMZ-101252,28,Non-Binary,Southeast Asia,2021,4,Prime,Gold,44,11086.38,251.96,4.55,2,Books,8,3.1,36,16,44,Tablet,Credit Card,46.5,14,2,303,12403.25,0.3425,Very Satisfied,Premium Spender
AMZ-101253,68,Female,East Asia,2020,5,Non-Prime,Silver,1,37.8,37.8,100.0,1,Toys,6,2.6,25,0,2,Alexa,Cash on Delivery,28.32,37,2,348,37.82,0.3797,Dissatisfied,Inactive User
AMZ-101254,38,Female,North America,2021,4,Non-Prime,Silver,2,96.63,48.31,50.0,1,Home & Kitchen,8,2.0,38,2,19,Mobile,Debit Card,76.16,23,0,528,142.7,0.6505,Neutral,Inactive User
AMZ-101255,37,Male,North America,2020,5,Non-Prime,Diamond,4,12.26,3.06,0.0,0,Beauty,5,1.6,45,1,15,Mobile,Credit Card,5.03,3,3,478,15.89,0.3508,Neutral,Inactive User
AMZ-101256,56,Non-Binary,South Asia,2017,8,Prime,Platinum,63,1092.47,17.34,1.59,1,Electronics,6,4.3,14,27,159,Mobile,Credit Card,38.46,7,0,249,1159.5,0.0373,Very Satisfied,Loyal Shopper
AMZ-101257,31,Female,Middle East,2020,5,Prime,Diamond,4,83.59,20.9,25.0,1,Electronics,3,2.1,47,3,12,Desktop,Amazon Pay,76.9,30,3,484,110.1,0.8081,Very Dissatisfied,Inactive User
AMZ-101258,32,Female,Latin America,2017,8,Non-Prime,Diamond,14,386.54,27.61,35.71,5,Clothing,7,3.8,43,37,160,Alexa,Gift Card,2.1,38,1,248,449.8,0.9854,Dissatisfied,Bargain Hunter
AMZ-101259,58,Female,Middle East,2016,9,Non-Prime,Gold,4,334.17,83.54,0.0,0,Books,7,4.0,26,5,32,Mobile,Debit Card,12.44,36,4,718,390.33,0.6397,Satisfied,Occasional Buyer
AMZ-101260,18,Male,Europe,2020,5,Prime,Gold,13,101.79,7.83,23.08,3,Office,2,3.5,23,96,188,Alexa,Debit Card,73.59,21,2,653,117.0,0.3246,Neutral,Bargain Hunter
AMZ-101261,58,Female,South Asia,2019,6,Non-Prime,Diamond,0,89.59,89.59,0.0,0,Books,7,2.5,45,2,1,Alexa,Amazon Pay,40.4,21,1,453,116.7,0.0967,Very Dissatisfied,Inactive User
AMZ-101262,60,Non-Binary,South Asia,2019,6,Prime,Diamond,14,139.6,9.97,7.14,1,Books,4,2.5,20,17,40,Tablet,Net Banking,52.27,27,2,419,166.29,0.9875,Dissatisfied,Occasional Buyer
AMZ-101263,34,Male,Middle East,2023,2,Prime,Silver,35,12289.62,351.13,5.71,2,Sports,7,3.8,12,14,119,Desktop,Net Banking,15.03,9,0,464,13716.01,0.0476,Very Satisfied,Premium Spender
AMZ-101264,42,Non-Binary,Latin America,2018,7,Non-Prime,Gold,6,244.39,40.73,50.0,3,Toys,5,2.4,44,11,50,Desktop,Amazon Pay,20.48,2,3,242,303.45,0.5739,Satisfied,Occasional Buyer
AMZ-101265,34,Male,Middle East,2016,9,Prime,Silver,39,10777.05,276.33,7.69,3,Sports,3,4.7,35,29,83,Mobile,UPI,63.11,0,1,3,12654.93,0.8227,Neutral,Premium Spender
AMZ-101266,71,Non-Binary,Southeast Asia,2023,2,Prime,Platinum,29,732.25,25.25,24.14,7,Books,4,2.8,11,78,170,Tablet,Amazon Pay,14.05,15,0,54,1076.78,0.5696,Dissatisfied,Bargain Hunter
AMZ-101267,21,Male,Europe,2023,2,Prime,Silver,8,567.56,70.94,12.5,1,Toys,9,3.7,35,10,16,Desktop,Gift Card,1.98,2,1,306,750.12,0.2294,Neutral,Occasional Buyer
AMZ-101268,35,Male,Middle East,2015,10,Non-Prime,Platinum,6,539.34,89.89,133.33,8,Office,1,4.3,14,95,232,Smart TV,Credit Card,41.02,15,1,609,742.31,0.1711,Neutral,Bargain Hunter
AMZ-101269,28,Non-Binary,Middle East,2015,10,Prime,Platinum,0,55.16,55.16,0.0,0,Office,4,3.0,10,3,17,Mobile,Credit Card,43.58,16,1,495,58.64,0.2349,Very Dissatisfied,Inactive User
AMZ-101270,18,Female,South Asia,2020,5,Prime,Diamond,54,4087.01,75.69,0.0,0,Automotive,9,4.5,35,11,83,Alexa,Debit Card,38.03,2,4,320,5598.0,0.0763,Satisfied,Loyal Shopper
AMZ-101271,53,Non-Binary,Middle East,2016,9,Non-Prime,Gold,6,255.61,42.6,50.0,3,Clothing,3,3.2,8,14,49,Desktop,Gift Card,74.17,38,3,114,293.65,0.4413,Neutral,Occasional Buyer
AMZ-101272,29,Female,North America,2016,9,Non-Prime,Platinum,3,37.42,12.47,0.0,0,Home & Kitchen,6,2.2,8,0,4,Alexa,Gift Card,46.25,28,3,108,49.36,0.8592,Neutral,Inactive User
AMZ-101273,67,Female,Europe,2016,9,Prime,Platinum,19,5200.91,273.73,5.26,1,Sports,2,4.6,22,19,54,Smart TV,UPI,72.41,3,0,202,6339.33,0.0031,Satisfied,Premium Spender
AMZ-101274,32,Non-Binary,East Asia,2021,4,Prime,Platinum,32,4137.58,129.3,3.12,1,Toys,7,3.8,39,19,129,Tablet,Cash on Delivery,34.18,15,4,434,5184.11,0.0623,Satisfied,Loyal Shopper
AMZ-101275,45,Male,North America,2016,9,Non-Prime,Gold,12,562.78,46.9,58.33,7,Books,2,3.4,41,60,128,Desktop,UPI,60.78,18,1,570,814.5,0.6487,Dissatisfied,Bargain Hunter
AMZ-101276,63,Non-Binary,Europe,2018,7,Non-Prime,Diamond,14,779.38,55.67,28.57,4,Electronics,4,4.5,42,75,215,Smart TV,Net Banking,29.1,16,1,618,920.96,0.2913,Neutral,Bargain Hunter
AMZ-101277,65,Male,Southeast Asia,2018,7,Prime,Silver,4,61.31,15.33,25.0,1,Toys,8,2.8,9,3,11,Mobile,UPI,7.59,29,4,486,65.71,0.1677,Neutral,Inactive User
AMZ-101278,53,Non-Binary,Southeast Asia,2015,10,Non-Prime,Platinum,47,2103.0,44.74,0.0,0,Home & Kitchen,4,4.3,45,10,134,Alexa,Net Banking,70.61,27,0,258,2863.54,0.0707,Very Satisfied,Loyal Shopper
AMZ-101279,58,Non-Binary,Southeast Asia,2023,2,Prime,Gold,2,51.79,25.89,0.0,0,Clothing,1,2.7,18,3,4,Mobile,Amazon Pay,26.57,31,2,304,57.14,0.5274,Dissatisfied,Inactive User
AMZ-101280,32,Male,Southeast Asia,2018,7,Prime,Diamond,79,3676.38,46.54,0.0,0,Clothing,4,4.9,25,17,107,Tablet,Credit Card,47.31,35,2,510,5277.81,0.214,Satisfied,Loyal Shopper
AMZ-101281,70,Male,East Asia,2017,8,Non-Prime,Silver,3,375.86,125.29,100.0,3,Sports,5,3.3,9,2,18,Tablet,Gift Card,59.6,13,4,15,402.42,0.8848,Satisfied,Occasional Buyer
AMZ-101282,42,Male,North America,2015,10,Non-Prime,Diamond,1,256.78,256.78,0.0,0,Home & Kitchen,2,3.8,24,16,33,Tablet,Net Banking,79.51,32,0,414,293.32,0.4461,Dissatisfied,Occasional Buyer
AMZ-101283,56,Female,Middle East,2021,4,Prime,Silver,4,26.86,6.71,25.0,1,Beauty,5,1.9,18,2,16,Mobile,UPI,5.61,38,3,46,37.7,0.5609,Dissatisfied,Inactive User
AMZ-101284,56,Female,Europe,2021,4,Prime,Silver,34,12723.99,374.24,0.0,0,Beauty,4,3.3,28,16,86,Desktop,Gift Card,47.28,2,4,315,18912.37,0.5602,Neutral,Premium Spender
AMZ-101285,34,Male,Southeast Asia,2020,5,Prime,Gold,10,583.4,58.34,20.0,2,Books,4,2.7,19,10,21,Alexa,UPI,52.95,33,0,598,856.25,0.8626,Neutral,Occasional Buyer
AMZ-101286,39,Male,Southeast Asia,2015,10,Prime,Gold,48,2342.63,48.8,0.0,0,Sports,3,4.4,28,34,77,Desktop,Gift Card,71.81,6,4,419,3121.06,0.9417,Satisfied,Loyal Shopper
AMZ-101287,52,Female,Europe,2020,5,Prime,Gold,46,3488.4,75.83,2.17,1,Grocery,7,4.0,33,20,44,Tablet,Credit Card,58.16,9,1,235,4688.81,0.979,Neutral,Premium Spender
AMZ-101288,48,Female,South Asia,2020,5,Prime,Platinum,38,12545.41,330.14,0.0,0,Toys,7,4.2,33,8,112,Mobile,Amazon Pay,30.0,8,1,641,18037.64,0.5151,Very Satisfied,Premium Spender
AMZ-101289,68,Male,Europe,2015,10,Prime,Gold,26,4885.81,187.92,7.69,2,Toys,7,4.2,47,34,103,Smart TV,Net Banking,65.61,13,0,572,5738.43,0.9583,Very Satisfied,Loyal Shopper
AMZ-101290,51,Male,Latin America,2015,10,Prime,Diamond,7,532.67,76.1,42.86,3,Sports,3,3.4,38,15,24,Mobile,Gift Card,49.66,4,3,142,729.74,0.6618,Neutral,Occasional Buyer
AMZ-101291,38,Female,East Asia,2017,8,Non-Prime,Gold,16,11224.88,701.55,18.75,3,Beauty,3,4.1,5,23,71,Smart TV,UPI,55.74,23,4,570,11448.97,0.8259,Very Satisfied,Premium Spender
AMZ-101292,33,Male,North America,2023,2,Prime,Gold,28,4193.99,149.79,3.57,1,Clothing,5,4.3,27,6,119,Tablet,UPI,26.48,37,4,97,5492.42,0.246,Satisfied,Premium Spender
AMZ-101293,27,Male,North America,2022,3,Non-Prime,Platinum,5,429.91,85.98,120.0,6,Toys,7,3.6,47,63,185,Alexa,Net Banking,56.28,14,2,561,556.95,0.3475,Dissatisfied,Bargain Hunter
AMZ-101294,58,Female,Europe,2016,9,Prime,Diamond,27,725.72,26.88,29.63,8,Books,4,4.2,10,72,163,Smart TV,Debit Card,74.26,2,0,672,1080.56,0.5119,Satisfied,Bargain Hunter
AMZ-101295,39,Non-Binary,Middle East,2020,5,Prime,Gold,1,67.08,67.08,100.0,1,Sports,1,1.7,44,2,3,Mobile,Cash on Delivery,37.51,5,0,369,95.72,0.8026,Dissatisfied,Inactive User
AMZ-101296,39,Male,Latin America,2015,10,Prime,Gold,5,148.88,29.78,40.0,2,Automotive,6,3.1,17,11,21,Mobile,Net Banking,43.44,5,2,633,196.6,0.3803,Satisfied,Occasional Buyer
AMZ-101297,18,Male,South Asia,2015,10,Non-Prime,Gold,2,76.0,38.0,50.0,1,Home & Kitchen,6,1.4,45,4,18,Mobile,Debit Card,42.09,7,3,351,92.52,0.5666,Neutral,Inactive User
AMZ-101298,61,Female,South Asia,2023,2,Prime,Diamond,27,14195.34,525.75,14.81,4,Electronics,9,4.4,30,21,83,Alexa,Debit Card,46.23,24,4,511,19501.87,0.8501,Satisfied,Premium Spender
AMZ-101299,29,Female,Southeast Asia,2019,6,Non-Prime,Platinum,6,146.45,24.41,116.67,7,Home & Kitchen,3,2.6,19,95,146,Desktop,Amazon Pay,24.34,0,0,297,153.99,0.9045,Neutral,Bargain Hunter
AMZ-101300,20,Male,Middle East,2023,2,Prime,Silver,34,12364.06,363.65,0.0,0,Sports,5,4.6,47,9,67,Mobile,Amazon Pay,33.93,18,0,465,17689.56,0.9337,Neutral,Premium Spender
AMZ-101301,62,Female,Latin America,2023,2,Prime,Gold,2,404.81,202.41,0.0,0,Beauty,4,3.0,38,17,11,Mobile,Debit Card,60.24,34,2,211,552.67,0.8287,Dissatisfied,Occasional Buyer
AMZ-101302,59,Male,Latin America,2018,7,Non-Prime,Platinum,24,104.33,4.35,12.5,3,Home & Kitchen,3,3.5,2,38,162,Tablet,Gift Card,17.7,28,3,128,113.08,0.7888,Neutral,Bargain Hunter
AMZ-101303,41,Male,Southeast Asia,2019,6,Prime,Platinum,3,131.06,43.69,100.0,3,Automotive,7,2.6,47,16,29,Tablet,Amazon Pay,79.06,32,3,501,134.39,0.293,Satisfied,Occasional Buyer
AMZ-101304,49,Male,Latin America,2020,5,Prime,Gold,5,446.55,89.31,40.0,2,Beauty,5,3.4,2,8,47,Tablet,Net Banking,18.73,37,2,286,515.02,0.3787,Neutral,Occasional Buyer
AMZ-101305,34,Non-Binary,Middle East,2021,4,Non-Prime,Platinum,8,482.54,60.32,12.5,1,Home & Kitchen,5,2.7,19,15,36,Tablet,Debit Card,3.17,17,0,329,524.15,0.5698,Satisfied,Occasional Buyer
AMZ-101306,24,Male,North America,2021,4,Prime,Silver,2,83.25,41.62,0.0,0,Electronics,6,1.5,5,0,9,Alexa,Net Banking,0.32,12,1,210,109.32,0.6986,Very Dissatisfied,Inactive User
AMZ-101307,71,Non-Binary,Southeast Asia,2021,4,Prime,Silver,76,4296.44,56.53,1.32,1,Grocery,6,5.0,27,29,129,Alexa,Amazon Pay,17.03,7,0,501,4872.48,0.3304,Very Satisfied,Loyal Shopper
AMZ-101308,31,Female,East Asia,2020,5,Prime,Gold,8,88.14,11.02,37.5,3,Electronics,4,2.1,1,5,16,Desktop,Debit Card,70.86,12,3,657,106.58,0.3815,Satisfied,Occasional Buyer
AMZ-101309,49,Non-Binary,Europe,2018,7,Non-Prime,Platinum,49,14490.51,295.72,8.16,4,Beauty,1,3.8,12,5,60,Smart TV,Net Banking,30.2,16,3,518,19935.7,0.2384,Very Satisfied,Premium Spender
AMZ-101310,55,Male,Southeast Asia,2015,10,Prime,Silver,22,192.75,8.76,13.64,3,Clothing,2,4.2,7,74,197,Alexa,Amazon Pay,77.73,34,1,358,284.26,0.6033,Satisfied,Bargain Hunter
AMZ-101311,68,Male,Middle East,2015,10,Prime,Gold,21,1182.48,56.31,0.0,0,Toys,3,4.4,12,26,166,Smart TV,Net Banking,17.26,22,3,42,1511.8,0.526,Satisfied,Loyal Shopper
AMZ-101312,47,Male,South Asia,2016,9,Prime,Diamond,4,15.46,3.87,0.0,0,Grocery,3,1.4,38,2,9,Smart TV,Gift Card,62.42,2,0,502,16.86,0.5946,Neutral,Inactive User
AMZ-101313,18,Male,South Asia,2016,9,Prime,Gold,1,73.27,73.27,0.0,0,Office,4,1.4,3,1,7,Desktop,UPI,60.13,10,1,662,102.71,0.6381,Very Dissatisfied,Inactive User
AMZ-101314,20,Female,Middle East,2022,3,Non-Prime,Platinum,11,485.94,44.18,81.82,9,Sports,4,3.1,46,99,233,Desktop,Amazon Pay,46.92,1,2,507,667.22,0.121,Dissatisfied,Bargain Hunter
AMZ-101315,24,Male,South Asia,2018,7,Prime,Silver,10,462.16,46.22,0.0,0,Grocery,8,2.9,39,14,21,Desktop,Amazon Pay,43.77,1,1,305,518.43,0.8832,Satisfied,Occasional Buyer
AMZ-101316,30,Male,Europe,2015,10,Prime,Platinum,9,490.73,54.53,88.89,8,Electronics,1,3.0,49,61,185,Desktop,Cash on Delivery,38.17,14,1,427,637.16,0.2954,Dissatisfied,Bargain Hunter
AMZ-101317,54,Male,Latin America,2020,5,Prime,Platinum,62,1511.48,24.38,3.23,2,Beauty,7,4.7,43,42,97,Mobile,Net Banking,52.09,1,3,0,2059.63,0.4986,Very Satisfied,Loyal Shopper
AMZ-101318,51,Non-Binary,South Asia,2019,6,Prime,Platinum,3,14.68,4.89,0.0,0,Beauty,8,2.4,13,4,9,Mobile,Net Banking,64.34,5,0,55,18.22,0.3523,Very Dissatisfied,Inactive User
AMZ-101319,61,Male,Latin America,2022,3,Prime,Gold,28,613.12,21.9,32.14,9,Sports,6,3.7,29,35,190,Mobile,UPI,0.58,0,2,638,833.86,0.6179,Satisfied,Bargain Hunter
AMZ-101320,26,Non-Binary,Latin America,2018,7,Non-Prime,Diamond,4,21.43,5.36,0.0,0,Sports,3,2.4,0,3,8,Alexa,UPI,39.46,9,3,51,23.09,0.268,Dissatisfied,Inactive User
AMZ-101321,27,Male,Europe,2020,5,Prime,Gold,25,1975.7,79.03,8.0,2,Office,5,3.8,32,14,140,Smart TV,Debit Card,73.45,16,2,514,2930.63,0.7271,Satisfied,Loyal Shopper
AMZ-101322,31,Non-Binary,Latin America,2021,4,Prime,Platinum,48,11791.71,245.66,2.08,1,Clothing,2,3.5,33,8,40,Smart TV,Credit Card,27.36,21,4,177,13219.52,0.7213,Satisfied,Premium Spender
AMZ-101323,52,Female,South Asia,2015,10,Prime,Gold,36,3635.47,100.99,2.78,1,Office,4,4.2,43,25,110,Smart TV,Net Banking,38.08,31,0,459,5005.35,0.8654,Satisfied,Premium Spender
AMZ-101324,36,Male,Europe,2015,10,Prime,Gold,40,2880.03,72.0,2.5,1,Toys,8,3.7,23,11,108,Alexa,Debit Card,17.6,11,0,637,3964.9,0.0658,Satisfied,Loyal Shopper
AMZ-101325,22,Male,Southeast Asia,2022,3,Prime,Diamond,23,642.31,27.93,26.09,6,Toys,3,3.8,26,95,220,Mobile,Net Banking,44.44,37,2,687,785.86,0.9851,Neutral,Bargain Hunter
AMZ-101326,50,Non-Binary,East Asia,2022,3,Prime,Silver,3,92.19,30.73,33.33,1,Toys,7,1.4,37,2,11,Smart TV,Credit Card,11.81,8,4,619,95.43,0.757,Dissatisfied,Inactive User
AMZ-101327,25,Non-Binary,North America,2020,5,Prime,Gold,11,797.12,72.47,63.64,7,Books,3,3.7,31,39,196,Tablet,Debit Card,35.11,23,0,119,1154.42,0.1469,Neutral,Bargain Hunter
AMZ-101328,37,Male,East Asia,2022,3,Prime,Platinum,1,78.08,78.08,0.0,0,Books,1,2.4,30,0,6,Desktop,Debit Card,7.91,7,1,340,85.74,0.9902,Dissatisfied,Inactive User
AMZ-101329,24,Female,East Asia,2022,3,Prime,Platinum,24,4748.89,197.87,0.0,0,Beauty,5,3.5,37,24,87,Smart TV,Debit Card,26.05,14,4,393,5491.07,0.8856,Very Satisfied,Premium Spender
AMZ-101330,46,Non-Binary,Latin America,2018,7,Prime,Silver,30,2238.66,74.62,6.67,2,Electronics,5,3.5,46,23,125,Mobile,Credit Card,49.3,14,3,213,2405.09,0.8678,Very Satisfied,Loyal Shopper
AMZ-101331,55,Male,Middle East,2022,3,Prime,Gold,2,35.56,17.78,0.0,0,Electronics,4,1.9,17,0,8,Desktop,Credit Card,0.64,22,3,509,35.73,0.3803,Very Dissatisfied,Inactive User
AMZ-101332,49,Female,South Asia,2016,9,Prime,Platinum,52,3339.78,64.23,1.92,1,Home & Kitchen,9,4.2,6,26,104,Smart TV,Net Banking,47.51,14,3,11,3628.26,0.8526,Satisfied,Loyal Shopper
AMZ-101333,67,Male,North America,2019,6,Prime,Silver,18,731.6,40.64,33.33,6,Sports,2,3.8,4,49,94,Tablet,Credit Card,35.31,34,0,344,906.61,0.5612,Satisfied,Bargain Hunter
AMZ-101334,28,Male,Europe,2015,10,Prime,Silver,1,4.8,4.8,0.0,0,Office,2,1.7,26,3,14,Desktop,Debit Card,70.71,3,0,571,5.92,0.9063,Very Dissatisfied,Inactive User
AMZ-101335,22,Female,Middle East,2023,2,Prime,Diamond,34,13744.97,404.26,0.0,0,Clothing,6,3.3,42,29,58,Tablet,UPI,7.11,37,1,499,19192.04,0.4941,Very Satisfied,Premium Spender
AMZ-101336,30,Male,Europe,2016,9,Prime,Platinum,1,234.46,234.46,300.0,3,Sports,5,2.7,10,6,27,Mobile,Cash on Delivery,28.42,1,2,147,309.6,0.6171,Dissatisfied,Occasional Buyer
AMZ-101337,20,Non-Binary,South Asia,2023,2,Prime,Gold,9,759.85,84.43,55.56,5,Toys,7,3.6,8,66,137,Smart TV,Net Banking,62.47,18,3,392,980.69,0.1089,Neutral,Bargain Hunter
AMZ-101338,18,Male,Middle East,2022,3,Prime,Platinum,49,3941.62,80.44,2.04,1,Clothing,8,3.9,34,22,113,Mobile,Amazon Pay,67.46,15,4,142,4574.29,0.2653,Satisfied,Premium Spender
AMZ-101339,58,Female,Europe,2015,10,Prime,Diamond,71,1485.83,20.93,0.0,0,Toys,9,4.9,4,22,145,Smart TV,Net Banking,62.6,3,3,409,1755.47,0.8157,Very Satisfied,Loyal Shopper
AMZ-101340,50,Non-Binary,Europe,2023,2,Prime,Gold,49,10898.37,222.42,2.04,1,Toys,7,3.2,11,29,97,Smart TV,UPI,46.39,34,2,728,12868.88,0.7565,Very Satisfied,Premium Spender
AMZ-101341,30,Non-Binary,Southeast Asia,2016,9,Non-Prime,Gold,24,11582.06,482.59,8.33,2,Toys,6,3.7,9,24,81,Mobile,UPI,74.19,5,2,623,15639.25,0.9517,Very Satisfied,Premium Spender
AMZ-101342,70,Non-Binary,East Asia,2019,6,Non-Prime,Gold,34,8338.8,245.26,11.76,4,Books,7,3.3,15,13,109,Desktop,Amazon Pay,36.62,1,1,137,10375.61,0.8227,Very Satisfied,Premium Spender
AMZ-101343,61,Male,Europe,2016,9,Non-Prime,Diamond,10,502.61,50.26,70.0,7,Clothing,1,2.8,18,53,134,Mobile,Credit Card,70.17,26,2,340,573.48,0.7228,Neutral,Bargain Hunter
AMZ-101344,55,Male,Europe,2020,5,Prime,Gold,6,509.32,84.89,16.67,1,Grocery,4,2.4,43,14,34,Smart TV,Debit Card,3.45,9,2,354,623.43,0.9733,Dissatisfied,Occasional Buyer
AMZ-101345,28,Male,Latin America,2023,2,Prime,Silver,20,1546.77,77.34,0.0,0,Clothing,9,4.8,19,26,143,Smart TV,Net Banking,54.46,30,4,320,2225.06,0.3811,Very Satisfied,Loyal Shopper
AMZ-101346,28,Female,Europe,2015,10,Prime,Silver,25,577.72,23.11,28.0,7,Office,5,2.7,49,22,118,Mobile,Gift Card,9.51,17,3,307,623.0,0.8529,Dissatisfied,Bargain Hunter
AMZ-101347,37,Male,South Asia,2020,5,Prime,Gold,4,18.27,4.57,25.0,1,Books,6,1.2,25,4,9,Desktop,Credit Card,79.9,37,2,176,24.13,0.8747,Dissatisfied,Inactive User
AMZ-101348,20,Female,South Asia,2022,3,Prime,Diamond,16,460.92,28.81,43.75,7,Clothing,8,2.8,46,50,224,Alexa,Net Banking,1.24,0,4,206,688.97,0.2433,Dissatisfied,Bargain Hunter
AMZ-101349,42,Female,Latin America,2019,6,Prime,Diamond,3,344.99,115.0,100.0,3,Electronics,8,2.6,25,3,45,Tablet,Credit Card,7.61,9,1,678,367.74,0.3403,Dissatisfied,Occasional Buyer
AMZ-101350,64,Non-Binary,North America,2019,6,Non-Prime,Gold,40,1495.18,37.38,0.0,0,Grocery,1,3.7,2,10,134,Desktop,Credit Card,60.45,13,4,406,1875.78,0.709,Very Satisfied,Loyal Shopper
AMZ-101351,26,Non-Binary,Southeast Asia,2015,10,Non-Prime,Platinum,34,6643.26,195.39,8.82,3,Office,6,3.8,6,10,89,Alexa,Amazon Pay,58.15,16,3,431,8445.05,0.9922,Neutral,Premium Spender
AMZ-101352,48,Male,Europe,2023,2,Prime,Diamond,24,3213.75,133.91,8.33,2,Clothing,6,4.1,44,26,112,Desktop,Gift Card,9.58,15,3,481,4402.92,0.8303,Satisfied,Loyal Shopper
AMZ-101353,48,Male,Southeast Asia,2021,4,Prime,Silver,3,59.53,19.84,0.0,0,Automotive,5,1.3,36,3,7,Smart TV,Amazon Pay,66.3,34,1,302,66.41,0.5558,Dissatisfied,Inactive User
AMZ-101354,49,Male,North America,2023,2,Prime,Diamond,38,13008.51,342.33,2.63,1,Home & Kitchen,1,3.0,48,17,76,Tablet,Credit Card,34.33,18,4,435,14860.87,0.1119,Neutral,Premium Spender
AMZ-101355,38,Female,Middle East,2020,5,Prime,Silver,19,221.66,11.67,47.37,9,Home & Kitchen,4,2.9,21,26,167,Tablet,Debit Card,10.21,18,0,322,271.34,0.6108,Neutral,Bargain Hunter
AMZ-101356,63,Male,South Asia,2020,5,Non-Prime,Silver,1,25.51,25.51,0.0,0,Sports,2,2.1,41,1,9,Desktop,UPI,52.41,13,1,288,34.07,0.8089,Dissatisfied,Inactive User
AMZ-101357,50,Male,Europe,2015,10,Prime,Silver,51,4217.17,82.69,3.92,2,Office,4,5.0,29,41,128,Smart TV,Credit Card,21.4,2,4,363,5644.19,0.4307,Very Satisfied,Loyal Shopper
AMZ-101358,65,Male,Europe,2019,6,Prime,Platinum,7,657.4,93.91,71.43,5,Sports,8,2.8,26,53,170,Smart TV,UPI,36.5,12,1,653,798.3,0.2339,Satisfied,Bargain Hunter
AMZ-101359,63,Female,Latin America,2016,9,Prime,Gold,74,3133.79,42.35,0.0,0,Books,2,3.8,1,27,135,Tablet,Gift Card,68.72,7,2,671,3688.36,0.3558,Satisfied,Loyal Shopper
AMZ-101360,41,Non-Binary,East Asia,2018,7,Prime,Silver,0,22.77,22.77,0.0,0,Office,8,1.9,45,4,9,Smart TV,Gift Card,12.71,24,3,558,30.03,0.8542,Dissatisfied,Inactive User
AMZ-101361,52,Female,South Asia,2019,6,Prime,Diamond,2,15.21,7.61,50.0,1,Books,5,2.6,11,4,1,Mobile,Net Banking,3.59,1,0,137,17.33,0.7315,Dissatisfied,Inactive User
AMZ-101362,25,Non-Binary,Latin America,2022,3,Prime,Gold,54,1608.59,29.79,0.0,0,Grocery,8,4.2,30,46,94,Alexa,Net Banking,73.72,15,3,197,2344.63,0.7755,Very Satisfied,Loyal Shopper
AMZ-101363,64,Non-Binary,East Asia,2015,10,Prime,Diamond,0,35.42,35.42,100.0,1,Clothing,2,2.4,21,1,14,Tablet,Amazon Pay,31.44,9,2,428,51.42,0.021,Neutral,Inactive User
AMZ-101364,70,Female,North America,2019,6,Non-Prime,Diamond,2,235.27,117.64,0.0,0,Home & Kitchen,6,2.8,6,1,30,Desktop,UPI,23.66,22,4,517,267.69,0.6935,Satisfied,Occasional Buyer
AMZ-101365,34,Male,Middle East,2017,8,Non-Prime,Diamond,1,80.87,80.87,0.0,0,Books,9,1.5,48,0,14,Mobile,Debit Card,21.1,30,0,502,107.06,0.0612,Dissatisfied,Inactive User
AMZ-101366,31,Male,Southeast Asia,2017,8,Prime,Diamond,1,519.53,519.53,100.0,1,Beauty,8,3.5,0,2,35,Desktop,Amazon Pay,54.0,23,3,375,710.98,0.1046,Satisfied,Occasional Buyer
AMZ-101367,56,Female,Middle East,2017,8,Prime,Platinum,36,2361.56,65.6,2.78,1,Books,1,4.4,22,48,127,Mobile,Debit Card,45.91,26,0,513,3501.19,0.6012,Very Satisfied,Loyal Shopper
AMZ-101368,19,Female,Europe,2019,6,Prime,Gold,16,10802.03,675.13,0.0,0,Books,3,4.1,22,24,62,Alexa,Gift Card,2.49,6,3,112,13458.11,0.4686,Neutral,Premium Spender
AMZ-101369,68,Female,Southeast Asia,2017,8,Prime,Gold,27,689.7,25.54,29.63,8,Automotive,6,3.3,16,93,181,Tablet,UPI,58.71,4,0,32,948.86,0.1811,Satisfied,Bargain Hunter
AMZ-101370,42,Female,North America,2020,5,Non-Prime,Diamond,1,14.87,14.87,0.0,0,Grocery,5,2.4,43,2,19,Smart TV,Amazon Pay,7.18,15,2,522,20.11,0.7415,Very Dissatisfied,Inactive User
AMZ-101371,57,Non-Binary,North America,2022,3,Non-Prime,Gold,9,535.3,59.48,100.0,9,Grocery,5,4.0,28,53,200,Mobile,Debit Card,44.42,22,0,391,794.28,0.3568,Dissatisfied,Bargain Hunter
AMZ-101372,46,Female,South Asia,2017,8,Non-Prime,Diamond,13,504.96,38.84,53.85,7,Books,5,2.9,47,65,164,Desktop,Gift Card,16.64,36,1,390,729.49,0.3298,Satisfied,Bargain Hunter
AMZ-101373,36,Male,Europe,2021,4,Prime,Diamond,39,8711.71,223.38,5.13,2,Grocery,7,3.5,20,9,97,Smart TV,Credit Card,61.73,5,2,506,11433.41,0.6663,Very Satisfied,Premium Spender
AMZ-101374,21,Non-Binary,North America,2021,4,Prime,Diamond,12,590.35,49.2,41.67,5,Home & Kitchen,8,3.0,28,41,237,Smart TV,Amazon Pay,44.19,23,0,471,850.59,0.4489,Neutral,Bargain Hunter
AMZ-101375,71,Female,Middle East,2018,7,Prime,Gold,9,691.19,76.8,77.78,7,Automotive,7,3.8,20,63,168,Mobile,Amazon Pay,64.77,23,3,380,998.45,0.4255,Satisfied,Bargain Hunter
AMZ-101376,57,Non-Binary,South Asia,2016,9,Prime,Gold,43,11212.83,260.76,6.98,3,Home & Kitchen,8,3.3,11,7,88,Tablet,UPI,60.1,13,4,90,15513.99,0.9784,Satisfied,Premium Spender
AMZ-101377,51,Female,North America,2022,3,Prime,Diamond,26,756.93,29.11,26.92,7,Automotive,4,4.2,32,38,162,Desktop,Credit Card,73.54,1,2,684,1013.41,0.3282,Dissatisfied,Bargain Hunter
AMZ-101378,50,Non-Binary,Southeast Asia,2017,8,Prime,Platinum,79,2894.76,36.64,2.53,2,Clothing,4,4.9,12,49,126,Mobile,Debit Card,31.14,36,4,247,3456.09,0.8451,Very Satisfied,Loyal Shopper
AMZ-101379,68,Female,North America,2023,2,Prime,Diamond,8,482.93,60.37,75.0,6,Toys,9,3.6,28,43,142,Alexa,Debit Card,6.12,35,4,145,633.31,0.1118,Satisfied,Bargain Hunter
AMZ-101380,65,Male,North America,2017,8,Prime,Platinum,8,462.78,57.85,0.0,0,Sports,2,2.4,1,2,38,Desktop,Debit Card,7.63,5,2,261,653.6,0.0785,Neutral,Occasional Buyer
AMZ-101381,45,Female,Southeast Asia,2021,4,Non-Prime,Gold,8,584.95,73.12,12.5,1,Toys,4,3.5,24,6,32,Tablet,Net Banking,15.58,19,4,273,756.31,0.788,Dissatisfied,Occasional Buyer
AMZ-101382,61,Male,Middle East,2016,9,Non-Prime,Gold,2,41.03,20.52,0.0,0,Books,8,2.0,39,0,7,Alexa,UPI,78.76,34,1,173,47.38,0.7268,Very Dissatisfied,Inactive User
AMZ-101383,36,Non-Binary,East Asia,2016,9,Non-Prime,Platinum,40,2884.45,72.11,0.0,0,Electronics,8,4.4,12,33,115,Desktop,Gift Card,72.63,37,4,656,3914.04,0.0131,Satisfied,Loyal Shopper
AMZ-101384,31,Female,North America,2019,6,Non-Prime,Diamond,45,3743.82,83.2,0.0,0,Sports,2,4.1,3,48,88,Alexa,Net Banking,35.17,19,4,236,4123.39,0.2928,Satisfied,Loyal Shopper
AMZ-101385,63,Male,Latin America,2021,4,Prime,Silver,12,146.52,12.21,58.33,7,Electronics,6,3.4,32,92,159,Desktop,Net Banking,70.17,26,0,398,167.48,0.1129,Satisfied,Bargain Hunter
AMZ-101386,50,Non-Binary,Middle East,2015,10,Prime,Diamond,20,1545.27,77.26,10.0,2,Home & Kitchen,8,4.3,10,40,96,Tablet,Debit Card,44.85,24,4,562,2063.47,0.4491,Satisfied,Loyal Shopper
AMZ-101387,52,Female,East Asia,2023,2,Prime,Silver,55,1268.83,23.07,1.82,1,Sports,9,4.2,28,34,160,Tablet,UPI,57.72,19,0,587,1448.15,0.1839,Very Satisfied,Loyal Shopper
AMZ-101388,24,Female,Latin America,2020,5,Prime,Diamond,14,659.69,47.12,28.57,4,Toys,5,3.0,37,89,166,Tablet,Amazon Pay,11.66,27,0,363,940.92,0.1722,Dissatisfied,Bargain Hunter
AMZ-101389,53,Non-Binary,East Asia,2020,5,Prime,Silver,2,68.02,34.01,0.0,0,Clothing,7,1.7,32,4,4,Smart TV,Gift Card,8.38,31,3,395,73.04,0.3149,Very Dissatisfied,Inactive User
AMZ-101390,24,Non-Binary,Middle East,2016,9,Prime,Diamond,13,247.12,19.01,7.69,1,Toys,2,2.0,7,1,11,Tablet,Cash on Delivery,44.85,29,2,8,365.27,0.7229,Neutral,Occasional Buyer
AMZ-101391,60,Female,Latin America,2023,2,Non-Prime,Silver,25,8560.84,342.43,4.0,1,Books,5,4.7,25,16,61,Mobile,Credit Card,32.67,32,0,606,12582.01,0.5485,Very Satisfied,Premium Spender
AMZ-101392,19,Female,North America,2022,3,Prime,Silver,15,492.88,32.86,20.0,3,Automotive,5,2.8,14,61,200,Alexa,UPI,33.15,4,2,610,529.61,0.3461,Dissatisfied,Bargain Hunter
AMZ-101393,63,Female,East Asia,2019,6,Prime,Gold,18,617.84,34.32,27.78,5,Home & Kitchen,2,4.4,37,25,90,Smart TV,UPI,7.19,35,4,34,918.81,0.8286,Dissatisfied,Bargain Hunter
AMZ-101394,47,Male,East Asia,2022,3,Prime,Silver,18,3481.33,193.41,0.0,0,Beauty,7,4.1,48,25,79,Smart TV,Gift Card,76.61,26,2,417,3807.75,0.1707,Satisfied,Premium Spender
AMZ-101395,39,Female,East Asia,2019,6,Prime,Platinum,20,5913.01,295.65,5.0,1,Sports,4,3.2,33,14,49,Tablet,Amazon Pay,29.07,16,2,305,6544.07,0.9346,Satisfied,Premium Spender
AMZ-101396,54,Male,North America,2017,8,Prime,Silver,47,3667.99,78.04,6.38,3,Electronics,1,5.0,23,10,68,Mobile,Debit Card,24.57,5,3,675,4243.44,0.6578,Very Satisfied,Premium Spender
AMZ-101397,56,Non-Binary,Middle East,2021,4,Prime,Platinum,12,352.05,29.34,0.0,0,Clothing,2,3.5,1,17,36,Alexa,Gift Card,43.52,23,0,264,440.97,0.8544,Satisfied,Occasional Buyer
AMZ-101398,43,Male,Middle East,2022,3,Non-Prime,Diamond,33,2062.37,62.5,3.03,1,Electronics,3,4.7,44,42,158,Alexa,Gift Card,27.0,25,2,5,2728.49,0.9473,Satisfied,Loyal Shopper
AMZ-101399,34,Non-Binary,South Asia,2018,7,Prime,Platinum,32,1454.14,45.44,0.0,0,Grocery,9,3.7,44,46,99,Desktop,Gift Card,25.83,12,4,397,2001.98,0.7158,Satisfied,Loyal Shopper
AMZ-101400,32,Non-Binary,East Asia,2015,10,Prime,Silver,33,4327.4,131.13,3.03,1,Office,5,4.5,6,12,101,Smart TV,Cash on Delivery,4.67,37,2,633,5146.04,0.762,Very Satisfied,Loyal Shopper
AMZ-101401,38,Male,Europe,2019,6,Prime,Silver,4,57.24,14.31,50.0,2,Books,6,3.5,18,1,27,Mobile,Gift Card,20.74,30,3,243,80.91,0.0096,Satisfied,Occasional Buyer
AMZ-101402,41,Non-Binary,South Asia,2017,8,Prime,Silver,10,557.88,55.79,20.0,2,Office,4,2.8,31,46,133,Smart TV,Credit Card,70.65,19,2,111,796.93,0.5924,Dissatisfied,Bargain Hunter
AMZ-101403,71,Non-Binary,Latin America,2019,6,Prime,Gold,46,4789.84,104.13,0.0,0,Home & Kitchen,6,5.0,31,42,60,Desktop,Amazon Pay,77.02,16,1,551,6909.01,0.2471,Satisfied,Loyal Shopper
AMZ-101404,51,Non-Binary,East Asia,2016,9,Prime,Platinum,50,4619.78,92.4,0.0,0,Electronics,7,4.2,19,30,132,Tablet,Credit Card,61.25,38,0,284,5693.28,0.8429,Very Satisfied,Loyal Shopper
AMZ-101405,40,Non-Binary,Middle East,2017,8,Prime,Silver,41,4012.42,97.86,2.44,1,Automotive,5,3.8,44,20,103,Alexa,Credit Card,15.38,12,1,677,4068.63,0.5998,Very Satisfied,Loyal Shopper
AMZ-101406,36,Female,Europe,2022,3,Prime,Silver,27,143.7,5.32,18.52,5,Books,5,4.2,10,42,220,Smart TV,Cash on Delivery,26.33,27,3,627,188.04,0.1354,Neutral,Bargain Hunter
AMZ-101407,51,Female,North America,2023,2,Prime,Silver,5,223.59,44.72,0.0,0,Toys,9,3.8,8,9,13,Mobile,Gift Card,41.4,10,4,392,272.04,0.9054,Neutral,Occasional Buyer
AMZ-101408,45,Non-Binary,Southeast Asia,2019,6,Prime,Platinum,19,781.43,41.13,21.05,4,Automotive,3,3.2,13,26,141,Desktop,Debit Card,36.96,17,4,44,1083.83,0.4537,Neutral,Bargain Hunter
AMZ-101409,22,Male,Latin America,2021,4,Non-Prime,Silver,5,598.69,119.74,60.0,3,Books,2,3.3,39,10,32,Tablet,Amazon Pay,9.27,33,3,70,710.25,0.7333,Neutral,Occasional Buyer
AMZ-101410,30,Non-Binary,Middle East,2023,2,Prime,Gold,18,10531.28,585.07,16.67,3,Grocery,4,4.5,44,18,117,Tablet,Credit Card,40.01,3,3,211,12507.46,0.7173,Very Satisfied,Premium Spender
AMZ-101411,53,Non-Binary,North America,2020,5,Non-Prime,Gold,73,1427.39,19.55,1.37,1,Home & Kitchen,4,4.1,32,42,156,Tablet,Credit Card,25.07,18,4,617,1838.41,0.0046,Very Satisfied,Loyal Shopper
AMZ-101412,37,Female,South Asia,2019,6,Prime,Silver,34,986.2,29.01,5.88,2,Clothing,7,3.8,11,44,106,Tablet,Amazon Pay,65.46,7,1,221,1101.62,0.5479,Very Satisfied,Loyal Shopper
AMZ-101413,27,Male,Europe,2017,8,Non-Prime,Platinum,48,6262.61,130.47,8.33,4,Automotive,3,4.9,29,11,54,Smart TV,Gift Card,39.22,2,0,96,8005.71,0.2655,Satisfied,Premium Spender
AMZ-101414,69,Male,Europe,2021,4,Prime,Gold,0,68.17,68.17,0.0,0,Sports,5,2.9,19,2,15,Smart TV,Credit Card,11.11,26,4,607,81.82,0.8888,Very Dissatisfied,Inactive User
AMZ-101415,42,Female,South Asia,2019,6,Prime,Diamond,2,15.0,7.5,50.0,1,Toys,9,1.7,2,3,12,Smart TV,Gift Card,36.74,30,4,360,19.92,0.8486,Neutral,Inactive User
AMZ-101416,36,Female,East Asia,2022,3,Prime,Silver,0,11.37,11.37,100.0,1,Office,5,2.7,27,3,17,Smart TV,Gift Card,79.57,14,4,198,14.48,0.3252,Neutral,Inactive User
AMZ-101417,19,Female,Latin America,2021,4,Prime,Diamond,27,1046.24,38.75,7.41,2,Clothing,4,3.5,16,30,135,Mobile,UPI,26.01,4,0,662,1533.2,0.5307,Satisfied,Loyal Shopper
AMZ-101418,44,Female,Europe,2018,7,Non-Prime,Platinum,3,462.37,154.12,0.0,0,Toys,7,3.3,41,16,59,Mobile,Credit Card,43.45,1,3,687,563.88,0.4866,Satisfied,Occasional Buyer
AMZ-101419,55,Female,East Asia,2021,4,Prime,Platinum,76,1480.3,19.48,2.63,2,Home & Kitchen,3,4.8,44,39,161,Mobile,Debit Card,59.78,35,1,414,2096.75,0.8506,Satisfied,Loyal Shopper
AMZ-101420,57,Male,East Asia,2016,9,Prime,Silver,9,86.3,9.59,11.11,1,Electronics,3,2.8,17,4,45,Tablet,Net Banking,11.35,0,4,476,117.88,0.1771,Dissatisfied,Occasional Buyer
AMZ-101421,65,Female,South Asia,2017,8,Prime,Platinum,25,536.61,21.46,24.0,6,Home & Kitchen,7,4.2,31,98,230,Alexa,Credit Card,67.43,19,1,536,569.54,0.5401,Dissatisfied,Bargain Hunter
AMZ-101422,49,Non-Binary,South Asia,2016,9,Non-Prime,Gold,24,14972.42,623.85,8.33,2,Books,1,5.0,5,29,92,Alexa,Amazon Pay,9.64,38,2,646,20945.03,0.1764,Neutral,Premium Spender
AMZ-101423,37,Male,Middle East,2019,6,Non-Prime,Diamond,2,61.81,30.91,0.0,0,Toys,4,1.2,38,2,2,Tablet,Cash on Delivery,37.42,30,2,190,61.81,0.2562,Neutral,Inactive User
AMZ-101424,44,Male,North America,2021,4,Prime,Diamond,6,305.38,50.9,0.0,0,Electronics,2,2.8,16,12,45,Tablet,Gift Card,28.78,29,3,480,312.27,0.3856,Neutral,Occasional Buyer
AMZ-101425,38,Female,South Asia,2016,9,Non-Prime,Platinum,11,285.63,25.97,72.73,8,Office,8,4.3,36,70,186,Smart TV,Debit Card,6.2,18,3,612,306.86,0.353,Neutral,Bargain Hunter
AMZ-101426,28,Female,North America,2017,8,Non-Prime,Silver,4,92.18,23.05,25.0,1,Automotive,2,2.9,48,4,7,Tablet,Debit Card,15.65,4,0,317,115.39,0.8475,Dissatisfied,Inactive User
AMZ-101427,22,Non-Binary,Middle East,2020,5,Prime,Platinum,41,10394.42,253.52,7.32,3,Electronics,9,4.9,33,26,99,Mobile,Gift Card,40.27,30,3,403,14261.11,0.3094,Satisfied,Premium Spender
AMZ-101428,61,Non-Binary,Europe,2022,3,Prime,Platinum,29,729.89,25.17,20.69,6,Beauty,1,2.5,49,68,92,Smart TV,Credit Card,23.59,35,0,293,920.64,0.7719,Satisfied,Bargain Hunter
AMZ-101429,67,Female,Middle East,2015,10,Prime,Diamond,4,58.68,14.67,25.0,1,Sports,6,2.3,34,4,12,Smart TV,Gift Card,70.73,4,4,692,59.93,0.1977,Very Dissatisfied,Inactive User
AMZ-101430,44,Non-Binary,North America,2022,3,Prime,Gold,5,516.38,103.28,120.0,6,Electronics,8,4.1,46,87,137,Mobile,Debit Card,65.82,20,2,312,542.13,0.7434,Satisfied,Bargain Hunter
AMZ-101431,33,Non-Binary,Latin America,2016,9,Prime,Gold,14,412.01,29.43,64.29,9,Clothing,4,4.1,1,54,165,Mobile,Debit Card,70.66,16,3,724,430.3,0.4702,Satisfied,Bargain Hunter
AMZ-101432,68,Male,Latin America,2022,3,Prime,Platinum,2,430.56,215.28,50.0,1,Electronics,8,3.8,41,10,21,Mobile,Credit Card,50.29,10,2,505,564.08,0.9597,Satisfied,Occasional Buyer
AMZ-101433,46,Female,Europe,2020,5,Non-Prime,Diamond,7,543.35,77.62,14.29,1,Sports,9,3.8,25,4,50,Desktop,Debit Card,11.28,0,0,447,667.4,0.1746,Neutral,Occasional Buyer
AMZ-101434,58,Male,South Asia,2015,10,Prime,Gold,4,45.98,11.49,0.0,0,Office,4,1.7,45,1,14,Smart TV,Net Banking,22.18,24,4,651,61.36,0.2587,Very Dissatisfied,Inactive User
AMZ-101435,30,Male,Middle East,2021,4,Non-Prime,Gold,21,4819.31,229.49,9.52,2,Office,9,3.5,16,18,95,Smart TV,Net Banking,69.57,12,3,156,7186.22,0.6857,Very Satisfied,Premium Spender
AMZ-101436,49,Female,East Asia,2015,10,Non-Prime,Diamond,22,11775.02,535.23,4.55,1,Home & Kitchen,5,4.4,18,8,54,Mobile,Amazon Pay,78.09,33,3,236,13392.58,0.5794,Neutral,Premium Spender
AMZ-101437,60,Male,Europe,2022,3,Non-Prime,Gold,2,132.32,66.16,150.0,3,Home & Kitchen,1,3.5,39,4,59,Mobile,Credit Card,35.0,37,1,366,178.56,0.0901,Satisfied,Occasional Buyer
AMZ-101438,60,Male,North America,2016,9,Non-Prime,Gold,27,13913.99,515.33,3.7,1,Automotive,7,3.2,22,10,57,Smart TV,Debit Card,72.43,17,1,599,15144.56,0.2537,Satisfied,Premium Spender
AMZ-101439,48,Female,South Asia,2018,7,Non-Prime,Platinum,36,4117.15,114.37,0.0,0,Sports,2,3.6,34,5,88,Smart TV,Net Banking,60.91,22,3,636,5727.51,0.4943,Satisfied,Premium Spender
AMZ-101440,62,Male,South Asia,2020,5,Prime,Diamond,20,858.72,42.94,10.0,2,Automotive,7,4.2,0,13,122,Alexa,UPI,79.99,37,4,89,1101.69,0.1058,Very Satisfied,Loyal Shopper
AMZ-101441,63,Male,North America,2023,2,Prime,Diamond,26,2878.72,110.72,7.69,2,Clothing,6,5.0,46,36,149,Tablet,Cash on Delivery,15.54,10,1,224,3590.1,0.0286,Satisfied,Loyal Shopper
AMZ-101442,60,Male,South Asia,2016,9,Prime,Silver,0,55.54,55.54,0.0,0,Books,1,1.0,6,3,15,Desktop,Credit Card,71.96,5,1,658,56.48,0.4475,Neutral,Inactive User
AMZ-101443,53,Female,North America,2023,2,Prime,Diamond,39,8476.63,217.35,7.69,3,Beauty,7,3.0,35,23,71,Tablet,Credit Card,51.55,22,1,137,10434.82,0.1882,Satisfied,Premium Spender
AMZ-101444,27,Female,Southeast Asia,2016,9,Prime,Gold,4,69.12,17.28,25.0,1,Toys,5,1.5,23,1,0,Alexa,Gift Card,11.28,20,4,300,69.96,0.9188,Dissatisfied,Inactive User
AMZ-101445,42,Male,Southeast Asia,2017,8,Prime,Platinum,3,48.16,16.05,0.0,0,Books,6,2.0,7,2,11,Mobile,Net Banking,73.29,37,1,603,69.0,0.8224,Very Dissatisfied,Inactive User
AMZ-101446,40,Female,South Asia,2016,9,Prime,Gold,16,7489.26,468.08,0.0,0,Toys,7,4.3,31,17,84,Desktop,UPI,38.42,7,1,238,10852.96,0.527,Very Satisfied,Premium Spender
AMZ-101447,57,Non-Binary,Southeast Asia,2018,7,Non-Prime,Diamond,13,431.79,33.21,15.38,2,Books,8,3.7,48,5,53,Mobile,Net Banking,16.37,34,4,560,617.17,0.1568,Satisfied,Occasional Buyer
AMZ-101448,34,Male,North America,2019,6,Prime,Silver,27,3849.96,142.59,7.41,2,Office,4,4.5,22,36,98,Tablet,Debit Card,22.49,1,1,26,4292.85,0.4195,Very Satisfied,Loyal Shopper
AMZ-101449,59,Male,Europe,2022,3,Prime,Diamond,22,214.49,9.75,22.73,5,Toys,3,4.0,3,97,122,Smart TV,Credit Card,49.47,2,0,701,314.39,0.5549,Dissatisfied,Bargain Hunter
AMZ-101450,59,Female,South Asia,2019,6,Prime,Gold,78,3947.56,50.61,0.0,0,Beauty,5,4.5,43,13,82,Tablet,Net Banking,17.96,28,4,402,4303.3,0.5104,Satisfied,Loyal Shopper
AMZ-101451,47,Non-Binary,North America,2020,5,Prime,Gold,4,98.15,24.54,0.0,0,Grocery,7,2.9,4,4,13,Alexa,Gift Card,0.35,29,1,493,121.89,0.9951,Very Dissatisfied,Inactive User
AMZ-101452,48,Male,South Asia,2020,5,Prime,Silver,7,454.22,64.89,28.57,2,Clothing,7,2.5,47,12,36,Desktop,Amazon Pay,2.41,27,3,289,516.16,0.6581,Satisfied,Occasional Buyer
AMZ-101453,65,Male,Latin America,2021,4,Prime,Diamond,30,8349.86,278.33,6.67,2,Beauty,1,3.7,44,5,119,Mobile,Debit Card,57.7,31,2,461,11810.3,0.9238,Satisfied,Premium Spender
AMZ-101454,66,Male,Latin America,2017,8,Prime,Platinum,5,341.08,68.22,20.0,1,Automotive,2,3.4,24,1,13,Alexa,Credit Card,17.79,20,4,619,453.87,0.6081,Neutral,Occasional Buyer
AMZ-101455,69,Female,North America,2020,5,Prime,Silver,30,7891.77,263.06,10.0,3,Office,2,4.5,12,24,64,Tablet,Cash on Delivery,2.31,11,3,27,9867.5,0.3837,Satisfied,Premium Spender
AMZ-101456,59,Male,East Asia,2019,6,Prime,Silver,59,4270.73,72.39,0.0,0,Sports,6,4.3,21,35,141,Tablet,Gift Card,6.16,13,1,412,6362.79,0.8288,Very Satisfied,Loyal Shopper
AMZ-101457,57,Female,Middle East,2017,8,Prime,Diamond,23,14150.99,615.26,8.7,2,Sports,3,3.9,7,14,53,Tablet,Gift Card,30.25,36,3,18,17848.05,0.6002,Very Satisfied,Premium Spender
AMZ-101458,56,Female,Latin America,2015,10,Prime,Diamond,29,368.35,12.7,6.9,2,Books,2,3.6,32,78,133,Tablet,Net Banking,39.44,14,4,675,538.32,0.5228,Satisfied,Bargain Hunter
AMZ-101459,57,Non-Binary,North America,2016,9,Prime,Diamond,1,11.02,11.02,0.0,0,Home & Kitchen,9,1.5,21,3,17,Desktop,Amazon Pay,47.63,32,2,230,11.73,0.2487,Neutral,Inactive User
AMZ-101460,31,Male,Middle East,2021,4,Non-Prime,Diamond,33,10666.54,323.23,0.0,0,Beauty,7,4.9,11,8,85,Desktop,Net Banking,58.33,26,4,571,13037.61,0.3355,Satisfied,Premium Spender
AMZ-101461,44,Female,Latin America,2020,5,Prime,Platinum,11,680.27,61.84,63.64,7,Grocery,2,3.0,20,91,123,Smart TV,UPI,45.9,37,0,455,858.53,0.5617,Neutral,Bargain Hunter
AMZ-101462,30,Non-Binary,Europe,2017,8,Prime,Diamond,33,3073.47,93.14,3.03,1,Office,2,3.9,35,48,96,Smart TV,Amazon Pay,45.3,3,4,195,4387.4,0.797,Satisfied,Loyal Shopper
AMZ-101463,47,Male,Middle East,2017,8,Non-Prime,Platinum,12,469.21,39.1,16.67,2,Office,6,3.9,31,7,44,Mobile,Gift Card,55.59,5,1,26,594.39,0.3361,Neutral,Occasional Buyer
AMZ-101464,33,Female,Europe,2020,5,Prime,Silver,30,8434.46,281.15,0.0,0,Automotive,9,3.8,43,14,113,Desktop,Gift Card,17.67,33,2,131,12458.61,0.5981,Very Satisfied,Premium Spender
AMZ-101465,56,Non-Binary,Middle East,2021,4,Non-Prime,Gold,35,2319.47,66.27,2.86,1,Sports,7,3.8,46,15,95,Smart TV,Amazon Pay,30.64,36,2,304,2339.92,0.5371,Satisfied,Loyal Shopper
AMZ-101466,70,Male,Southeast Asia,2019,6,Prime,Gold,11,693.76,63.07,45.45,5,Sports,7,4.4,12,95,232,Alexa,Credit Card,64.07,38,0,252,744.71,0.3571,Satisfied,Bargain Hunter
AMZ-101467,49,Female,North America,2022,3,Prime,Platinum,13,318.36,24.49,30.77,4,Electronics,7,2.6,35,44,162,Mobile,Amazon Pay,3.51,16,3,345,334.17,0.2341,Satisfied,Bargain Hunter
AMZ-101468,23,Female,East Asia,2022,3,Non-Prime,Gold,22,2876.91,130.77,9.09,2,Books,5,5.0,30,25,78,Tablet,Debit Card,44.8,33,3,394,4145.57,0.1617,Satisfied,Loyal Shopper
AMZ-101469,44,Non-Binary,North America,2021,4,Prime,Gold,68,3469.73,51.03,0.0,0,Electronics,6,4.6,46,24,106,Smart TV,Amazon Pay,59.35,29,1,654,4908.2,0.9514,Satisfied,Loyal Shopper
AMZ-101470,25,Female,Southeast Asia,2019,6,Prime,Platinum,40,1149.74,28.74,5.0,2,Sports,1,4.5,6,42,69,Alexa,Amazon Pay,22.47,6,0,629,1466.73,0.313,Satisfied,Loyal Shopper
AMZ-101471,44,Non-Binary,Europe,2015,10,Non-Prime,Gold,37,4727.37,127.77,0.0,0,Home & Kitchen,8,3.7,4,30,73,Tablet,Debit Card,0.45,27,1,170,4858.81,0.8504,Satisfied,Loyal Shopper
AMZ-101472,30,Male,Europe,2015,10,Prime,Silver,20,14565.71,728.29,20.0,4,Sports,5,3.8,30,11,73,Alexa,Net Banking,28.62,12,0,199,16572.81,0.6768,Very Satisfied,Premium Spender
AMZ-101473,47,Male,Southeast Asia,2015,10,Prime,Silver,44,5913.86,134.41,9.09,4,Clothing,3,4.0,44,20,40,Alexa,Gift Card,27.89,29,4,526,6395.76,0.5342,Very Satisfied,Premium Spender
AMZ-101474,38,Non-Binary,Latin America,2015,10,Prime,Diamond,11,422.59,38.42,18.18,2,Beauty,7,4.0,32,15,13,Smart TV,Gift Card,18.39,14,0,292,490.81,0.0882,Satisfied,Occasional Buyer
AMZ-101475,44,Female,North America,2019,6,Non-Prime,Silver,21,11765.24,560.25,4.76,1,Toys,3,4.4,35,29,72,Mobile,Cash on Delivery,37.12,7,3,177,16338.23,0.581,Neutral,Premium Spender
AMZ-101476,63,Male,Middle East,2021,4,Non-Prime,Platinum,68,1431.53,21.05,1.47,1,Clothing,4,4.7,17,24,137,Alexa,UPI,69.49,11,0,41,1794.9,0.4158,Satisfied,Loyal Shopper
AMZ-101477,41,Male,East Asia,2022,3,Prime,Gold,2,86.15,43.08,50.0,1,Toys,1,2.8,11,1,6,Mobile,Gift Card,2.26,11,0,193,103.43,0.5673,Very Dissatisfied,Inactive User
AMZ-101478,47,Male,North America,2017,8,Prime,Platinum,4,50.0,12.5,25.0,1,Books,1,2.1,7,0,0,Tablet,UPI,23.34,9,1,725,56.56,0.1723,Very Dissatisfied,Inactive User
AMZ-101479,22,Non-Binary,Southeast Asia,2020,5,Non-Prime,Platinum,18,456.83,25.38,33.33,6,Electronics,9,3.2,19,53,155,Mobile,Net Banking,76.79,16,3,475,579.87,0.8764,Satisfied,Bargain Hunter
AMZ-101480,56,Non-Binary,Latin America,2020,5,Non-Prime,Silver,4,77.28,19.32,0.0,0,Home & Kitchen,4,2.7,41,0,8,Alexa,Debit Card,36.74,12,0,526,100.41,0.138,Neutral,Inactive User
AMZ-101481,33,Female,South Asia,2021,4,Prime,Gold,3,77.48,25.83,0.0,0,Sports,9,1.9,7,1,4,Tablet,Net Banking,13.03,39,3,493,84.78,0.2228,Neutral,Inactive User
AMZ-101482,18,Non-Binary,Latin America,2020,5,Prime,Silver,24,465.25,19.39,16.67,4,Books,3,2.9,9,28,155,Mobile,Debit Card,45.18,22,0,648,470.93,0.2513,Satisfied,Bargain Hunter
AMZ-101483,18,Non-Binary,North America,2023,2,Prime,Gold,1,33.63,33.63,0.0,0,Books,1,2.5,20,3,6,Smart TV,Credit Card,31.94,25,4,36,35.28,0.9755,Dissatisfied,Inactive User
AMZ-101484,51,Female,North America,2022,3,Prime,Platinum,2,3.23,1.61,0.0,0,Toys,7,1.9,48,0,4,Smart TV,Debit Card,23.39,10,0,130,4.32,0.998,Very Dissatisfied,Inactive User
AMZ-101485,44,Non-Binary,Latin America,2022,3,Prime,Silver,71,1775.76,25.01,0.0,0,Toys,2,3.9,24,37,168,Desktop,Net Banking,44.85,0,3,148,1960.98,0.3432,Satisfied,Loyal Shopper
AMZ-101486,41,Male,East Asia,2020,5,Non-Prime,Gold,19,740.19,38.96,21.05,4,Clothing,1,3.3,17,30,224,Alexa,Net Banking,64.34,6,1,449,943.3,0.2693,Neutral,Bargain Hunter
AMZ-101487,44,Female,Southeast Asia,2019,6,Prime,Platinum,3,25.54,8.51,0.0,0,Books,1,1.4,3,3,15,Alexa,Gift Card,53.24,34,0,213,28.35,0.6921,Dissatisfied,Inactive User
AMZ-101488,70,Female,Southeast Asia,2015,10,Prime,Silver,13,79.65,6.13,0.0,0,Automotive,8,3.2,26,11,56,Smart TV,Cash on Delivery,63.24,31,3,669,118.97,0.6448,Satisfied,Occasional Buyer
AMZ-101489,20,Male,Europe,2022,3,Prime,Silver,30,9147.78,304.93,6.67,2,Office,3,4.0,10,24,49,Smart TV,Credit Card,79.91,22,1,529,13198.41,0.7552,Satisfied,Premium Spender
AMZ-101490,55,Male,Latin America,2017,8,Non-Prime,Diamond,1,13.27,13.27,100.0,1,Electronics,6,2.5,42,4,7,Tablet,Debit Card,76.14,1,0,673,19.18,0.831,Very Dissatisfied,Inactive User
AMZ-101491,46,Female,Europe,2020,5,Prime,Gold,39,6134.9,157.31,2.56,1,Beauty,5,3.3,17,27,66,Alexa,Cash on Delivery,78.24,0,1,339,8231.42,0.6658,Very Satisfied,Premium Spender
AMZ-101492,41,Female,Latin America,2022,3,Non-Prime,Diamond,2,56.23,28.11,50.0,1,Grocery,5,1.1,37,3,8,Mobile,Debit Card,19.11,7,2,670,79.66,0.9035,Dissatisfied,Inactive User
AMZ-101493,44,Non-Binary,Latin America,2019,6,Non-Prime,Platinum,66,2200.14,33.34,1.52,1,Automotive,9,4.6,12,28,131,Desktop,Amazon Pay,66.81,36,1,518,2962.93,0.2045,Satisfied,Loyal Shopper
AMZ-101494,53,Male,East Asia,2018,7,Non-Prime,Diamond,12,350.3,29.19,25.0,3,Toys,3,3.4,28,1,30,Smart TV,UPI,45.56,5,0,513,511.18,0.4191,Dissatisfied,Occasional Buyer
AMZ-101495,48,Male,Latin America,2017,8,Prime,Platinum,79,4153.26,52.57,1.27,1,Office,8,4.7,4,20,115,Alexa,Cash on Delivery,53.94,15,4,286,5667.4,0.636,Satisfied,Loyal Shopper
AMZ-101496,19,Male,North America,2022,3,Non-Prime,Gold,49,8475.72,172.97,0.0,0,Home & Kitchen,8,3.8,4,28,72,Mobile,Net Banking,70.16,22,2,29,12508.25,0.1122,Satisfied,Premium Spender
AMZ-101497,24,Non-Binary,Southeast Asia,2017,8,Prime,Gold,22,664.81,30.22,18.18,4,Home & Kitchen,6,3.4,21,66,167,Mobile,Debit Card,20.63,34,2,9,953.82,0.4707,Satisfied,Bargain Hunter
AMZ-101498,23,Male,North America,2020,5,Non-Prime,Platinum,26,7366.42,283.32,3.85,1,Books,8,3.7,16,24,76,Mobile,Cash on Delivery,9.99,21,1,146,8132.35,0.6542,Neutral,Premium Spender
AMZ-101499,19,Female,Middle East,2020,5,Non-Prime,Silver,9,518.38,57.6,22.22,2,Clothing,4,2.9,0,89,142,Tablet,Credit Card,9.35,32,0,166,695.49,0.4841,Satisfied,Bargain Hunter
AMZ-101500,21,Male,Latin America,2018,7,Non-Prime,Gold,32,3354.63,104.83,6.25,2,Home & Kitchen,1,3.7,4,12,70,Tablet,Gift Card,32.73,13,0,523,3414.75,0.6608,Neutral,Premium Spender
AMZ-101501,53,Female,South Asia,2019,6,Prime,Gold,44,4553.56,103.49,2.27,1,Toys,2,4.2,13,10,110,Alexa,Cash on Delivery,48.1,13,4,539,4830.01,0.4663,Very Satisfied,Premium Spender
AMZ-101502,51,Non-Binary,North America,2021,4,Non-Prime,Silver,50,4956.08,99.12,4.0,2,Home & Kitchen,5,4.6,49,16,178,Mobile,Cash on Delivery,54.89,5,2,501,5622.8,0.7004,Very Satisfied,Loyal Shopper
AMZ-101503,42,Female,East Asia,2015,10,Prime,Silver,60,1524.52,25.41,3.33,2,Beauty,9,3.9,21,40,166,Desktop,Net Banking,46.02,34,4,310,1895.43,0.5942,Very Satisfied,Loyal Shopper
AMZ-101504,40,Male,East Asia,2016,9,Prime,Diamond,0,37.76,37.76,0.0,0,Grocery,5,1.8,47,3,7,Tablet,Amazon Pay,77.68,32,4,195,44.53,0.3288,Very Dissatisfied,Inactive User
AMZ-101505,38,Male,East Asia,2017,8,Prime,Diamond,4,98.35,24.59,25.0,1,Toys,5,1.8,1,3,19,Smart TV,Cash on Delivery,78.01,20,2,201,114.42,0.3715,Neutral,Inactive User
AMZ-101506,31,Male,South Asia,2021,4,Non-Prime,Platinum,26,444.46,17.09,11.54,3,Books,9,3.0,30,58,96,Mobile,Gift Card,41.63,22,1,686,596.84,0.905,Dissatisfied,Bargain Hunter
AMZ-101507,34,Non-Binary,Middle East,2017,8,Prime,Silver,54,1190.52,22.05,3.7,2,Home & Kitchen,6,4.4,29,23,121,Tablet,Cash on Delivery,34.13,7,2,678,1652.04,0.1675,Very Satisfied,Loyal Shopper
AMZ-101508,52,Non-Binary,Europe,2019,6,Prime,Gold,12,323.49,26.96,16.67,2,Sports,3,2.1,26,3,12,Mobile,UPI,15.05,20,3,544,402.13,0.5971,Dissatisfied,Occasional Buyer
AMZ-101509,22,Non-Binary,Middle East,2021,4,Non-Prime,Platinum,0,55.62,55.62,0.0,0,Toys,8,1.7,23,3,4,Alexa,Credit Card,55.68,30,4,503,64.42,0.7755,Dissatisfied,Inactive User
AMZ-101510,50,Male,Middle East,2023,2,Prime,Platinum,1,35.88,35.88,100.0,1,Electronics,5,2.6,37,3,0,Mobile,Amazon Pay,53.79,10,1,52,39.25,0.5318,Neutral,Inactive User
AMZ-101511,31,Male,Europe,2019,6,Prime,Gold,21,12919.65,615.22,14.29,3,Home & Kitchen,3,3.5,7,15,102,Alexa,Cash on Delivery,40.87,6,2,322,16592.59,0.7747,Neutral,Premium Spender
AMZ-101512,46,Male,South Asia,2017,8,Prime,Silver,12,173.93,14.49,16.67,2,Office,6,2.4,44,17,27,Alexa,Net Banking,31.39,26,2,338,186.38,0.3294,Satisfied,Occasional Buyer
AMZ-101513,31,Male,Southeast Asia,2021,4,Non-Prime,Silver,9,689.77,76.64,33.33,3,Grocery,5,4.4,41,94,195,Smart TV,Debit Card,56.25,0,4,266,915.3,0.6203,Satisfied,Bargain Hunter
AMZ-101514,19,Male,North America,2022,3,Prime,Diamond,7,95.31,13.62,14.29,1,Grocery,4,2.7,18,17,20,Desktop,Net Banking,38.85,20,2,638,131.78,0.7309,Satisfied,Occasional Buyer
AMZ-101515,60,Female,Europe,2016,9,Prime,Silver,9,558.68,62.08,11.11,1,Electronics,2,2.5,34,18,26,Mobile,Cash on Delivery,12.41,13,2,419,782.37,0.8294,Dissatisfied,Occasional Buyer
AMZ-101516,71,Non-Binary,Latin America,2017,8,Non-Prime,Silver,63,3927.66,62.34,0.0,0,Grocery,1,3.9,2,37,121,Smart TV,Credit Card,11.59,6,0,35,4099.77,0.432,Satisfied,Loyal Shopper
AMZ-101517,68,Non-Binary,South Asia,2023,2,Prime,Diamond,26,13442.9,517.03,7.69,2,Grocery,1,4.6,12,23,66,Desktop,Credit Card,27.06,28,2,707,14617.86,0.6261,Neutral,Premium Spender
AMZ-101518,21,Non-Binary,Europe,2018,7,Prime,Gold,39,9955.54,255.27,5.13,2,Beauty,9,4.5,15,27,79,Smart TV,Credit Card,72.71,26,4,726,11144.11,0.7376,Satisfied,Premium Spender
AMZ-101519,44,Male,Middle East,2016,9,Prime,Gold,45,4194.49,93.21,2.22,1,Toys,4,4.9,5,47,140,Alexa,UPI,78.25,11,2,195,4988.3,0.6926,Very Satisfied,Loyal Shopper
AMZ-101520,34,Non-Binary,South Asia,2019,6,Prime,Silver,8,437.46,54.68,112.5,9,Electronics,1,3.4,48,28,224,Desktop,Gift Card,61.83,10,4,670,551.66,0.1941,Neutral,Bargain Hunter
AMZ-101521,54,Male,Europe,2021,4,Prime,Gold,50,979.93,19.6,2.0,1,Sports,8,3.9,4,44,142,Desktop,UPI,73.61,27,1,450,1249.41,0.869,Satisfied,Loyal Shopper
AMZ-101522,29,Non-Binary,North America,2018,7,Non-Prime,Silver,41,8058.13,196.54,2.44,1,Books,1,4.9,40,16,84,Tablet,UPI,37.4,30,3,127,10752.43,0.7282,Neutral,Premium Spender
AMZ-101523,68,Non-Binary,Latin America,2015,10,Prime,Gold,23,4117.02,179.0,0.0,0,Automotive,7,3.9,32,29,72,Tablet,Amazon Pay,72.08,21,0,365,5029.6,0.1723,Satisfied,Loyal Shopper
AMZ-101524,33,Non-Binary,South Asia,2017,8,Non-Prime,Platinum,1,18.45,18.45,100.0,1,Beauty,8,1.7,32,2,16,Alexa,UPI,33.16,18,2,182,20.31,0.794,Very Dissatisfied,Inactive User
AMZ-101525,35,Female,Southeast Asia,2021,4,Non-Prime,Diamond,27,619.27,22.94,11.11,3,Sports,1,4.4,1,83,188,Mobile,Debit Card,27.24,31,3,232,626.13,0.2188,Neutral,Bargain Hunter
AMZ-101526,19,Female,Latin America,2023,2,Non-Prime,Gold,78,3595.72,46.1,1.28,1,Books,3,4.3,15,28,61,Tablet,Net Banking,71.57,13,3,64,4947.8,0.7094,Very Satisfied,Loyal Shopper
AMZ-101527,58,Male,Latin America,2021,4,Prime,Diamond,65,2926.93,45.03,0.0,0,Books,9,4.8,10,49,81,Mobile,Gift Card,72.82,20,3,587,3764.72,0.4254,Very Satisfied,Loyal Shopper
AMZ-101528,33,Female,Middle East,2019,6,Prime,Platinum,24,559.91,23.33,16.67,4,Books,3,4.3,15,91,141,Mobile,Amazon Pay,59.65,27,1,77,679.41,0.2934,Satisfied,Bargain Hunter
AMZ-101529,36,Female,North America,2020,5,Prime,Diamond,4,41.57,10.39,25.0,1,Automotive,8,2.2,4,1,10,Mobile,Debit Card,55.39,25,3,460,50.15,0.6965,Very Dissatisfied,Inactive User
AMZ-101530,51,Male,Latin America,2022,3,Prime,Silver,52,4854.46,93.36,1.92,1,Sports,7,4.7,9,24,138,Mobile,UPI,39.96,3,3,595,5848.55,0.6317,Satisfied,Loyal Shopper
AMZ-101531,35,Non-Binary,East Asia,2022,3,Prime,Platinum,7,406.44,58.06,28.57,2,Office,6,2.2,34,13,10,Desktop,Cash on Delivery,50.87,25,0,677,544.27,0.8845,Neutral,Occasional Buyer
AMZ-101532,25,Non-Binary,East Asia,2019,6,Non-Prime,Diamond,29,679.99,23.45,10.34,3,Toys,8,3.8,29,46,224,Mobile,Cash on Delivery,45.35,14,2,38,706.55,0.3573,Satisfied,Bargain Hunter
AMZ-101533,54,Female,Latin America,2018,7,Non-Prime,Platinum,24,386.66,16.11,37.5,9,Grocery,1,4.3,7,24,239,Smart TV,Gift Card,53.47,28,2,72,547.49,0.3103,Dissatisfied,Bargain Hunter
AMZ-101534,25,Non-Binary,East Asia,2018,7,Non-Prime,Platinum,0,90.55,90.55,100.0,1,Clothing,1,2.0,0,4,4,Smart TV,Gift Card,39.43,11,2,461,117.77,0.9248,Neutral,Inactive User
AMZ-101535,52,Male,Europe,2022,3,Non-Prime,Platinum,34,1287.47,37.87,0.0,0,Books,5,4.8,18,25,84,Desktop,Cash on Delivery,50.64,10,3,394,1524.71,0.6954,Very Satisfied,Loyal Shopper
AMZ-101536,38,Female,Middle East,2015,10,Prime,Silver,1,91.17,91.17,0.0,0,Office,2,2.8,12,4,18,Tablet,Amazon Pay,64.57,30,1,278,125.77,0.4297,Very Dissatisfied,Inactive User
AMZ-101537,25,Female,East Asia,2020,5,Non-Prime,Silver,14,81.47,5.82,14.29,2,Books,8,3.2,42,2,12,Tablet,UPI,43.56,21,3,388,118.62,0.9723,Satisfied,Occasional Buyer
AMZ-101538,40,Male,Southeast Asia,2019,6,Prime,Silver,2,522.54,261.27,50.0,1,Automotive,7,2.6,16,13,22,Mobile,Gift Card,2.07,29,4,454,733.11,0.5336,Dissatisfied,Occasional Buyer
AMZ-101539,55,Female,Latin America,2017,8,Non-Prime,Gold,22,269.37,12.24,31.82,7,Toys,3,4.5,6,38,148,Mobile,UPI,69.42,34,0,82,295.25,0.2207,Satisfied,Bargain Hunter
AMZ-101540,37,Non-Binary,Middle East,2020,5,Prime,Silver,24,316.66,13.19,12.5,3,Automotive,5,3.4,7,42,203,Desktop,Amazon Pay,68.99,1,3,107,420.06,0.1856,Satisfied,Bargain Hunter
AMZ-101541,27,Female,South Asia,2021,4,Prime,Gold,6,344.54,57.42,50.0,3,Clothing,3,4.0,25,17,40,Alexa,Net Banking,1.14,10,3,567,488.65,0.2952,Dissatisfied,Occasional Buyer
AMZ-101542,24,Male,Latin America,2019,6,Prime,Gold,29,206.32,7.11,27.59,8,Grocery,8,2.9,37,85,113,Smart TV,UPI,0.28,24,3,91,229.17,0.6985,Neutral,Bargain Hunter
AMZ-101543,54,Non-Binary,Latin America,2019,6,Prime,Silver,9,292.07,32.45,0.0,0,Sports,2,3.2,25,19,47,Tablet,Credit Card,47.51,10,1,122,379.22,0.3541,Neutral,Occasional Buyer
AMZ-101544,33,Non-Binary,North America,2018,7,Non-Prime,Gold,10,97.49,9.75,20.0,2,Beauty,5,2.5,42,10,22,Mobile,Credit Card,26.87,34,4,377,128.68,0.2268,Satisfied,Occasional Buyer
AMZ-101545,70,Male,Middle East,2018,7,Prime,Gold,4,73.88,18.47,0.0,0,Home & Kitchen,4,2.5,27,4,8,Tablet,UPI,54.51,10,1,535,85.92,0.1567,Very Dissatisfied,Inactive User
AMZ-101546,25,Female,North America,2018,7,Non-Prime,Diamond,11,346.64,31.51,18.18,2,Sports,3,3.7,20,9,52,Desktop,Credit Card,38.52,27,0,523,478.68,0.331,Satisfied,Occasional Buyer
AMZ-101547,28,Female,Europe,2015,10,Prime,Platinum,7,261.38,37.34,28.57,2,Automotive,6,2.3,22,17,25,Tablet,UPI,33.29,15,1,107,293.26,0.2858,Satisfied,Occasional Buyer
AMZ-101548,36,Female,North America,2021,4,Prime,Gold,8,631.38,78.92,75.0,6,Office,2,3.7,44,50,120,Mobile,Credit Card,37.7,33,0,212,870.72,0.0337,Neutral,Bargain Hunter
AMZ-101549,48,Female,Middle East,2021,4,Non-Prime,Platinum,0,96.95,96.95,100.0,1,Home & Kitchen,8,3.0,22,0,19,Smart TV,Cash on Delivery,47.88,0,1,63,113.93,0.2707,Dissatisfied,Inactive User
AMZ-101550,39,Non-Binary,Latin America,2018,7,Prime,Diamond,4,93.0,23.25,0.0,0,Books,8,2.7,26,4,3,Mobile,Debit Card,75.24,8,2,403,99.23,0.7605,Dissatisfied,Inactive User
AMZ-101551,70,Non-Binary,Latin America,2015,10,Non-Prime,Diamond,1,51.18,51.18,0.0,0,Grocery,2,1.0,22,2,5,Mobile,Cash on Delivery,44.54,22,3,325,59.07,0.8217,Neutral,Inactive User
AMZ-101552,27,Non-Binary,Southeast Asia,2023,2,Non-Prime,Diamond,1,94.8,94.8,100.0,1,Beauty,7,1.7,45,1,19,Tablet,Debit Card,51.98,10,0,234,97.0,0.3426,Dissatisfied,Inactive User
AMZ-101553,36,Male,Europe,2018,7,Prime,Platinum,3,27.23,9.08,33.33,1,Home & Kitchen,5,2.7,11,3,15,Smart TV,Amazon Pay,58.94,16,1,723,39.74,0.5764,Very Dissatisfied,Inactive User
AMZ-101554,63,Male,Southeast Asia,2022,3,Non-Prime,Diamond,20,561.73,28.09,10.0,2,Beauty,8,3.2,45,38,113,Mobile,Amazon Pay,71.29,17,3,397,788.78,0.5951,Dissatisfied,Bargain Hunter
AMZ-101555,33,Male,Europe,2020,5,Non-Prime,Diamond,1,76.87,76.87,100.0,1,Office,2,2.1,11,0,18,Desktop,Gift Card,69.18,36,4,455,109.36,0.6092,Neutral,Inactive User
AMZ-101556,57,Non-Binary,East Asia,2017,8,Prime,Gold,34,6558.41,192.89,2.94,1,Toys,8,4.7,15,27,75,Alexa,Net Banking,61.96,17,3,407,8777.31,0.0911,Satisfied,Premium Spender
AMZ-101557,52,Female,Europe,2018,7,Prime,Silver,65,4515.19,69.46,0.0,0,Books,2,4.7,30,43,83,Smart TV,Gift Card,69.15,24,2,507,5240.81,0.8815,Satisfied,Loyal Shopper
AMZ-101558,66,Non-Binary,Southeast Asia,2019,6,Non-Prime,Gold,0,29.55,29.55,0.0,0,Clothing,5,1.9,48,2,19,Smart TV,Credit Card,1.63,21,0,259,36.02,0.8066,Dissatisfied,Inactive User
AMZ-101559,51,Female,Europe,2021,4,Non-Prime,Diamond,30,3346.65,111.56,3.33,1,Books,4,3.8,27,14,131,Desktop,Cash on Delivery,27.11,13,3,571,3730.92,0.9729,Very Satisfied,Loyal Shopper
AMZ-101560,46,Male,Latin America,2021,4,Prime,Silver,16,681.16,42.57,43.75,7,Clothing,1,2.6,8,73,162,Alexa,Cash on Delivery,72.0,19,1,523,716.89,0.0406,Satisfied,Bargain Hunter
AMZ-101561,54,Female,Europe,2023,2,Prime,Diamond,0,42.63,42.63,100.0,1,Grocery,9,2.4,29,3,12,Desktop,Net Banking,37.69,15,0,641,46.08,0.6924,Very Dissatisfied,Inactive User
AMZ-101562,24,Female,East Asia,2023,2,Prime,Silver,3,323.23,107.74,66.67,2,Electronics,8,2.6,24,15,23,Mobile,Net Banking,42.56,35,1,255,391.1,0.2059,Neutral,Occasional Buyer
AMZ-101563,28,Female,Latin America,2019,6,Prime,Diamond,2,108.36,54.18,100.0,2,Sports,8,2.8,18,18,21,Smart TV,Net Banking,77.18,16,1,682,110.33,0.0035,Dissatisfied,Occasional Buyer
AMZ-101564,67,Non-Binary,East Asia,2016,9,Non-Prime,Silver,34,4657.5,136.99,2.94,1,Clothing,5,4.3,6,27,66,Mobile,UPI,14.9,11,3,56,4893.65,0.133,Very Satisfied,Loyal Shopper
AMZ-101565,61,Non-Binary,Latin America,2021,4,Prime,Diamond,1,14.92,14.92,0.0,0,Beauty,9,2.2,31,3,18,Smart TV,Debit Card,25.14,32,0,652,15.02,0.5962,Very Dissatisfied,Inactive User
AMZ-101566,62,Non-Binary,Europe,2022,3,Prime,Gold,4,60.94,15.23,25.0,1,Sports,3,2.6,49,3,8,Smart TV,Amazon Pay,32.16,31,2,474,71.46,0.3745,Neutral,Inactive User
AMZ-101567,59,Non-Binary,Middle East,2016,9,Non-Prime,Diamond,5,438.32,87.66,160.0,8,Sports,9,4.0,4,39,172,Tablet,Gift Card,37.51,26,0,484,527.83,0.233,Dissatisfied,Bargain Hunter
AMZ-101568,60,Male,North America,2016,9,Non-Prime,Gold,14,518.16,37.01,21.43,3,Toys,3,2.6,23,9,35,Alexa,Amazon Pay,1.32,37,4,292,610.66,0.9361,Neutral,Occasional Buyer
AMZ-101569,54,Female,North America,2018,7,Prime,Platinum,2,63.16,31.58,0.0,0,Clothing,7,1.8,49,4,8,Mobile,Amazon Pay,7.49,9,0,123,85.07,0.3894,Neutral,Inactive User
AMZ-101570,32,Female,South Asia,2023,2,Prime,Platinum,13,93.97,7.23,15.38,2,Sports,5,2.8,4,12,20,Alexa,Cash on Delivery,35.55,8,2,497,100.28,0.3912,Dissatisfied,Occasional Buyer
AMZ-101571,26,Non-Binary,Europe,2020,5,Prime,Silver,16,312.08,19.5,31.25,5,Home & Kitchen,8,3.6,41,46,166,Alexa,Cash on Delivery,61.23,30,4,550,358.69,0.0102,Neutral,Bargain Hunter
AMZ-101572,52,Male,Middle East,2023,2,Prime,Gold,2,52.18,26.09,0.0,0,Electronics,6,1.8,36,1,19,Smart TV,Cash on Delivery,11.09,8,2,632,57.14,0.1229,Dissatisfied,Inactive User
AMZ-101573,18,Male,Europe,2023,2,Non-Prime,Diamond,10,317.0,31.7,60.0,6,Automotive,6,4.4,3,42,160,Alexa,Debit Card,5.91,13,0,361,416.97,0.5962,Satisfied,Bargain Hunter
AMZ-101574,25,Male,Latin America,2023,2,Non-Prime,Silver,15,7405.55,493.7,6.67,1,Automotive,2,3.2,40,11,108,Smart TV,Gift Card,38.25,30,2,363,9560.92,0.8476,Neutral,Premium Spender
AMZ-101575,53,Male,Europe,2018,7,Non-Prime,Silver,6,506.61,84.44,50.0,3,Beauty,9,3.1,45,6,34,Mobile,Net Banking,22.47,37,4,664,665.36,0.8816,Neutral,Occasional Buyer
AMZ-101576,64,Female,South Asia,2021,4,Non-Prime,Platinum,20,4127.39,206.37,5.0,1,Sports,3,3.6,37,22,121,Smart TV,Net Banking,72.04,12,4,633,4326.99,0.7438,Very Satisfied,Loyal Shopper
AMZ-101577,59,Male,Latin America,2017,8,Non-Prime,Platinum,2,40.49,20.25,50.0,1,Electronics,7,2.6,4,3,12,Smart TV,Credit Card,3.06,27,1,682,44.07,0.77,Neutral,Inactive User
AMZ-101578,26,Male,East Asia,2020,5,Non-Prime,Silver,1,27.02,27.02,100.0,1,Electronics,7,2.9,49,3,19,Desktop,Debit Card,17.05,36,4,87,35.86,0.878,Very Dissatisfied,Inactive User
AMZ-101579,68,Male,Latin America,2015,10,Prime,Platinum,0,31.18,31.18,100.0,1,Automotive,9,1.4,0,0,8,Desktop,Gift Card,59.41,39,1,675,36.34,0.3559,Very Dissatisfied,Inactive User
AMZ-101580,27,Female,South Asia,2018,7,Prime,Silver,66,4339.01,65.74,1.52,1,Grocery,8,4.4,46,37,179,Desktop,Credit Card,28.82,36,0,223,5723.75,0.1368,Satisfied,Loyal Shopper
AMZ-101581,45,Female,Middle East,2015,10,Non-Prime,Gold,40,10395.56,259.89,10.0,4,Clothing,7,3.2,14,21,111,Mobile,Gift Card,56.93,35,1,654,12506.74,0.208,Satisfied,Premium Spender
AMZ-101582,19,Female,Latin America,2017,8,Non-Prime,Gold,5,428.89,85.78,40.0,2,Beauty,7,2.3,21,12,52,Smart TV,UPI,72.22,38,3,388,560.95,0.3152,Satisfied,Occasional Buyer
AMZ-101583,48,Male,Europe,2022,3,Non-Prime,Diamond,35,3654.75,104.42,5.71,2,Automotive,5,4.2,33,31,84,Smart TV,UPI,29.95,5,2,142,4170.27,0.5383,Satisfied,Loyal Shopper
AMZ-101584,60,Female,Europe,2020,5,Prime,Gold,13,322.01,24.77,7.69,1,Books,6,3.0,16,1,57,Tablet,Gift Card,44.69,29,3,437,461.6,0.7458,Satisfied,Occasional Buyer
AMZ-101585,39,Male,Latin America,2015,10,Prime,Silver,34,6621.09,194.74,2.94,1,Clothing,4,3.9,21,8,54,Smart TV,Amazon Pay,77.34,8,2,479,9537.99,0.5363,Neutral,Premium Spender
AMZ-101586,38,Non-Binary,Southeast Asia,2019,6,Non-Prime,Gold,23,590.96,25.69,17.39,4,Automotive,6,2.9,33,49,227,Smart TV,UPI,46.74,11,4,248,784.33,0.6252,Satisfied,Bargain Hunter
AMZ-101587,18,Male,North America,2018,7,Prime,Platinum,26,4626.6,177.95,0.0,0,Grocery,4,3.3,46,19,43,Desktop,Cash on Delivery,54.68,30,3,439,6781.87,0.4308,Very Satisfied,Premium Spender
AMZ-101588,46,Non-Binary,East Asia,2018,7,Prime,Platinum,42,11263.22,268.17,7.14,3,Beauty,1,3.6,18,6,112,Smart TV,Gift Card,69.74,26,0,718,12518.99,0.2828,Satisfied,Premium Spender
AMZ-101589,68,Female,Europe,2019,6,Prime,Platinum,18,10150.02,563.89,11.11,2,Automotive,9,3.0,15,8,76,Desktop,Amazon Pay,34.41,0,3,502,10354.24,0.9222,Neutral,Premium Spender
AMZ-101590,24,Female,Southeast Asia,2018,7,Prime,Gold,13,723.45,55.65,53.85,7,Grocery,1,3.2,0,49,101,Desktop,Cash on Delivery,19.53,37,1,90,1044.47,0.5491,Satisfied,Bargain Hunter
AMZ-101591,47,Non-Binary,Europe,2023,2,Prime,Silver,11,203.24,18.48,81.82,9,Electronics,8,3.6,6,97,194,Smart TV,Credit Card,53.27,26,2,42,254.82,0.1049,Dissatisfied,Bargain Hunter
AMZ-101592,35,Non-Binary,North America,2018,7,Non-Prime,Silver,10,322.94,32.29,30.0,3,Grocery,5,3.2,5,13,58,Desktop,Amazon Pay,8.28,28,3,70,471.8,0.8875,Dissatisfied,Occasional Buyer
AMZ-101593,22,Male,East Asia,2023,2,Non-Prime,Diamond,0,3.83,3.83,100.0,1,Home & Kitchen,2,1.1,34,4,7,Tablet,Cash on Delivery,57.38,15,2,150,5.71,0.9597,Dissatisfied,Inactive User
AMZ-101594,19,Female,Southeast Asia,2022,3,Prime,Gold,48,3961.03,82.52,4.17,2,Electronics,2,4.7,29,32,65,Mobile,Cash on Delivery,14.65,4,0,138,5892.69,0.9883,Satisfied,Loyal Shopper
AMZ-101595,18,Male,Middle East,2015,10,Prime,Diamond,16,160.9,10.06,18.75,3,Electronics,9,3.8,32,21,229,Desktop,Amazon Pay,8.2,38,3,148,172.96,0.9459,Dissatisfied,Bargain Hunter
AMZ-101596,36,Male,Latin America,2022,3,Non-Prime,Gold,1,559.53,559.53,100.0,1,Electronics,9,2.7,34,12,16,Tablet,Net Banking,20.11,31,3,125,588.1,0.9,Neutral,Occasional Buyer
AMZ-101597,64,Non-Binary,Southeast Asia,2023,2,Prime,Platinum,14,597.79,42.7,14.29,2,Books,9,3.3,28,74,150,Mobile,Credit Card,0.77,39,1,676,745.1,0.6978,Satisfied,Bargain Hunter
AMZ-101598,59,Non-Binary,East Asia,2021,4,Non-Prime,Diamond,0,52.26,52.26,0.0,0,Electronics,1,2.0,10,4,15,Mobile,Net Banking,47.36,14,3,550,72.45,0.4811,Neutral,Inactive User
AMZ-101599,25,Male,North America,2019,6,Non-Prime,Diamond,3,21.18,7.06,0.0,0,Home & Kitchen,7,2.8,39,4,18,Alexa,Cash on Delivery,48.42,26,1,599,29.27,0.7104,Neutral,Inactive User
AMZ-101600,23,Female,Middle East,2023,2,Non-Prime,Silver,1,313.71,313.71,0.0,0,Sports,6,3.0,48,8,47,Tablet,Gift Card,2.98,22,3,696,442.05,0.3961,Dissatisfied,Occasional Buyer
AMZ-101601,22,Female,Latin America,2018,7,Non-Prime,Diamond,40,4308.66,107.72,0.0,0,Toys,7,3.7,34,30,74,Tablet,Gift Card,62.19,14,3,696,4747.5,0.7632,Very Satisfied,Loyal Shopper
AMZ-101602,54,Female,Middle East,2022,3,Prime,Diamond,12,713.32,59.44,66.67,8,Sports,8,2.5,6,57,172,Alexa,UPI,69.67,24,2,104,791.07,0.5579,Neutral,Bargain Hunter
AMZ-101603,65,Male,Southeast Asia,2021,4,Non-Prime,Diamond,34,3402.53,100.07,5.88,2,Beauty,8,4.8,16,29,65,Alexa,Net Banking,37.63,12,3,152,4389.58,0.6364,Satisfied,Loyal Shopper
AMZ-101604,57,Male,Middle East,2022,3,Prime,Diamond,21,321.08,15.29,28.57,6,Home & Kitchen,5,3.7,47,99,115,Smart TV,Amazon Pay,53.09,37,1,372,360.48,0.655,Satisfied,Bargain Hunter
AMZ-101605,59,Male,Latin America,2023,2,Prime,Platinum,27,8240.84,305.22,14.81,4,Clothing,3,4.8,28,13,63,Mobile,Credit Card,79.52,6,3,206,10986.59,0.6712,Very Satisfied,Premium Spender
AMZ-101606,44,Male,East Asia,2021,4,Prime,Gold,1,14.5,14.5,0.0,0,Books,3,1.1,1,0,2,Desktop,Gift Card,51.03,19,4,641,18.73,0.066,Dissatisfied,Inactive User
AMZ-101607,32,Non-Binary,Latin America,2019,6,Non-Prime,Gold,4,45.14,11.29,0.0,0,Electronics,9,2.1,31,1,15,Smart TV,Amazon Pay,51.41,36,0,436,54.69,0.8023,Very Dissatisfied,Inactive User
AMZ-101608,45,Non-Binary,Europe,2017,8,Prime,Silver,36,10508.08,291.89,0.0,0,Beauty,2,3.8,21,11,89,Alexa,UPI,21.92,4,2,192,12273.26,0.3292,Neutral,Premium Spender
AMZ-101609,68,Female,Latin America,2020,5,Prime,Diamond,21,5113.05,243.48,14.29,3,Grocery,2,4.9,14,28,43,Smart TV,Amazon Pay,12.67,32,1,402,6263.33,0.7159,Satisfied,Premium Spender
AMZ-101610,70,Female,Latin America,2018,7,Prime,Silver,50,4892.31,97.85,4.0,2,Books,1,3.9,42,16,130,Smart TV,Net Banking,42.81,1,1,247,5328.88,0.2267,Satisfied,Loyal Shopper
AMZ-101611,19,Male,East Asia,2019,6,Prime,Gold,5,145.66,29.13,160.0,8,Grocery,4,2.7,49,42,104,Mobile,Debit Card,25.92,1,1,656,214.45,0.5746,Satisfied,Bargain Hunter
AMZ-101612,57,Male,North America,2022,3,Prime,Diamond,24,2260.24,94.18,4.17,1,Clothing,4,4.1,40,11,111,Alexa,Gift Card,56.67,25,2,632,2587.79,0.3064,Satisfied,Loyal Shopper
AMZ-101613,64,Female,North America,2022,3,Prime,Silver,67,3474.46,51.86,0.0,0,Toys,8,4.2,20,22,93,Tablet,Net Banking,37.85,21,4,194,3805.09,0.8717,Satisfied,Loyal Shopper
AMZ-101614,55,Female,Middle East,2015,10,Prime,Gold,4,360.04,90.01,50.0,2,Clothing,5,2.1,33,13,27,Tablet,UPI,37.28,22,0,376,391.1,0.0282,Satisfied,Occasional Buyer
AMZ-101615,64,Non-Binary,Middle East,2023,2,Prime,Diamond,74,3003.64,40.59,0.0,0,Automotive,3,3.9,29,27,127,Desktop,Amazon Pay,72.45,22,1,493,3684.22,0.2529,Satisfied,Loyal Shopper
AMZ-101616,26,Non-Binary,Latin America,2019,6,Prime,Silver,75,3648.97,48.65,0.0,0,Beauty,9,3.9,25,23,100,Smart TV,Debit Card,21.26,23,3,697,5144.76,0.466,Very Satisfied,Loyal Shopper
AMZ-101617,57,Male,North America,2023,2,Prime,Gold,48,845.04,17.61,4.17,2,Home & Kitchen,9,4.0,6,48,157,Mobile,UPI,69.16,22,4,21,921.46,0.1851,Satisfied,Loyal Shopper
AMZ-101618,26,Male,North America,2021,4,Non-Prime,Diamond,18,12467.06,692.61,22.22,4,Office,3,3.0,33,14,119,Desktop,Credit Card,60.12,5,3,429,18283.96,0.4878,Neutral,Premium Spender
AMZ-101619,30,Non-Binary,South Asia,2017,8,Prime,Silver,13,532.28,40.94,15.38,2,Home & Kitchen,4,2.8,13,12,20,Tablet,Amazon Pay,56.03,1,2,460,626.13,0.0509,Satisfied,Occasional Buyer
AMZ-101620,36,Non-Binary,Europe,2016,9,Prime,Diamond,43,9584.68,222.9,4.65,2,Sports,5,4.2,13,15,114,Alexa,UPI,67.66,36,4,727,13320.68,0.361,Very Satisfied,Premium Spender
AMZ-101621,30,Non-Binary,South Asia,2023,2,Prime,Gold,67,1200.1,17.91,2.99,2,Sports,3,3.9,13,22,126,Desktop,Amazon Pay,25.55,18,0,287,1368.53,0.3232,Very Satisfied,Loyal Shopper
AMZ-101622,53,Male,East Asia,2019,6,Non-Prime,Diamond,0,79.83,79.83,0.0,0,Beauty,1,1.2,13,4,3,Alexa,Cash on Delivery,70.0,9,2,449,111.94,0.7064,Dissatisfied,Inactive User
AMZ-101623,31,Female,East Asia,2017,8,Non-Prime,Diamond,1,23.21,23.21,0.0,0,Home & Kitchen,5,1.3,47,3,8,Desktop,Credit Card,77.22,19,4,503,34.45,0.9031,Neutral,Inactive User
AMZ-101624,54,Male,East Asia,2020,5,Non-Prime,Gold,60,3776.99,62.95,1.67,1,Clothing,1,4.9,30,38,88,Desktop,Gift Card,54.89,17,2,269,4819.79,0.5858,Very Satisfied,Loyal Shopper
AMZ-101625,59,Male,North America,2021,4,Prime,Diamond,25,731.61,29.26,28.0,7,Toys,4,3.9,43,67,112,Smart TV,Amazon Pay,19.82,20,0,231,825.25,0.149,Satisfied,Bargain Hunter
AMZ-101626,70,Male,South Asia,2022,3,Non-Prime,Diamond,5,273.61,54.72,40.0,2,Toys,2,2.1,33,3,35,Smart TV,Net Banking,41.41,29,1,296,365.29,0.9984,Satisfied,Occasional Buyer
AMZ-101627,27,Female,East Asia,2017,8,Non-Prime,Platinum,39,9344.89,239.61,5.13,2,Grocery,3,4.7,4,29,85,Mobile,UPI,37.03,32,3,294,9856.55,0.774,Neutral,Premium Spender
AMZ-101628,62,Non-Binary,East Asia,2017,8,Prime,Gold,71,3174.23,44.71,0.0,0,Toys,9,4.3,21,11,90,Alexa,Gift Card,6.88,36,1,237,4494.0,0.8381,Very Satisfied,Loyal Shopper
AMZ-101629,37,Female,Latin America,2015,10,Prime,Diamond,17,10651.84,626.58,17.65,3,Beauty,5,3.6,20,12,110,Desktop,Credit Card,44.99,33,3,502,15624.91,0.3468,Very Satisfied,Premium Spender
AMZ-101630,55,Non-Binary,Europe,2018,7,Non-Prime,Diamond,3,183.68,61.23,33.33,1,Home & Kitchen,1,3.1,40,17,15,Alexa,UPI,11.17,8,0,214,204.16,0.4246,Dissatisfied,Occasional Buyer
AMZ-101631,40,Female,South Asia,2023,2,Non-Prime,Silver,40,3351.2,83.78,2.5,1,Home & Kitchen,4,3.7,10,22,79,Smart TV,Amazon Pay,38.67,15,2,286,3799.53,0.5445,Satisfied,Loyal Shopper
AMZ-101632,47,Male,Middle East,2019,6,Prime,Platinum,3,41.61,13.87,33.33,1,Books,1,2.8,4,0,15,Tablet,Amazon Pay,77.0,10,1,439,43.49,0.8698,Dissatisfied,Inactive User
AMZ-101633,31,Non-Binary,Europe,2019,6,Prime,Platinum,0,39.4,39.4,100.0,1,Automotive,3,2.1,48,3,16,Smart TV,Credit Card,40.59,24,1,0,53.59,0.6595,Dissatisfied,Inactive User
AMZ-101634,60,Non-Binary,North America,2019,6,Non-Prime,Silver,2,323.69,161.84,50.0,1,Automotive,2,3.7,3,9,13,Alexa,Net Banking,1.99,8,2,479,381.92,0.3675,Dissatisfied,Occasional Buyer
AMZ-101635,18,Male,Southeast Asia,2015,10,Non-Prime,Silver,19,6819.9,358.94,5.26,1,Electronics,5,3.5,46,20,91,Tablet,Credit Card,53.22,21,4,547,7657.91,0.5726,Neutral,Premium Spender
AMZ-101636,53,Male,Latin America,2015,10,Non-Prime,Gold,2,11.01,5.5,50.0,1,Clothing,8,2.3,29,1,2,Mobile,Gift Card,1.52,36,2,632,12.73,0.1302,Neutral,Inactive User
AMZ-101637,52,Female,Latin America,2016,9,Non-Prime,Silver,21,101.75,4.85,14.29,3,Beauty,6,4.2,44,28,221,Mobile,Cash on Delivery,4.75,2,3,680,132.29,0.4823,Neutral,Bargain Hunter
AMZ-101638,25,Male,Latin America,2022,3,Non-Prime,Silver,0,9.57,9.57,100.0,1,Beauty,2,2.9,10,4,16,Tablet,Net Banking,49.96,9,1,453,9.8,0.7999,Very Dissatisfied,Inactive User
AMZ-101639,38,Non-Binary,North America,2019,6,Non-Prime,Diamond,56,4478.67,79.98,0.0,0,Toys,1,4.3,1,33,118,Mobile,Credit Card,40.37,18,3,142,6309.21,0.7262,Satisfied,Loyal Shopper
AMZ-101640,57,Non-Binary,Europe,2020,5,Prime,Gold,54,3269.56,60.55,3.7,2,Automotive,7,4.7,48,12,63,Mobile,Amazon Pay,29.73,21,1,239,3989.32,0.2808,Very Satisfied,Loyal Shopper
AMZ-101641,46,Non-Binary,Middle East,2018,7,Prime,Gold,3,90.04,30.01,33.33,1,Electronics,9,1.2,47,0,14,Tablet,Amazon Pay,9.19,2,2,423,105.32,0.6242,Dissatisfied,Inactive User
AMZ-101642,34,Male,Europe,2017,8,Prime,Silver,4,86.33,21.58,0.0,0,Office,3,1.3,30,1,13,Smart TV,Credit Card,48.77,35,4,571,119.55,0.9979,Very Dissatisfied,Inactive User
AMZ-101643,68,Male,Latin America,2020,5,Prime,Gold,29,537.95,18.55,10.34,3,Beauty,2,2.9,4,63,193,Alexa,Net Banking,63.33,5,3,114,700.26,0.0565,Neutral,Bargain Hunter
AMZ-101644,58,Male,South Asia,2022,3,Non-Prime,Platinum,14,726.72,51.91,35.71,5,Automotive,6,3.7,3,35,92,Mobile,Net Banking,42.74,9,2,89,754.11,0.049,Neutral,Bargain Hunter
AMZ-101645,56,Non-Binary,Latin America,2019,6,Prime,Gold,45,4682.51,104.06,0.0,0,Sports,9,4.6,36,32,82,Mobile,Gift Card,68.92,12,3,450,5514.16,0.0465,Satisfied,Loyal Shopper
AMZ-101646,29,Female,South Asia,2018,7,Non-Prime,Platinum,12,83.78,6.98,16.67,2,Toys,5,3.0,32,9,34,Desktop,Cash on Delivery,15.0,24,0,34,84.07,0.6279,Neutral,Occasional Buyer
AMZ-101647,61,Male,South Asia,2015,10,Prime,Platinum,29,3281.23,113.15,0.0,0,Automotive,9,4.1,25,28,83,Tablet,Credit Card,14.29,35,1,254,3542.16,0.9625,Satisfied,Loyal Shopper
AMZ-101648,37,Non-Binary,Europe,2016,9,Prime,Diamond,33,10390.03,314.85,6.06,2,Clothing,1,4.2,3,26,41,Mobile,Cash on Delivery,60.68,14,1,402,15422.64,0.7516,Neutral,Premium Spender
AMZ-101649,50,Male,Middle East,2016,9,Non-Prime,Gold,3,75.02,25.01,0.0,0,Toys,1,1.7,47,1,10,Tablet,Net Banking,74.28,29,0,208,92.92,0.6046,Very Dissatisfied,Inactive User
AMZ-101650,25,Female,Latin America,2021,4,Non-Prime,Platinum,12,243.22,20.27,25.0,3,Books,8,3.8,39,4,22,Alexa,Cash on Delivery,65.58,29,0,224,265.13,0.3421,Neutral,Occasional Buyer
AMZ-101651,61,Male,Southeast Asia,2018,7,Prime,Silver,58,3486.23,60.11,0.0,0,Books,5,3.7,14,15,164,Alexa,Net Banking,20.74,3,2,625,4090.22,0.8608,Satisfied,Loyal Shopper
AMZ-101652,53,Male,Southeast Asia,2023,2,Non-Prime,Platinum,37,2332.89,63.05,2.7,1,Beauty,4,3.7,43,13,152,Alexa,Gift Card,24.58,7,4,546,3241.06,0.3935,Satisfied,Loyal Shopper
AMZ-101653,48,Female,Latin America,2019,6,Prime,Platinum,0,4.7,4.7,0.0,0,Electronics,9,2.6,19,2,7,Desktop,Gift Card,43.58,39,4,460,6.3,0.6056,Dissatisfied,Inactive User
AMZ-101654,30,Female,Latin America,2017,8,Prime,Gold,19,12433.72,654.41,15.79,3,Beauty,3,3.5,3,26,93,Tablet,Debit Card,49.55,0,2,271,15291.09,0.3314,Neutral,Premium Spender
AMZ-101655,32,Male,East Asia,2019,6,Prime,Diamond,38,11290.51,297.12,10.53,4,Office,6,3.8,0,26,101,Smart TV,UPI,78.72,35,1,642,12951.59,0.4767,Very Satisfied,Premium Spender
AMZ-101656,42,Female,Latin America,2015,10,Prime,Diamond,0,55.95,55.95,0.0,0,Home & Kitchen,1,2.5,45,1,5,Tablet,Net Banking,62.4,16,4,692,71.16,0.8997,Neutral,Inactive User
AMZ-101657,18,Female,Southeast Asia,2016,9,Non-Prime,Diamond,1,339.41,339.41,200.0,2,Sports,4,2.7,43,8,21,Mobile,Debit Card,32.34,25,3,661,401.46,0.6002,Satisfied,Occasional Buyer
AMZ-101658,35,Female,Southeast Asia,2023,2,Prime,Diamond,4,44.89,11.22,0.0,0,Office,1,1.0,5,4,12,Mobile,Debit Card,43.15,23,4,357,66.11,0.7294,Dissatisfied,Inactive User
AMZ-101659,48,Female,Middle East,2020,5,Non-Prime,Gold,0,91.1,91.1,0.0,0,Office,1,2.1,3,1,2,Desktop,Debit Card,21.26,0,2,638,115.65,0.0316,Dissatisfied,Inactive User
AMZ-101660,18,Male,Europe,2016,9,Prime,Platinum,2,373.25,186.62,100.0,2,Automotive,9,3.2,20,5,36,Smart TV,Debit Card,0.22,35,2,150,525.06,0.3504,Neutral,Occasional Buyer
AMZ-101661,41,Non-Binary,South Asia,2016,9,Prime,Gold,34,7456.82,219.32,11.76,4,Sports,4,4.2,1,15,91,Tablet,Credit Card,0.21,28,3,201,8614.12,0.4711,Satisfied,Premium Spender
AMZ-101662,26,Male,Southeast Asia,2018,7,Prime,Gold,38,2997.63,78.89,0.0,0,Clothing,6,4.5,2,45,111,Alexa,Cash on Delivery,4.12,17,2,6,4458.96,0.6931,Very Satisfied,Loyal Shopper
AMZ-101663,62,Female,South Asia,2020,5,Prime,Silver,4,340.44,85.11,75.0,3,Automotive,8,3.7,36,12,47,Alexa,Net Banking,68.35,38,3,93,499.53,0.4875,Neutral,Occasional Buyer
AMZ-101664,44,Male,Southeast Asia,2017,8,Non-Prime,Diamond,19,3350.29,176.33,0.0,0,Automotive,4,4.2,33,16,85,Desktop,Cash on Delivery,14.47,20,2,279,4371.24,0.5156,Very Satisfied,Premium Spender
AMZ-101665,30,Male,Europe,2022,3,Prime,Diamond,11,464.76,42.25,63.64,7,Beauty,1,4.5,11,71,190,Tablet,Cash on Delivery,20.74,23,4,467,573.61,0.0977,Satisfied,Bargain Hunter
AMZ-101666,34,Female,Middle East,2018,7,Prime,Platinum,41,3977.45,97.01,0.0,0,Automotive,6,4.4,10,11,54,Alexa,Credit Card,45.4,31,2,176,4845.23,0.6548,Very Satisfied,Premium Spender
AMZ-101667,56,Male,Europe,2021,4,Prime,Platinum,62,2589.67,41.77,0.0,0,Grocery,9,3.8,23,19,94,Mobile,UPI,52.82,20,4,361,3726.77,0.9554,Very Satisfied,Loyal Shopper
AMZ-101668,35,Male,Latin America,2022,3,Prime,Gold,0,84.27,84.27,0.0,0,Automotive,9,2.0,15,2,6,Desktop,Credit Card,27.4,16,0,340,108.45,0.2435,Very Dissatisfied,Inactive User
AMZ-101669,66,Female,North America,2016,9,Prime,Diamond,54,1029.99,19.07,3.7,2,Clothing,9,4.5,19,37,60,Smart TV,Debit Card,43.92,15,4,428,1267.25,0.0753,Satisfied,Loyal Shopper
AMZ-101670,42,Female,Latin America,2021,4,Prime,Silver,1,487.66,487.66,100.0,1,Sports,1,3.6,14,3,23,Smart TV,Debit Card,28.99,14,4,200,542.89,0.4952,Dissatisfied,Occasional Buyer
AMZ-101671,34,Non-Binary,Middle East,2018,7,Prime,Diamond,79,2444.3,30.94,1.27,1,Books,4,4.0,13,38,175,Tablet,Net Banking,44.03,21,0,159,3130.38,0.8568,Satisfied,Loyal Shopper
AMZ-101672,54,Female,East Asia,2022,3,Prime,Gold,10,568.17,56.82,90.0,9,Beauty,1,3.7,13,33,195,Desktop,UPI,6.02,35,3,321,747.26,0.8068,Dissatisfied,Bargain Hunter
AMZ-101673,50,Non-Binary,Southeast Asia,2022,3,Prime,Diamond,2,88.96,44.48,0.0,0,Toys,7,2.3,44,0,17,Smart TV,Cash on Delivery,77.6,12,1,317,116.78,0.422,Very Dissatisfied,Inactive User
AMZ-101674,31,Female,Europe,2021,4,Non-Prime,Silver,15,767.02,51.13,53.33,8,Office,1,2.8,26,58,199,Smart TV,UPI,41.09,0,4,604,933.58,0.7025,Satisfied,Bargain Hunter
AMZ-101675,61,Non-Binary,Europe,2020,5,Non-Prime,Platinum,10,260.26,26.03,30.0,3,Books,6,2.8,41,3,37,Desktop,Gift Card,35.11,14,2,542,261.11,0.477,Dissatisfied,Occasional Buyer
AMZ-101676,54,Non-Binary,North America,2018,7,Prime,Silver,3,83.5,27.83,33.33,1,Beauty,7,2.9,35,3,18,Alexa,Amazon Pay,78.46,2,4,467,85.07,0.3745,Very Dissatisfied,Inactive User
AMZ-101677,24,Female,North America,2023,2,Prime,Platinum,77,827.34,10.74,0.0,0,Electronics,9,4.7,37,33,82,Mobile,Cash on Delivery,64.2,38,2,205,942.84,0.5461,Satisfied,Loyal Shopper
AMZ-101678,66,Female,North America,2019,6,Non-Prime,Platinum,34,12566.01,369.59,8.82,3,Sports,1,4.9,5,20,65,Smart TV,Amazon Pay,76.12,14,0,636,16558.23,0.7141,Neutral,Premium Spender
AMZ-101679,28,Non-Binary,Europe,2022,3,Prime,Platinum,2,119.56,59.78,50.0,1,Beauty,2,3.5,0,12,49,Smart TV,Credit Card,6.08,27,3,360,135.27,0.3404,Neutral,Occasional Buyer
AMZ-101680,22,Female,Latin America,2015,10,Prime,Silver,21,10031.25,477.68,0.0,0,Beauty,6,3.4,21,24,113,Mobile,UPI,37.21,14,3,385,14647.43,0.4566,Neutral,Premium Spender
AMZ-101681,19,Male,North America,2021,4,Non-Prime,Silver,21,13254.42,631.16,9.52,2,Clothing,1,4.8,10,16,112,Desktop,Net Banking,69.67,11,2,20,16212.37,0.8483,Satisfied,Premium Spender
AMZ-101682,44,Female,Europe,2023,2,Prime,Gold,24,13707.36,571.14,4.17,1,Grocery,1,4.2,10,16,56,Alexa,Gift Card,65.54,30,0,468,20023.6,0.9988,Neutral,Premium Spender
AMZ-101683,37,Female,Europe,2017,8,Prime,Gold,20,397.39,19.87,40.0,8,Office,4,3.0,19,76,99,Mobile,Gift Card,44.7,15,2,574,540.81,0.0823,Neutral,Bargain Hunter
AMZ-101684,29,Male,Europe,2019,6,Non-Prime,Platinum,0,85.76,85.76,100.0,1,Toys,8,2.8,23,4,16,Smart TV,Credit Card,15.21,31,1,607,124.98,0.4953,Neutral,Inactive User
AMZ-101685,18,Non-Binary,Latin America,2023,2,Non-Prime,Silver,73,4842.81,66.34,1.37,1,Toys,5,4.7,38,15,131,Mobile,Cash on Delivery,61.44,26,0,163,5295.94,0.4363,Satisfied,Loyal Shopper
AMZ-101686,55,Female,Middle East,2017,8,Non-Prime,Gold,22,2471.0,112.32,4.55,1,Electronics,3,4.8,49,18,169,Tablet,UPI,24.62,33,1,505,2624.26,0.0103,Satisfied,Loyal Shopper
AMZ-101687,42,Female,Europe,2017,8,Non-Prime,Gold,49,11574.01,236.2,4.08,2,Sports,7,3.8,30,11,50,Alexa,Net Banking,23.28,37,4,461,13171.94,0.6173,Satisfied,Premium Spender
AMZ-101688,52,Female,South Asia,2022,3,Non-Prime,Platinum,17,601.58,35.39,11.76,2,Sports,5,4.4,44,24,237,Mobile,Gift Card,38.93,34,1,614,653.66,0.1168,Dissatisfied,Bargain Hunter
AMZ-101689,20,Female,Latin America,2019,6,Prime,Platinum,73,1647.99,22.58,0.0,0,Sports,8,4.9,5,46,101,Smart TV,UPI,39.14,16,1,224,2056.84,0.7053,Very Satisfied,Loyal Shopper
AMZ-101690,42,Male,South Asia,2020,5,Prime,Platinum,2,237.41,118.7,0.0,0,Home & Kitchen,1,2.1,25,15,42,Mobile,UPI,70.15,23,4,297,331.62,0.4357,Neutral,Occasional Buyer
AMZ-101691,20,Non-Binary,Middle East,2023,2,Prime,Diamond,13,151.75,11.67,15.38,2,Office,7,2.5,15,10,19,Tablet,UPI,32.81,24,0,226,157.96,0.126,Satisfied,Occasional Buyer
AMZ-101692,47,Non-Binary,North America,2020,5,Prime,Platinum,40,10894.36,272.36,5.0,2,Beauty,5,3.1,15,11,67,Tablet,Cash on Delivery,25.16,28,3,242,13236.78,0.4795,Neutral,Premium Spender
AMZ-101693,34,Female,East Asia,2018,7,Non-Prime,Diamond,47,3703.43,78.8,2.13,1,Home & Kitchen,9,4.5,46,9,65,Alexa,Net Banking,65.44,37,3,689,3920.83,0.4169,Satisfied,Premium Spender
AMZ-101694,53,Female,Southeast Asia,2022,3,Prime,Silver,70,987.96,14.11,0.0,0,Automotive,1,4.6,16,30,106,Alexa,Amazon Pay,63.73,0,4,393,1124.58,0.9224,Satisfied,Loyal Shopper
AMZ-101695,20,Non-Binary,Middle East,2015,10,Prime,Platinum,13,649.69,49.98,38.46,5,Sports,1,2.7,4,32,135,Tablet,Gift Card,79.96,4,4,342,904.66,0.3847,Neutral,Bargain Hunter
AMZ-101696,26,Male,Middle East,2015,10,Non-Prime,Gold,30,8351.53,278.38,10.0,3,Office,9,4.1,15,10,67,Tablet,UPI,70.29,17,4,604,10628.42,0.6153,Satisfied,Premium Spender
AMZ-101697,63,Male,East Asia,2022,3,Prime,Diamond,27,9865.14,365.38,0.0,0,Home & Kitchen,9,3.6,34,16,107,Smart TV,UPI,36.16,32,1,383,12665.52,0.8133,Neutral,Premium Spender
AMZ-101698,36,Non-Binary,East Asia,2018,7,Prime,Silver,39,3833.19,98.29,0.0,0,Toys,6,4.8,0,41,89,Desktop,Debit Card,10.19,25,2,338,5272.5,0.7109,Satisfied,Loyal Shopper
AMZ-101699,23,Female,South Asia,2017,8,Prime,Diamond,22,224.86,10.22,31.82,7,Grocery,4,4.4,10,57,204,Smart TV,Amazon Pay,19.09,25,0,79,276.42,0.6464,Dissatisfied,Bargain Hunter
AMZ-101700,70,Non-Binary,Europe,2018,7,Prime,Platinum,28,3437.83,122.78,0.0,0,Books,6,3.7,12,48,156,Tablet,UPI,24.41,17,0,683,4670.23,0.6348,Satisfied,Loyal Shopper
AMZ-101701,68,Female,South Asia,2020,5,Prime,Diamond,3,56.51,18.84,33.33,1,Automotive,9,2.2,14,2,12,Tablet,Cash on Delivery,33.94,32,4,293,64.13,0.39,Neutral,Inactive User
AMZ-101702,51,Male,Southeast Asia,2020,5,Prime,Silver,31,11039.95,356.13,12.9,4,Grocery,9,3.1,21,9,117,Tablet,Cash on Delivery,4.85,2,1,84,11628.88,0.9175,Satisfied,Premium Spender
AMZ-101703,31,Male,Latin America,2016,9,Prime,Diamond,35,11875.32,339.29,2.86,1,Office,1,3.2,8,23,60,Smart TV,Gift Card,62.35,16,0,437,14642.16,0.6054,Very Satisfied,Premium Spender
AMZ-101704,35,Non-Binary,North America,2019,6,Non-Prime,Gold,37,8808.64,238.07,0.0,0,Clothing,8,3.6,35,20,81,Alexa,UPI,19.77,12,0,338,10826.12,0.44,Satisfied,Premium Spender
AMZ-101705,50,Non-Binary,Middle East,2021,4,Non-Prime,Diamond,0,96.07,96.07,0.0,0,Electronics,3,2.7,27,1,9,Tablet,UPI,0.87,36,3,397,105.36,0.2419,Dissatisfied,Inactive User
AMZ-101706,33,Non-Binary,Latin America,2017,8,Prime,Silver,20,838.87,41.94,5.0,1,Beauty,9,5.0,7,15,102,Mobile,Net Banking,73.26,4,4,350,941.69,0.6502,Very Satisfied,Loyal Shopper
AMZ-101707,67,Female,Middle East,2019,6,Non-Prime,Gold,4,67.74,16.93,0.0,0,Clothing,6,2.9,6,0,6,Smart TV,Amazon Pay,46.09,28,2,280,77.31,0.1075,Neutral,Inactive User
AMZ-101708,30,Female,Latin America,2023,2,Prime,Platinum,51,899.35,17.63,0.0,0,Clothing,2,4.9,37,30,131,Tablet,Credit Card,75.53,30,2,681,1138.46,0.5163,Very Satisfied,Loyal Shopper
AMZ-101709,25,Non-Binary,Southeast Asia,2015,10,Prime,Gold,13,334.14,25.7,61.54,8,Office,2,3.1,19,60,177,Smart TV,Debit Card,34.22,5,1,32,409.84,0.2226,Neutral,Bargain Hunter
AMZ-101710,33,Non-Binary,Latin America,2019,6,Prime,Platinum,20,4150.37,207.52,5.0,1,Clothing,2,3.7,34,18,66,Desktop,Gift Card,61.78,22,3,181,5918.62,0.7714,Satisfied,Loyal Shopper
AMZ-101711,29,Non-Binary,North America,2022,3,Non-Prime,Diamond,8,591.05,73.88,100.0,8,Grocery,1,2.7,31,92,208,Smart TV,Cash on Delivery,22.21,27,3,132,597.53,0.7687,Neutral,Bargain Hunter
AMZ-101712,43,Female,Europe,2019,6,Non-Prime,Silver,29,6666.61,229.88,13.79,4,Office,9,3.1,22,24,92,Alexa,Net Banking,65.27,24,3,627,8898.47,0.8121,Satisfied,Premium Spender
AMZ-101713,43,Female,East Asia,2016,9,Non-Prime,Silver,13,143.04,11.0,46.15,6,Sports,6,3.4,6,91,127,Smart TV,Cash on Delivery,72.37,21,4,363,196.51,0.4244,Satisfied,Bargain Hunter
AMZ-101714,24,Female,Latin America,2016,9,Non-Prime,Diamond,11,261.56,23.78,36.36,4,Toys,7,3.9,32,77,231,Mobile,Credit Card,19.8,15,4,498,384.62,0.2153,Satisfied,Bargain Hunter
AMZ-101715,49,Non-Binary,East Asia,2017,8,Prime,Gold,28,1567.76,55.99,3.57,1,Beauty,8,4.0,42,26,133,Smart TV,Net Banking,70.34,29,1,154,1743.09,0.7723,Satisfied,Loyal Shopper
AMZ-101716,30,Male,East Asia,2017,8,Prime,Gold,2,443.14,221.57,150.0,3,Sports,1,3.3,21,1,32,Mobile,Amazon Pay,57.28,4,3,333,630.03,0.4177,Neutral,Occasional Buyer
AMZ-101717,60,Non-Binary,Southeast Asia,2020,5,Prime,Platinum,22,527.94,24.0,40.91,9,Beauty,7,4.0,38,86,221,Tablet,Net Banking,75.07,30,0,396,763.38,0.9404,Satisfied,Bargain Hunter
AMZ-101718,25,Female,Latin America,2016,9,Prime,Platinum,43,12567.6,292.27,9.3,4,Office,9,3.9,37,27,58,Mobile,Cash on Delivery,64.64,34,1,2,12696.28,0.6302,Neutral,Premium Spender
AMZ-101719,66,Non-Binary,Europe,2017,8,Prime,Gold,39,1979.73,50.76,2.56,1,Beauty,5,4.2,20,38,95,Alexa,Amazon Pay,67.9,5,3,509,2062.23,0.4376,Very Satisfied,Loyal Shopper
AMZ-101720,20,Non-Binary,South Asia,2019,6,Non-Prime,Platinum,8,381.82,47.73,25.0,2,Automotive,2,3.4,28,5,40,Smart TV,Net Banking,55.9,6,2,639,508.84,0.2347,Dissatisfied,Occasional Buyer
AMZ-101721,59,Non-Binary,East Asia,2022,3,Non-Prime,Gold,2,99.7,49.85,100.0,2,Clothing,3,3.6,10,14,42,Alexa,Amazon Pay,18.49,29,4,569,138.56,0.5515,Neutral,Occasional Buyer
AMZ-101722,50,Non-Binary,South Asia,2019,6,Prime,Gold,27,5637.02,208.78,0.0,0,Office,8,4.0,4,12,57,Tablet,Debit Card,6.12,35,4,208,7027.84,0.0164,Neutral,Premium Spender
AMZ-101723,20,Female,Europe,2015,10,Non-Prime,Diamond,3,25.78,8.59,33.33,1,Automotive,1,2.1,25,4,9,Alexa,Debit Card,36.78,27,3,146,30.92,0.0281,Dissatisfied,Inactive User
AMZ-101724,29,Male,Middle East,2019,6,Non-Prime,Platinum,6,102.25,17.04,33.33,2,Grocery,9,2.1,32,5,17,Tablet,Gift Card,4.88,10,1,98,135.51,0.4987,Satisfied,Occasional Buyer
AMZ-101725,20,Male,East Asia,2015,10,Non-Prime,Diamond,34,7274.37,213.95,5.88,2,Clothing,7,3.8,42,11,87,Smart TV,Gift Card,16.89,24,2,174,7347.13,0.9734,Very Satisfied,Premium Spender
AMZ-101726,44,Male,Europe,2016,9,Prime,Platinum,17,564.73,33.22,41.18,7,Home & Kitchen,6,3.4,7,93,218,Desktop,Debit Card,28.0,18,2,304,652.8,0.1164,Dissatisfied,Bargain Hunter
AMZ-101727,53,Non-Binary,East Asia,2019,6,Prime,Gold,5,172.9,34.58,40.0,2,Beauty,6,2.5,17,2,44,Smart TV,Gift Card,12.09,37,2,180,202.88,0.9701,Satisfied,Occasional Buyer
AMZ-101728,61,Male,East Asia,2017,8,Non-Prime,Gold,2,73.74,36.87,0.0,0,Home & Kitchen,5,2.0,4,2,5,Tablet,Net Banking,53.37,35,0,103,84.94,0.8559,Neutral,Inactive User
AMZ-101729,62,Non-Binary,North America,2020,5,Prime,Silver,28,399.14,14.25,32.14,9,Sports,1,4.3,42,69,196,Alexa,UPI,62.99,1,4,15,557.79,0.0447,Satisfied,Bargain Hunter
AMZ-101730,23,Male,Southeast Asia,2019,6,Non-Prime,Gold,2,39.64,19.82,50.0,1,Home & Kitchen,8,2.8,14,0,0,Tablet,Cash on Delivery,30.61,29,1,75,41.96,0.2185,Dissatisfied,Inactive User
AMZ-101731,32,Male,Latin America,2021,4,Non-Prime,Diamond,73,2909.94,39.86,2.74,2,Clothing,1,4.6,14,31,147,Mobile,UPI,75.45,35,0,355,3002.46,0.8949,Very Satisfied,Loyal Shopper
AMZ-101732,55,Female,North America,2016,9,Non-Prime,Gold,11,348.89,31.72,9.09,1,Books,5,2.7,33,14,41,Desktop,UPI,47.11,22,2,190,376.09,0.4628,Satisfied,Occasional Buyer
AMZ-101733,62,Male,South Asia,2022,3,Prime,Diamond,7,99.08,14.15,14.29,1,Automotive,7,3.2,9,8,38,Mobile,UPI,79.8,16,1,318,143.03,0.2451,Neutral,Occasional Buyer
AMZ-101734,61,Non-Binary,North America,2021,4,Prime,Diamond,26,330.38,12.71,34.62,9,Books,7,4.0,9,24,109,Smart TV,Credit Card,60.08,36,3,456,435.12,0.739,Satisfied,Bargain Hunter
AMZ-101735,49,Male,Middle East,2020,5,Non-Prime,Gold,27,13606.13,503.93,3.7,1,Office,2,4.7,20,15,108,Smart TV,Amazon Pay,76.94,23,4,26,16049.59,0.8562,Satisfied,Premium Spender
AMZ-101736,27,Non-Binary,Southeast Asia,2019,6,Prime,Diamond,4,49.95,12.49,25.0,1,Home & Kitchen,4,1.9,3,0,18,Alexa,Cash on Delivery,28.27,25,3,527,58.05,0.7436,Dissatisfied,Inactive User
AMZ-101737,38,Male,Europe,2015,10,Prime,Platinum,2,20.19,10.1,50.0,1,Automotive,8,2.4,27,2,11,Desktop,Amazon Pay,7.67,31,2,15,25.41,0.6852,Very Dissatisfied,Inactive User
AMZ-101738,21,Non-Binary,Europe,2019,6,Non-Prime,Platinum,2,61.87,30.93,50.0,1,Sports,7,2.9,26,3,2,Alexa,Debit Card,7.56,36,4,426,82.08,0.4711,Very Dissatisfied,Inactive User
AMZ-101739,42,Non-Binary,Middle East,2019,6,Non-Prime,Platinum,14,67.65,4.83,7.14,1,Automotive,1,2.9,16,10,37,Mobile,Cash on Delivery,79.38,24,0,310,75.99,0.7394,Dissatisfied,Occasional Buyer
AMZ-101740,26,Male,Europe,2019,6,Non-Prime,Diamond,23,3462.54,150.55,0.0,0,Automotive,7,3.9,40,31,137,Desktop,Debit Card,15.25,9,2,372,3818.68,0.4928,Satisfied,Loyal Shopper
AMZ-101741,71,Non-Binary,Europe,2022,3,Prime,Diamond,21,538.41,25.64,33.33,7,Beauty,9,4.1,46,34,168,Alexa,Cash on Delivery,44.66,36,3,149,616.62,0.6085,Satisfied,Bargain Hunter
AMZ-101742,40,Male,East Asia,2021,4,Prime,Gold,24,1529.77,63.74,0.0,0,Sports,2,3.7,5,33,136,Alexa,Amazon Pay,14.9,14,0,395,1612.48,0.5469,Very Satisfied,Loyal Shopper
AMZ-101743,61,Female,North America,2022,3,Non-Prime,Platinum,7,398.73,56.96,28.57,2,Office,2,2.7,41,17,36,Desktop,UPI,7.54,0,4,310,596.8,0.6934,Satisfied,Occasional Buyer
AMZ-101744,60,Male,South Asia,2020,5,Prime,Gold,53,1804.28,34.04,0.0,0,Clothing,2,3.7,1,23,76,Alexa,Net Banking,56.68,7,1,327,2071.06,0.7603,Satisfied,Loyal Shopper
AMZ-101745,54,Non-Binary,Southeast Asia,2020,5,Non-Prime,Diamond,75,4918.02,65.57,2.67,2,Sports,3,3.5,32,11,113,Desktop,Amazon Pay,52.74,32,0,127,5318.96,0.7639,Satisfied,Loyal Shopper
AMZ-101746,70,Female,South Asia,2016,9,Prime,Platinum,20,7242.64,362.13,20.0,4,Beauty,2,4.8,27,25,115,Tablet,Gift Card,62.81,5,0,403,8061.47,0.2545,Neutral,Premium Spender
AMZ-101747,42,Non-Binary,Southeast Asia,2018,7,Prime,Silver,4,447.97,111.99,50.0,2,Toys,5,3.7,25,10,44,Mobile,Gift Card,14.96,9,3,405,642.21,0.4186,Dissatisfied,Occasional Buyer
AMZ-101748,37,Male,Southeast Asia,2022,3,Prime,Silver,7,389.85,55.69,28.57,2,Home & Kitchen,8,3.8,23,15,11,Desktop,Net Banking,46.85,39,3,696,461.46,0.8608,Satisfied,Occasional Buyer
AMZ-101749,26,Female,North America,2022,3,Prime,Diamond,11,517.61,47.06,18.18,2,Toys,9,2.6,0,15,27,Tablet,UPI,75.51,15,2,476,717.29,0.2947,Dissatisfied,Occasional Buyer
AMZ-101750,47,Male,East Asia,2019,6,Prime,Diamond,2,78.74,39.37,50.0,1,Sports,2,1.1,20,4,1,Mobile,Credit Card,43.09,11,0,261,89.34,0.9258,Neutral,Inactive User
AMZ-101751,21,Female,Latin America,2021,4,Prime,Diamond,72,4907.15,68.15,0.0,0,Electronics,5,4.7,6,17,133,Smart TV,Net Banking,72.3,14,2,689,5083.86,0.4084,Very Satisfied,Loyal Shopper
AMZ-101752,22,Female,Middle East,2017,8,Non-Prime,Diamond,24,7814.75,325.61,4.17,1,Electronics,4,4.6,12,17,99,Mobile,Credit Card,17.18,32,0,306,10242.62,0.4194,Satisfied,Premium Spender
AMZ-101753,61,Non-Binary,Europe,2020,5,Prime,Platinum,12,333.8,27.82,25.0,3,Books,2,3.5,28,13,37,Smart TV,Debit Card,75.11,12,0,417,382.13,0.5573,Dissatisfied,Occasional Buyer
AMZ-101754,31,Non-Binary,Southeast Asia,2020,5,Prime,Gold,5,211.52,42.3,80.0,4,Office,6,3.0,18,76,146,Tablet,UPI,22.16,3,1,217,292.26,0.7137,Satisfied,Bargain Hunter
AMZ-101755,70,Female,South Asia,2023,2,Prime,Platinum,59,4988.98,84.56,1.69,1,Grocery,3,4.5,40,27,111,Alexa,Cash on Delivery,6.01,28,4,471,5910.08,0.3443,Very Satisfied,Loyal Shopper
AMZ-101756,48,Male,South Asia,2023,2,Prime,Platinum,13,539.55,41.5,15.38,2,Beauty,7,3.9,43,9,10,Smart TV,Net Banking,25.87,4,4,562,761.72,0.8934,Satisfied,Occasional Buyer
AMZ-101757,33,Female,Southeast Asia,2022,3,Prime,Diamond,49,1813.47,37.01,2.04,1,Beauty,4,4.4,34,28,74,Tablet,Debit Card,43.81,39,1,508,1839.94,0.5328,Very Satisfied,Loyal Shopper
AMZ-101758,70,Non-Binary,Latin America,2020,5,Prime,Gold,13,117.11,9.01,15.38,2,Books,8,4.0,8,19,36,Smart TV,Gift Card,56.09,5,0,596,171.49,0.8425,Dissatisfied,Occasional Buyer
AMZ-101759,58,Male,East Asia,2017,8,Non-Prime,Silver,31,10287.7,331.86,6.45,2,Grocery,6,4.2,1,16,44,Tablet,Credit Card,32.96,11,1,616,13586.55,0.0466,Neutral,Premium Spender
AMZ-101760,35,Male,Middle East,2022,3,Prime,Diamond,0,90.13,90.13,100.0,1,Sports,5,1.4,1,4,10,Alexa,Amazon Pay,13.5,26,0,367,114.49,0.2442,Very Dissatisfied,Inactive User
AMZ-101761,65,Male,Middle East,2015,10,Prime,Silver,19,707.98,37.26,31.58,6,Grocery,9,2.7,28,42,137,Desktop,Cash on Delivery,4.11,22,4,535,782.74,0.7957,Dissatisfied,Bargain Hunter
AMZ-101762,51,Non-Binary,Southeast Asia,2023,2,Non-Prime,Gold,3,71.07,23.69,33.33,1,Books,8,2.3,47,4,17,Smart TV,Cash on Delivery,59.42,36,3,54,100.91,0.2527,Dissatisfied,Inactive User
AMZ-101763,28,Female,Latin America,2018,7,Prime,Platinum,14,439.91,31.42,7.14,1,Books,2,3.9,49,5,16,Desktop,Net Banking,56.42,22,3,83,466.17,0.6531,Dissatisfied,Occasional Buyer
AMZ-101764,45,Female,Middle East,2018,7,Non-Prime,Diamond,4,22.18,5.54,25.0,1,Electronics,5,1.8,48,0,15,Smart TV,UPI,75.56,37,3,180,30.11,0.7909,Very Dissatisfied,Inactive User
AMZ-101765,32,Non-Binary,East Asia,2023,2,Prime,Silver,4,338.2,84.55,50.0,2,Electronics,7,2.3,49,8,55,Desktop,Amazon Pay,31.99,28,4,250,478.75,0.3129,Neutral,Occasional Buyer
AMZ-101766,46,Female,East Asia,2018,7,Prime,Platinum,21,8229.58,391.88,14.29,3,Grocery,5,4.4,5,16,51,Smart TV,Net Banking,78.44,31,0,592,8315.32,0.0662,Satisfied,Premium Spender
AMZ-101767,58,Non-Binary,East Asia,2019,6,Non-Prime,Gold,37,2235.94,60.43,5.41,2,Home & Kitchen,1,3.7,48,43,131,Desktop,Debit Card,18.0,39,1,152,2620.1,0.1145,Satisfied,Loyal Shopper
AMZ-101768,64,Male,North America,2017,8,Non-Prime,Silver,3,400.76,133.59,66.67,2,Clothing,9,3.0,49,19,35,Alexa,Amazon Pay,46.18,10,2,423,547.87,0.1311,Neutral,Occasional Buyer
AMZ-101769,20,Female,South Asia,2019,6,Non-Prime,Gold,28,361.8,12.92,21.43,6,Home & Kitchen,9,3.8,19,36,143,Tablet,Debit Card,73.76,19,2,338,402.28,0.9354,Satisfied,Bargain Hunter
AMZ-101770,35,Male,South Asia,2016,9,Prime,Silver,38,12612.03,331.9,0.0,0,Clothing,6,3.9,32,18,72,Smart TV,Credit Card,60.45,14,3,323,17160.47,0.4334,Neutral,Premium Spender
AMZ-101771,31,Female,East Asia,2023,2,Non-Prime,Gold,26,10940.21,420.78,11.54,3,Toys,3,3.8,4,24,76,Mobile,Gift Card,78.29,17,4,376,15877.92,0.4452,Satisfied,Premium Spender
AMZ-101772,51,Male,South Asia,2018,7,Prime,Silver,43,6582.04,153.07,9.3,4,Books,9,4.8,41,25,101,Desktop,UPI,10.63,10,2,658,7371.36,0.1964,Neutral,Premium Spender
AMZ-101773,66,Non-Binary,North America,2015,10,Prime,Gold,4,59.59,14.9,0.0,0,Books,8,2.9,3,1,17,Smart TV,Net Banking,15.02,32,0,649,75.7,0.2495,Neutral,Inactive User
AMZ-101774,67,Non-Binary,Europe,2017,8,Prime,Gold,0,97.25,97.25,100.0,1,Home & Kitchen,4,2.9,40,2,2,Mobile,Cash on Delivery,33.49,11,3,80,101.12,0.02,Very Dissatisfied,Inactive User
AMZ-101775,63,Female,Europe,2022,3,Non-Prime,Silver,3,48.58,16.19,33.33,1,Automotive,4,2.3,42,1,15,Mobile,Credit Card,18.06,18,2,323,64.82,0.426,Very Dissatisfied,Inactive User
AMZ-101776,55,Female,East Asia,2018,7,Prime,Platinum,33,13257.8,401.75,6.06,2,Beauty,7,4.8,24,7,104,Tablet,Cash on Delivery,59.11,12,3,325,17786.9,0.6554,Neutral,Premium Spender
AMZ-101777,37,Non-Binary,Europe,2019,6,Prime,Silver,6,110.02,18.34,33.33,2,Toys,6,4.3,0,56,192,Smart TV,Credit Card,65.42,27,2,619,140.7,0.8088,Satisfied,Bargain Hunter
AMZ-101778,43,Non-Binary,Europe,2017,8,Prime,Gold,2,457.0,228.5,150.0,3,Home & Kitchen,6,3.0,25,11,34,Desktop,UPI,40.94,28,2,279,662.78,0.7801,Satisfied,Occasional Buyer
AMZ-101779,23,Non-Binary,South Asia,2021,4,Prime,Diamond,15,554.29,36.95,33.33,5,Electronics,2,2.9,2,57,181,Mobile,UPI,7.63,37,4,35,610.82,0.1466,Neutral,Bargain Hunter
AMZ-101780,53,Female,Middle East,2019,6,Prime,Gold,31,3853.83,124.32,0.0,0,Toys,5,3.5,24,37,110,Desktop,Debit Card,18.95,18,2,362,4740.46,0.0825,Satisfied,Loyal Shopper
AMZ-101781,70,Non-Binary,East Asia,2023,2,Non-Prime,Gold,2,99.36,49.68,50.0,1,Beauty,1,1.4,41,0,18,Mobile,Cash on Delivery,61.34,25,2,314,139.98,0.3266,Dissatisfied,Inactive User
AMZ-101782,39,Female,South Asia,2015,10,Prime,Diamond,40,4670.69,116.77,2.5,1,Beauty,1,4.9,9,19,126,Tablet,UPI,75.87,39,1,73,6514.93,0.6542,Very Satisfied,Loyal Shopper
AMZ-101783,19,Male,Europe,2016,9,Prime,Diamond,4,270.89,67.72,25.0,1,Electronics,8,2.8,13,8,35,Desktop,Gift Card,39.04,12,4,448,340.96,0.2308,Neutral,Occasional Buyer
AMZ-101784,31,Female,East Asia,2015,10,Non-Prime,Gold,23,658.12,28.61,17.39,4,Clothing,8,3.1,31,24,203,Mobile,Credit Card,46.03,34,2,259,890.41,0.6998,Dissatisfied,Bargain Hunter
AMZ-101785,56,Male,Southeast Asia,2021,4,Prime,Silver,1,358.87,358.87,0.0,0,Automotive,3,2.8,6,10,37,Smart TV,Gift Card,4.12,34,1,396,394.89,0.9002,Neutral,Occasional Buyer
AMZ-101786,63,Male,East Asia,2022,3,Non-Prime,Silver,2,6.44,3.22,50.0,1,Sports,1,1.8,15,0,12,Smart TV,Gift Card,77.67,9,4,648,7.71,0.384,Very Dissatisfied,Inactive User
AMZ-101787,65,Female,Latin America,2022,3,Non-Prime,Platinum,7,367.45,52.49,0.0,0,Office,5,3.0,9,16,59,Mobile,Gift Card,36.71,18,2,570,546.92,0.7289,Neutral,Occasional Buyer
AMZ-101788,59,Non-Binary,South Asia,2020,5,Prime,Gold,16,10827.56,676.72,6.25,1,Grocery,4,4.8,2,9,79,Desktop,Cash on Delivery,2.23,11,2,529,14287.06,0.8775,Very Satisfied,Premium Spender
AMZ-101789,18,Non-Binary,North America,2020,5,Non-Prime,Silver,42,2144.88,51.07,2.38,1,Toys,3,4.8,21,14,139,Tablet,UPI,2.46,16,4,539,2904.55,0.904,Very Satisfied,Loyal Shopper
AMZ-101790,21,Male,Europe,2020,5,Prime,Platinum,19,598.65,31.51,31.58,6,Beauty,4,4.0,46,68,157,Smart TV,Net Banking,57.15,36,3,216,833.3,0.9302,Neutral,Bargain Hunter
AMZ-101791,63,Non-Binary,Middle East,2019,6,Prime,Gold,3,77.61,25.87,33.33,1,Beauty,2,1.1,48,1,5,Smart TV,Amazon Pay,29.36,10,1,216,112.15,0.3229,Neutral,Inactive User
AMZ-101792,52,Non-Binary,East Asia,2015,10,Prime,Silver,59,1527.17,25.88,1.69,1,Home & Kitchen,2,4.3,3,27,122,Desktop,Credit Card,45.72,30,0,227,1890.67,0.5881,Very Satisfied,Loyal Shopper
AMZ-101793,58,Male,South Asia,2018,7,Prime,Platinum,39,4971.71,127.48,5.13,2,Electronics,6,4.6,37,24,109,Alexa,Gift Card,5.66,19,2,726,6281.55,0.5424,Very Satisfied,Loyal Shopper
AMZ-101794,51,Male,Latin America,2017,8,Non-Prime,Diamond,36,14784.91,410.69,8.33,3,Automotive,2,3.9,35,9,74,Desktop,Gift Card,32.05,29,1,255,15124.27,0.6596,Neutral,Premium Spender
AMZ-101795,27,Non-Binary,Southeast Asia,2021,4,Prime,Platinum,3,65.69,21.9,0.0,0,Grocery,4,2.0,30,0,9,Tablet,Amazon Pay,31.04,21,2,692,78.51,0.6799,Very Dissatisfied,Inactive User
AMZ-101796,58,Female,East Asia,2017,8,Prime,Diamond,79,3244.1,41.06,2.53,2,Books,3,4.9,33,21,112,Tablet,Cash on Delivery,20.3,37,0,167,3374.28,0.6054,Satisfied,Loyal Shopper
AMZ-101797,50,Male,East Asia,2020,5,Prime,Diamond,1,92.17,92.17,100.0,1,Electronics,7,1.0,32,4,17,Alexa,Debit Card,41.02,37,4,543,98.98,0.3033,Very Dissatisfied,Inactive User
AMZ-101798,55,Female,East Asia,2022,3,Prime,Silver,24,453.81,18.91,33.33,8,Grocery,9,3.7,35,56,234,Tablet,Debit Card,43.28,7,2,597,651.07,0.1451,Neutral,Bargain Hunter
AMZ-101799,33,Female,Southeast Asia,2017,8,Non-Prime,Silver,4,263.93,65.98,75.0,3,Grocery,7,3.4,39,19,38,Desktop,Gift Card,73.23,0,2,356,294.36,0.8912,Dissatisfied,Occasional Buyer
AMZ-101800,44,Male,East Asia,2015,10,Non-Prime,Gold,0,87.92,87.92,100.0,1,Electronics,3,1.9,11,2,11,Desktop,Net Banking,47.02,13,4,322,115.72,0.5392,Dissatisfied,Inactive User
AMZ-101801,53,Non-Binary,East Asia,2017,8,Prime,Silver,7,563.17,80.45,0.0,0,Grocery,6,3.9,36,10,41,Tablet,UPI,19.4,12,3,560,806.41,0.8249,Satisfied,Occasional Buyer
AMZ-101802,68,Female,South Asia,2023,2,Prime,Gold,52,2669.19,51.33,1.92,1,Office,2,5.0,22,13,107,Desktop,Cash on Delivery,22.9,12,2,7,3905.26,0.7119,Very Satisfied,Loyal Shopper
AMZ-101803,50,Male,Europe,2023,2,Prime,Diamond,68,4287.02,63.04,0.0,0,Sports,4,3.8,22,26,178,Smart TV,UPI,2.36,24,0,43,5616.61,0.8565,Satisfied,Loyal Shopper
AMZ-101804,43,Female,Europe,2017,8,Prime,Platinum,43,5780.17,134.42,4.65,2,Electronics,2,3.0,32,9,86,Mobile,Amazon Pay,59.98,27,4,211,7014.74,0.2867,Neutral,Premium Spender
AMZ-101805,61,Female,South Asia,2019,6,Non-Prime,Silver,3,87.29,29.1,33.33,1,Electronics,5,1.1,12,4,12,Smart TV,Debit Card,57.81,36,3,428,104.52,0.7338,Neutral,Inactive User
AMZ-101806,68,Male,East Asia,2017,8,Prime,Diamond,39,1637.33,41.98,0.0,0,Clothing,6,4.3,40,27,92,Smart TV,Gift Card,71.34,24,3,569,1883.77,0.941,Satisfied,Loyal Shopper
AMZ-101807,62,Male,East Asia,2017,8,Prime,Silver,4,71.16,17.79,0.0,0,Home & Kitchen,1,2.3,14,4,2,Tablet,Debit Card,77.81,10,3,550,86.4,0.1503,Dissatisfied,Inactive User
AMZ-101808,38,Non-Binary,Latin America,2017,8,Non-Prime,Gold,25,6635.89,265.44,16.0,4,Home & Kitchen,5,3.2,24,23,83,Smart TV,Debit Card,28.33,20,3,191,6881.52,0.3629,Satisfied,Premium Spender
AMZ-101809,40,Male,Latin America,2023,2,Prime,Platinum,3,542.64,180.88,100.0,3,Grocery,3,2.6,8,14,55,Mobile,Cash on Delivery,63.64,3,0,472,724.62,0.4103,Dissatisfied,Occasional Buyer
AMZ-101810,47,Male,Latin America,2019,6,Prime,Platinum,4,30.29,7.57,25.0,1,Books,6,1.4,16,4,2,Alexa,Net Banking,46.94,3,1,26,35.21,0.219,Very Dissatisfied,Inactive User
AMZ-101811,68,Male,North America,2022,3,Non-Prime,Platinum,4,6.72,1.68,0.0,0,Sports,2,1.3,47,1,3,Mobile,Gift Card,18.88,25,4,701,9.22,0.9485,Very Dissatisfied,Inactive User
AMZ-101812,48,Non-Binary,Southeast Asia,2022,3,Prime,Gold,14,262.88,18.78,7.14,1,Automotive,5,3.8,44,13,23,Tablet,Debit Card,44.54,21,2,27,308.55,0.4559,Neutral,Occasional Buyer
AMZ-101813,37,Male,Latin America,2017,8,Non-Prime,Platinum,2,55.33,27.66,0.0,0,Home & Kitchen,9,2.6,16,1,1,Smart TV,Cash on Delivery,53.18,12,4,162,59.73,0.3097,Dissatisfied,Inactive User
AMZ-101814,27,Male,Latin America,2017,8,Prime,Platinum,23,11639.28,506.06,13.04,3,Sports,1,3.4,39,9,68,Tablet,Net Banking,30.9,1,3,445,12361.4,0.8086,Neutral,Premium Spender
AMZ-101815,36,Female,Latin America,2023,2,Prime,Platinum,4,14.57,3.64,0.0,0,Books,7,1.6,12,3,5,Mobile,Credit Card,5.42,19,0,276,15.55,0.1845,Very Dissatisfied,Inactive User
AMZ-101816,21,Non-Binary,Southeast Asia,2017,8,Prime,Diamond,43,3410.36,79.31,2.33,1,Sports,3,4.7,44,8,114,Mobile,Cash on Delivery,29.93,31,1,42,3489.54,0.2943,Satisfied,Premium Spender
AMZ-101817,44,Non-Binary,East Asia,2023,2,Non-Prime,Diamond,43,6168.89,143.46,4.65,2,Office,3,3.5,34,20,74,Alexa,Cash on Delivery,5.01,6,2,567,7109.94,0.8114,Very Satisfied,Premium Spender
AMZ-101818,67,Non-Binary,North America,2015,10,Non-Prime,Silver,20,6956.67,347.83,0.0,0,Office,2,4.2,30,19,118,Mobile,Credit Card,53.85,14,1,552,7699.36,0.0169,Satisfied,Premium Spender
AMZ-101819,18,Non-Binary,Latin America,2021,4,Non-Prime,Diamond,38,4189.46,110.25,2.63,1,Toys,4,4.1,24,20,173,Mobile,Amazon Pay,7.28,29,4,351,4331.66,0.3856,Satisfied,Loyal Shopper
AMZ-101820,30,Non-Binary,East Asia,2015,10,Non-Prime,Silver,41,3203.93,78.14,2.44,1,Toys,7,3.4,34,27,97,Smart TV,Net Banking,69.53,11,4,350,4306.38,0.3074,Neutral,Premium Spender
AMZ-101821,66,Non-Binary,South Asia,2023,2,Prime,Platinum,29,607.73,20.96,27.59,8,Books,4,3.5,25,65,180,Tablet,Gift Card,60.32,21,4,342,812.68,0.0035,Neutral,Bargain Hunter
AMZ-101822,57,Female,East Asia,2015,10,Prime,Platinum,8,142.96,17.87,100.0,8,Beauty,8,3.1,20,49,167,Tablet,Debit Card,14.15,0,3,709,159.2,0.7119,Dissatisfied,Bargain Hunter
AMZ-101823,19,Male,Europe,2016,9,Prime,Platinum,13,79.28,6.1,23.08,3,Clothing,5,2.5,30,15,40,Desktop,UPI,20.29,10,0,465,112.2,0.2323,Dissatisfied,Occasional Buyer
AMZ-101824,46,Female,Latin America,2022,3,Prime,Platinum,4,4.57,1.14,0.0,0,Clothing,7,2.6,37,4,1,Smart TV,Cash on Delivery,26.1,16,0,34,6.23,0.898,Neutral,Inactive User
AMZ-101825,45,Female,Middle East,2019,6,Non-Prime,Gold,7,631.45,90.21,114.29,8,Beauty,1,3.6,26,28,144,Tablet,Credit Card,63.07,39,1,496,772.25,0.4278,Satisfied,Bargain Hunter
AMZ-101826,71,Female,Europe,2020,5,Non-Prime,Diamond,14,230.27,16.45,14.29,2,Clothing,7,3.8,24,30,143,Smart TV,Debit Card,65.44,35,1,531,308.07,0.2146,Dissatisfied,Bargain Hunter
AMZ-101827,44,Female,Europe,2023,2,Prime,Diamond,2,337.26,168.63,0.0,0,Beauty,8,3.1,5,13,19,Desktop,Debit Card,35.48,23,2,35,490.54,0.8901,Satisfied,Occasional Buyer
AMZ-101828,18,Male,South Asia,2018,7,Non-Prime,Platinum,8,455.62,56.95,12.5,1,Grocery,6,3.3,31,2,42,Alexa,Amazon Pay,24.72,36,4,694,500.16,0.9626,Neutral,Occasional Buyer
AMZ-101829,70,Male,Southeast Asia,2021,4,Non-Prime,Silver,2,11.08,5.54,50.0,1,Home & Kitchen,2,2.6,1,1,8,Mobile,Credit Card,52.41,1,3,508,16.51,0.431,Neutral,Inactive User
AMZ-101830,51,Female,East Asia,2018,7,Prime,Gold,2,33.31,16.66,0.0,0,Beauty,7,2.1,31,3,0,Alexa,Amazon Pay,70.46,27,3,32,37.12,0.2037,Neutral,Inactive User
AMZ-101831,53,Female,North America,2022,3,Non-Prime,Platinum,44,6868.04,156.09,4.55,2,Office,9,4.4,39,25,67,Alexa,Credit Card,76.59,0,4,372,8314.05,0.0497,Satisfied,Premium Spender
AMZ-101832,43,Female,East Asia,2023,2,Prime,Gold,3,139.37,46.46,66.67,2,Grocery,2,3.9,1,6,13,Desktop,Net Banking,28.52,21,2,546,159.04,0.0843,Neutral,Occasional Buyer
AMZ-101833,54,Female,South Asia,2020,5,Non-Prime,Gold,9,157.23,17.47,11.11,1,Home & Kitchen,3,3.0,28,13,11,Desktop,Gift Card,41.1,19,4,698,180.44,0.8481,Neutral,Occasional Buyer
AMZ-101834,24,Male,Europe,2020,5,Prime,Silver,38,3710.97,97.66,0.0,0,Office,5,3.6,12,29,172,Smart TV,Cash on Delivery,32.81,9,1,373,4340.92,0.9427,Very Satisfied,Loyal Shopper
AMZ-101835,26,Non-Binary,Middle East,2018,7,Non-Prime,Gold,30,3939.89,131.33,3.33,1,Toys,3,4.4,2,9,91,Desktop,Cash on Delivery,6.3,6,1,24,4245.3,0.6244,Neutral,Premium Spender
AMZ-101836,18,Female,Latin America,2015,10,Non-Prime,Diamond,4,64.5,16.12,0.0,0,Sports,8,3.0,12,4,16,Tablet,Cash on Delivery,36.38,15,1,454,87.63,0.2,Neutral,Inactive User
AMZ-101837,61,Female,Europe,2016,9,Prime,Platinum,4,409.07,102.27,50.0,2,Grocery,9,2.3,6,5,10,Tablet,Credit Card,49.1,23,4,66,485.04,0.6856,Dissatisfied,Occasional Buyer
AMZ-101838,27,Non-Binary,South Asia,2017,8,Non-Prime,Gold,20,3939.26,196.96,5.0,1,Books,9,4.7,22,47,71,Alexa,Net Banking,37.17,21,0,338,4354.57,0.5588,Satisfied,Loyal Shopper
AMZ-101839,22,Female,North America,2022,3,Non-Prime,Gold,33,12855.2,389.55,6.06,2,Beauty,8,3.4,26,9,45,Alexa,Cash on Delivery,5.79,37,4,465,18827.54,0.2747,Very Satisfied,Premium Spender
AMZ-101840,64,Female,Middle East,2018,7,Prime,Diamond,65,1204.06,18.52,3.08,2,Office,2,4.6,45,20,170,Smart TV,Gift Card,47.49,5,1,178,1211.65,0.2982,Satisfied,Loyal Shopper
AMZ-101841,29,Male,South Asia,2022,3,Prime,Diamond,4,71.28,17.82,25.0,1,Grocery,9,1.1,34,1,17,Mobile,Amazon Pay,13.3,25,0,720,79.49,0.493,Very Dissatisfied,Inactive User
AMZ-101842,63,Male,North America,2023,2,Non-Prime,Platinum,16,14222.29,888.89,0.0,0,Books,5,3.7,12,9,76,Tablet,UPI,43.48,23,2,704,19837.51,0.9723,Very Satisfied,Premium Spender
AMZ-101843,67,Male,Latin America,2018,7,Non-Prime,Diamond,1,449.13,449.13,0.0,0,Toys,7,2.9,10,18,34,Desktop,Gift Card,77.16,2,0,191,549.26,0.0814,Satisfied,Occasional Buyer
AMZ-101844,54,Female,Middle East,2018,7,Non-Prime,Platinum,58,1126.61,19.42,3.45,2,Beauty,8,4.8,41,13,154,Desktop,UPI,45.58,8,1,337,1668.72,0.4323,Satisfied,Loyal Shopper
AMZ-101845,45,Male,East Asia,2016,9,Non-Prime,Platinum,0,64.83,64.83,0.0,0,Electronics,8,2.4,3,4,18,Alexa,Credit Card,64.46,15,3,85,83.0,0.0737,Very Dissatisfied,Inactive User
AMZ-101846,56,Male,East Asia,2023,2,Prime,Silver,8,353.98,44.25,0.0,0,Grocery,3,3.7,37,16,30,Smart TV,Net Banking,68.62,21,3,388,388.75,0.8044,Satisfied,Occasional Buyer
AMZ-101847,21,Male,Middle East,2020,5,Prime,Gold,34,2122.58,62.43,2.94,1,Electronics,2,4.8,8,34,65,Smart TV,Net Banking,12.34,3,1,62,3143.31,0.7642,Very Satisfied,Loyal Shopper
AMZ-101848,37,Male,North America,2017,8,Prime,Diamond,26,760.98,29.27,26.92,7,Toys,7,2.7,31,26,98,Smart TV,Net Banking,32.85,21,3,145,893.67,0.1989,Satisfied,Bargain Hunter
AMZ-101849,61,Female,South Asia,2019,6,Prime,Platinum,45,9937.1,220.82,2.22,1,Beauty,3,4.9,43,16,73,Desktop,Net Banking,52.2,0,1,287,14485.44,0.9024,Satisfied,Premium Spender
AMZ-101850,62,Female,North America,2021,4,Prime,Platinum,45,13906.22,309.03,2.22,1,Toys,8,3.9,28,5,62,Desktop,Debit Card,15.4,38,0,21,15046.6,0.9408,Neutral,Premium Spender
AMZ-101851,44,Non-Binary,North America,2018,7,Prime,Diamond,8,302.35,37.79,25.0,2,Books,9,2.3,38,8,36,Alexa,Amazon Pay,26.71,0,4,124,364.28,0.5641,Satisfied,Occasional Buyer
AMZ-101852,30,Male,Middle East,2020,5,Prime,Platinum,22,533.38,24.24,40.91,9,Books,5,3.5,20,88,105,Desktop,Credit Card,77.81,22,4,332,533.67,0.5302,Dissatisfied,Bargain Hunter
AMZ-101853,44,Male,Europe,2023,2,Prime,Platinum,2,31.67,15.84,50.0,1,Electronics,8,2.2,19,3,17,Alexa,UPI,21.11,33,0,342,33.51,0.0926,Dissatisfied,Inactive User
AMZ-101854,51,Male,South Asia,2015,10,Non-Prime,Diamond,5,343.23,68.65,0.0,0,Clothing,9,3.5,25,4,52,Alexa,Debit Card,77.33,22,3,555,444.17,0.9485,Neutral,Occasional Buyer
AMZ-101855,69,Non-Binary,South Asia,2018,7,Non-Prime,Platinum,4,406.73,101.68,75.0,3,Office,5,3.2,20,8,53,Desktop,Gift Card,3.62,4,4,341,496.25,0.6702,Neutral,Occasional Buyer
AMZ-101856,36,Female,North America,2017,8,Non-Prime,Silver,34,4784.16,140.71,2.94,1,Grocery,8,3.8,41,13,105,Mobile,Cash on Delivery,78.27,24,2,585,6687.08,0.4483,Very Satisfied,Loyal Shopper
AMZ-101857,20,Male,Europe,2022,3,Non-Prime,Gold,7,451.13,64.45,14.29,1,Office,6,3.7,37,12,18,Alexa,Debit Card,1.95,24,3,341,536.83,0.0448,Dissatisfied,Occasional Buyer
AMZ-101858,40,Male,Middle East,2018,7,Prime,Platinum,13,679.43,52.26,23.08,3,Automotive,2,3.3,17,96,173,Alexa,Cash on Delivery,34.43,2,1,29,935.55,0.7794,Satisfied,Bargain Hunter
AMZ-101859,59,Male,Latin America,2023,2,Non-Prime,Silver,41,11560.57,281.97,9.76,4,Beauty,6,3.3,37,11,45,Desktop,Amazon Pay,2.07,28,0,256,14099.44,0.1465,Neutral,Premium Spender
AMZ-101860,25,Female,South Asia,2021,4,Prime,Silver,27,4742.27,175.64,7.41,2,Beauty,9,3.7,25,33,102,Mobile,Gift Card,61.85,14,2,399,6188.73,0.9809,Very Satisfied,Loyal Shopper
AMZ-101861,34,Non-Binary,North America,2016,9,Non-Prime,Platinum,2,80.64,40.32,0.0,0,Grocery,1,2.1,2,2,15,Alexa,UPI,9.22,23,1,496,110.11,0.7869,Dissatisfied,Inactive User
AMZ-101862,66,Female,East Asia,2018,7,Non-Prime,Gold,0,18.95,18.95,0.0,0,Sports,7,2.7,2,0,16,Tablet,Debit Card,67.09,33,2,182,24.54,0.0469,Neutral,Inactive User
AMZ-101863,38,Female,Latin America,2019,6,Prime,Diamond,30,6091.94,203.06,10.0,3,Toys,2,3.1,37,18,40,Smart TV,Credit Card,63.45,13,1,681,8617.82,0.7377,Satisfied,Premium Spender
AMZ-101864,54,Female,North America,2020,5,Prime,Diamond,47,3355.01,71.38,6.38,3,Office,6,4.3,41,19,55,Smart TV,Amazon Pay,55.71,29,1,120,4520.74,0.8095,Satisfied,Premium Spender
AMZ-101865,63,Non-Binary,Latin America,2017,8,Prime,Silver,29,6307.07,217.49,0.0,0,Home & Kitchen,7,4.1,23,14,75,Mobile,Amazon Pay,72.34,9,4,340,8346.6,0.5406,Neutral,Premium Spender
AMZ-101866,32,Non-Binary,Middle East,2020,5,Prime,Platinum,1,79.0,79.0,0.0,0,Electronics,1,1.8,25,1,19,Alexa,Credit Card,40.17,11,1,589,80.35,0.1475,Neutral,Inactive User
AMZ-101867,58,Female,South Asia,2017,8,Prime,Silver,29,153.35,5.29,6.9,2,Toys,7,3.8,22,95,156,Alexa,UPI,55.13,10,3,665,162.98,0.0966,Satisfied,Bargain Hunter
AMZ-101868,57,Non-Binary,Latin America,2016,9,Prime,Gold,55,1397.57,25.41,3.64,2,Books,1,4.7,2,31,135,Smart TV,Debit Card,38.7,33,3,258,1836.81,0.9516,Satisfied,Loyal Shopper
AMZ-101869,45,Male,Latin America,2020,5,Prime,Diamond,48,4777.55,99.53,0.0,0,Home & Kitchen,1,4.5,35,33,118,Alexa,Net Banking,36.97,22,1,617,4835.22,0.2499,Satisfied,Loyal Shopper
AMZ-101870,26,Male,Southeast Asia,2019,6,Prime,Silver,3,56.35,18.78,33.33,1,Sports,8,1.7,32,0,1,Mobile,Debit Card,23.47,17,4,206,75.1,0.9343,Dissatisfied,Inactive User
AMZ-101871,28,Female,East Asia,2022,3,Prime,Platinum,4,426.85,106.71,25.0,1,Toys,3,2.5,16,15,33,Mobile,Debit Card,15.4,20,3,633,457.13,0.7928,Neutral,Occasional Buyer
AMZ-101872,46,Non-Binary,Latin America,2020,5,Prime,Diamond,62,3742.94,60.37,3.23,2,Office,5,4.8,10,46,147,Tablet,Debit Card,21.67,39,2,563,5225.62,0.642,Very Satisfied,Loyal Shopper
AMZ-101873,36,Non-Binary,North America,2023,2,Prime,Diamond,7,231.69,33.1,0.0,0,Toys,7,3.7,4,18,30,Tablet,Cash on Delivery,24.19,9,2,606,335.95,0.7897,Dissatisfied,Occasional Buyer
AMZ-101874,52,Female,Middle East,2019,6,Prime,Diamond,67,4325.16,64.55,2.99,2,Electronics,5,4.7,24,25,164,Smart TV,Debit Card,39.37,26,0,548,6260.32,0.4535,Satisfied,Loyal Shopper
AMZ-101875,58,Non-Binary,North America,2017,8,Prime,Gold,78,2963.79,38.0,1.28,1,Automotive,2,4.3,43,13,148,Mobile,Debit Card,50.18,25,2,154,3776.0,0.8568,Very Satisfied,Loyal Shopper
AMZ-101876,42,Male,Latin America,2020,5,Prime,Diamond,1,42.75,42.75,100.0,1,Sports,3,1.1,2,0,16,Alexa,Amazon Pay,38.59,34,1,540,64.06,0.7311,Very Dissatisfied,Inactive User
AMZ-101877,30,Female,North America,2015,10,Prime,Diamond,13,559.71,43.05,15.38,2,Home & Kitchen,9,2.8,42,3,26,Mobile,UPI,71.4,14,1,623,660.74,0.844,Satisfied,Occasional Buyer
AMZ-101878,39,Male,Middle East,2015,10,Prime,Diamond,25,10494.69,419.79,4.0,1,Automotive,2,3.2,25,29,106,Mobile,Credit Card,58.5,39,4,458,11004.05,0.1206,Satisfied,Premium Spender
AMZ-101879,61,Female,South Asia,2019,6,Prime,Silver,49,4912.09,100.25,0.0,0,Home & Kitchen,6,4.4,25,34,177,Smart TV,UPI,29.41,13,0,537,6980.97,0.4712,Very Satisfied,Loyal Shopper
AMZ-101880,65,Non-Binary,South Asia,2022,3,Prime,Silver,10,427.8,42.78,10.0,1,Grocery,3,3.5,14,18,40,Desktop,Cash on Delivery,20.8,37,0,590,598.28,0.4421,Dissatisfied,Occasional Buyer
AMZ-101881,49,Male,Middle East,2020,5,Prime,Gold,27,4069.12,150.71,7.41,2,Beauty,9,4.8,1,22,124,Tablet,Debit Card,34.48,24,4,300,4732.64,0.9565,Satisfied,Loyal Shopper
AMZ-101882,49,Male,Latin America,2018,7,Prime,Diamond,7,599.6,85.66,14.29,1,Toys,1,3.7,17,1,49,Desktop,Amazon Pay,43.52,5,0,182,753.43,0.5362,Dissatisfied,Occasional Buyer
AMZ-101883,64,Male,South Asia,2016,9,Non-Prime,Gold,0,26.5,26.5,0.0,0,Beauty,5,1.8,23,0,15,Smart TV,Credit Card,36.66,20,1,548,31.86,0.932,Dissatisfied,Inactive User
AMZ-101884,23,Male,Middle East,2016,9,Non-Prime,Platinum,44,13212.32,300.28,0.0,0,Grocery,2,4.9,49,16,54,Desktop,Debit Card,9.11,37,3,334,16184.69,0.2424,Satisfied,Premium Spender
AMZ-101885,66,Male,North America,2018,7,Non-Prime,Silver,0,16.36,16.36,0.0,0,Toys,5,1.6,4,1,11,Alexa,UPI,51.35,38,4,585,19.48,0.1758,Very Dissatisfied,Inactive User
AMZ-101886,40,Non-Binary,South Asia,2023,2,Non-Prime,Platinum,8,151.83,18.98,50.0,4,Beauty,3,3.0,0,51,236,Mobile,Debit Card,18.65,27,4,332,182.75,0.5342,Dissatisfied,Bargain Hunter
AMZ-101887,41,Male,North America,2019,6,Prime,Silver,27,227.82,8.44,22.22,6,Office,8,3.9,1,38,110,Mobile,Cash on Delivery,41.25,33,2,150,327.63,0.8443,Dissatisfied,Bargain Hunter
AMZ-101888,31,Male,East Asia,2015,10,Prime,Silver,38,12988.07,341.79,10.53,4,Office,9,3.4,4,21,93,Alexa,Credit Card,3.19,29,3,701,18017.13,0.3674,Very Satisfied,Premium Spender
AMZ-101889,62,Female,Middle East,2022,3,Non-Prime,Diamond,24,684.18,28.51,29.17,7,Sports,3,3.0,38,88,131,Alexa,Gift Card,78.68,5,1,553,716.83,0.7338,Dissatisfied,Bargain Hunter
AMZ-101890,33,Male,Latin America,2015,10,Prime,Platinum,39,14901.34,382.09,5.13,2,Beauty,1,4.2,40,15,78,Smart TV,Gift Card,71.52,31,2,457,18377.87,0.559,Very Satisfied,Premium Spender
AMZ-101891,64,Non-Binary,Europe,2020,5,Prime,Gold,46,4515.2,98.16,2.17,1,Sports,4,4.8,7,41,174,Desktop,Gift Card,36.75,6,2,336,5196.61,0.6608,Satisfied,Loyal Shopper
AMZ-101892,20,Female,Latin America,2019,6,Prime,Diamond,9,69.34,7.7,0.0,0,Sports,6,2.9,29,5,14,Desktop,Credit Card,69.63,12,3,709,93.05,0.0766,Neutral,Occasional Buyer
AMZ-101893,69,Non-Binary,Middle East,2015,10,Prime,Diamond,44,12195.58,277.17,2.27,1,Clothing,9,4.1,32,13,72,Tablet,Debit Card,0.12,31,4,709,12362.17,0.0032,Neutral,Premium Spender
AMZ-101894,26,Female,Southeast Asia,2022,3,Non-Prime,Diamond,30,14438.1,481.27,13.33,4,Automotive,3,3.7,41,8,99,Smart TV,Gift Card,8.5,30,2,705,15186.57,0.5196,Neutral,Premium Spender
AMZ-101895,43,Female,Latin America,2020,5,Prime,Gold,9,124.38,13.82,33.33,3,Grocery,6,2.6,44,12,55,Desktop,Debit Card,78.87,39,4,605,129.95,0.3004,Dissatisfied,Occasional Buyer
AMZ-101896,71,Non-Binary,South Asia,2019,6,Non-Prime,Platinum,31,1967.29,63.46,3.23,1,Automotive,8,4.3,10,24,156,Alexa,Cash on Delivery,28.33,32,1,184,2010.33,0.8567,Very Satisfied,Loyal Shopper
AMZ-101897,67,Non-Binary,Europe,2017,8,Prime,Diamond,31,3101.57,100.05,9.68,3,Clothing,8,4.9,23,28,51,Smart TV,Credit Card,72.66,15,2,378,3752.35,0.3569,Neutral,Premium Spender
AMZ-101898,27,Female,Europe,2018,7,Non-Prime,Diamond,4,3.44,0.86,0.0,0,Electronics,9,2.6,47,1,9,Desktop,Debit Card,57.18,24,0,5,4.95,0.0629,Neutral,Inactive User
AMZ-101899,23,Male,Latin America,2022,3,Prime,Diamond,2,572.33,286.17,150.0,3,Clothing,6,3.1,38,5,28,Smart TV,Credit Card,3.35,25,4,679,729.69,0.3091,Satisfied,Occasional Buyer
AMZ-101900,42,Non-Binary,Latin America,2023,2,Prime,Platinum,58,3483.85,60.07,0.0,0,Office,6,3.7,22,30,93,Desktop,Net Banking,21.46,13,1,29,5001.41,0.17,Satisfied,Loyal Shopper
AMZ-101901,70,Male,South Asia,2017,8,Prime,Platinum,48,4432.6,92.35,2.08,1,Automotive,5,3.3,6,19,112,Desktop,Cash on Delivery,14.49,10,4,47,5103.51,0.4909,Very Satisfied,Premium Spender
AMZ-101902,65,Female,Middle East,2023,2,Non-Prime,Silver,73,3662.65,50.17,1.37,1,Books,4,4.1,48,40,112,Mobile,Credit Card,74.28,36,1,236,4568.36,0.0417,Satisfied,Loyal Shopper
AMZ-101903,57,Male,Europe,2019,6,Prime,Platinum,7,363.29,51.9,42.86,3,Beauty,7,3.1,45,20,230,Desktop,Net Banking,10.04,22,0,149,413.18,0.8516,Neutral,Bargain Hunter
AMZ-101904,22,Female,East Asia,2020,5,Prime,Platinum,47,3212.92,68.36,2.13,1,Office,5,3.9,8,26,73,Tablet,UPI,67.81,25,4,530,3558.23,0.9158,Very Satisfied,Loyal Shopper
AMZ-101905,28,Female,Latin America,2022,3,Prime,Platinum,46,4338.28,94.31,6.52,3,Sports,2,3.9,18,9,114,Mobile,Cash on Delivery,7.39,16,2,555,6049.07,0.9051,Neutral,Premium Spender
AMZ-101906,27,Male,South Asia,2023,2,Prime,Silver,3,22.12,7.37,33.33,1,Grocery,7,1.5,49,1,9,Alexa,Gift Card,53.67,36,3,114,32.17,0.5933,Dissatisfied,Inactive User
AMZ-101907,18,Non-Binary,Europe,2022,3,Non-Prime,Gold,22,4486.84,203.95,4.55,1,Books,4,4.7,20,46,125,Desktop,Gift Card,22.38,11,2,706,5901.62,0.9416,Satisfied,Loyal Shopper
AMZ-101908,56,Male,Southeast Asia,2020,5,Prime,Diamond,15,489.95,32.66,53.33,8,Automotive,7,2.9,8,58,103,Desktop,Cash on Delivery,48.44,11,4,293,667.62,0.2523,Neutral,Bargain Hunter
AMZ-101909,52,Non-Binary,East Asia,2023,2,Prime,Diamond,8,138.33,17.29,112.5,9,Office,9,3.3,12,77,213,Alexa,Debit Card,22.22,20,4,302,145.34,0.7879,Dissatisfied,Bargain Hunter
AMZ-101910,58,Female,Latin America,2019,6,Non-Prime,Platinum,44,9151.94,208.0,9.09,4,Beauty,2,3.2,21,14,63,Mobile,Amazon Pay,68.47,9,1,391,10722.95,0.8532,Satisfied,Premium Spender
AMZ-101911,40,Male,Middle East,2021,4,Prime,Diamond,25,241.9,9.68,20.0,5,Clothing,3,4.1,15,32,150,Mobile,Cash on Delivery,51.0,6,3,484,354.39,0.0094,Neutral,Bargain Hunter
AMZ-101912,67,Female,Latin America,2015,10,Prime,Platinum,49,4411.07,90.02,4.08,2,Office,8,4.2,12,12,176,Smart TV,Credit Card,79.1,19,4,546,5506.87,0.7666,Satisfied,Loyal Shopper
AMZ-101913,41,Female,South Asia,2017,8,Prime,Platinum,0,31.02,31.02,0.0,0,Home & Kitchen,1,1.1,28,3,7,Alexa,Amazon Pay,6.33,17,4,722,31.17,0.6309,Neutral,Inactive User
AMZ-101914,36,Female,Europe,2018,7,Prime,Silver,1,63.15,63.15,0.0,0,Home & Kitchen,4,3.0,46,0,6,Tablet,Amazon Pay,30.16,36,4,24,68.81,0.4928,Dissatisfied,Inactive User
AMZ-101915,21,Female,North America,2016,9,Prime,Diamond,49,13609.97,277.75,6.12,3,Books,4,4.8,30,22,92,Tablet,UPI,75.7,27,0,511,14378.14,0.1435,Neutral,Premium Spender
AMZ-101916,62,Non-Binary,North America,2023,2,Non-Prime,Silver,13,765.89,58.91,61.54,8,Sports,3,3.2,42,30,119,Smart TV,Debit Card,76.0,23,4,676,968.3,0.844,Neutral,Bargain Hunter
AMZ-101917,26,Female,North America,2017,8,Non-Prime,Platinum,37,8252.87,223.05,0.0,0,Toys,8,4.3,46,19,91,Tablet,Amazon Pay,33.13,33,0,592,8724.04,0.719,Neutral,Premium Spender
AMZ-101918,22,Female,Latin America,2023,2,Prime,Gold,2,72.88,36.44,0.0,0,Beauty,3,1.5,26,4,17,Tablet,UPI,74.21,6,1,205,105.04,0.9897,Very Dissatisfied,Inactive User
AMZ-101919,37,Female,Europe,2018,7,Prime,Diamond,50,2092.16,41.84,2.0,1,Books,8,4.1,21,32,122,Tablet,Cash on Delivery,58.15,16,2,56,2607.3,0.2699,Satisfied,Loyal Shopper
AMZ-101920,44,Male,East Asia,2017,8,Prime,Silver,0,28.9,28.9,100.0,1,Home & Kitchen,9,3.0,16,0,11,Mobile,Debit Card,57.88,25,4,512,29.06,0.4756,Dissatisfied,Inactive User
AMZ-101921,65,Male,Middle East,2021,4,Prime,Silver,9,555.88,61.76,0.0,0,Books,7,2.4,37,14,37,Mobile,Net Banking,5.79,17,4,219,765.94,0.3215,Neutral,Occasional Buyer
AMZ-101922,27,Female,East Asia,2022,3,Non-Prime,Silver,14,321.5,22.96,57.14,8,Clothing,2,4.0,37,39,194,Alexa,Net Banking,55.28,6,4,511,341.15,0.4252,Dissatisfied,Bargain Hunter
AMZ-101923,30,Female,East Asia,2022,3,Non-Prime,Silver,15,12654.09,843.61,6.67,1,Office,2,4.2,13,16,46,Mobile,Credit Card,77.76,37,4,309,17439.92,0.7348,Very Satisfied,Premium Spender
AMZ-101924,35,Non-Binary,North America,2019,6,Prime,Silver,32,3070.7,95.96,3.12,1,Books,5,3.8,6,37,77,Mobile,Gift Card,20.65,34,3,51,4525.04,0.7476,Very Satisfied,Loyal Shopper
AMZ-101925,39,Male,Latin America,2018,7,Prime,Diamond,63,3313.73,52.6,0.0,0,Beauty,1,4.3,32,48,68,Alexa,Debit Card,45.39,23,4,479,4346.15,0.3109,Very Satisfied,Loyal Shopper
AMZ-101926,71,Non-Binary,Southeast Asia,2020,5,Non-Prime,Gold,48,5537.66,115.37,2.08,1,Automotive,4,3.6,1,12,87,Tablet,Net Banking,20.58,21,4,645,6448.91,0.4718,Satisfied,Premium Spender
AMZ-101927,36,Female,South Asia,2018,7,Non-Prime,Silver,0,25.77,25.77,0.0,0,Books,1,1.6,20,3,11,Desktop,Debit Card,31.53,8,1,327,28.46,0.3342,Dissatisfied,Inactive User
AMZ-101928,68,Non-Binary,Middle East,2017,8,Prime,Silver,10,144.02,14.4,20.0,2,Books,8,3.1,4,17,56,Desktop,Debit Card,49.95,36,3,104,209.25,0.695,Neutral,Occasional Buyer
AMZ-101929,46,Male,Southeast Asia,2023,2,Non-Prime,Platinum,3,555.91,185.3,66.67,2,Office,6,3.2,41,11,56,Smart TV,UPI,5.58,34,0,555,573.88,0.0911,Neutral,Occasional Buyer
AMZ-101930,36,Female,Europe,2022,3,Prime,Gold,4,75.98,19.0,25.0,1,Grocery,8,2.2,43,6,49,Mobile,Net Banking,75.14,22,4,506,105.63,0.7132,Neutral,Occasional Buyer
AMZ-101931,57,Male,North America,2017,8,Prime,Silver,5,418.46,83.69,40.0,2,Automotive,5,2.5,46,17,20,Tablet,Net Banking,24.1,23,2,420,557.91,0.9377,Dissatisfied,Occasional Buyer
AMZ-101932,64,Female,North America,2019,6,Non-Prime,Diamond,16,572.2,35.76,50.0,8,Electronics,6,4.2,47,57,166,Mobile,Amazon Pay,35.75,36,0,15,638.0,0.7568,Dissatisfied,Bargain Hunter
AMZ-101933,40,Non-Binary,Latin America,2022,3,Non-Prime,Silver,3,29.52,9.84,33.33,1,Office,4,2.3,15,0,2,Tablet,Net Banking,65.4,16,1,707,43.37,0.6602,Very Dissatisfied,Inactive User
AMZ-101934,67,Female,Latin America,2018,7,Prime,Platinum,13,433.85,33.37,0.0,0,Automotive,6,2.1,28,13,31,Tablet,Cash on Delivery,52.13,19,2,467,618.98,0.1956,Dissatisfied,Occasional Buyer
AMZ-101935,33,Non-Binary,Latin America,2018,7,Prime,Gold,32,12095.94,378.0,12.5,4,Office,6,4.2,16,26,91,Desktop,Credit Card,13.65,17,3,41,14275.82,0.5207,Neutral,Premium Spender
AMZ-101936,36,Female,Southeast Asia,2023,2,Prime,Diamond,12,284.69,23.72,8.33,1,Automotive,4,3.3,32,2,43,Smart TV,Gift Card,33.32,29,1,615,413.08,0.902,Dissatisfied,Occasional Buyer
AMZ-101937,34,Non-Binary,East Asia,2023,2,Prime,Diamond,22,3610.52,164.11,4.55,1,Electronics,8,3.9,4,49,65,Desktop,Cash on Delivery,27.91,34,1,129,4470.7,0.4421,Very Satisfied,Loyal Shopper
AMZ-101938,38,Non-Binary,South Asia,2018,7,Prime,Platinum,1,519.75,519.75,0.0,0,Electronics,8,3.9,17,7,48,Smart TV,Cash on Delivery,29.95,5,2,301,586.28,0.3673,Dissatisfied,Occasional Buyer
AMZ-101939,39,Non-Binary,South Asia,2016,9,Prime,Silver,35,3774.49,107.84,5.71,2,Electronics,9,3.5,10,15,101,Smart TV,Gift Card,79.44,12,3,17,4572.34,0.76,Very Satisfied,Loyal Shopper
AMZ-101940,32,Female,South Asia,2015,10,Prime,Diamond,71,3352.27,47.22,0.0,0,Toys,2,4.2,10,42,60,Desktop,Amazon Pay,68.6,18,1,111,4842.4,0.1993,Satisfied,Loyal Shopper
AMZ-101941,45,Male,South Asia,2016,9,Prime,Diamond,3,31.12,10.37,33.33,1,Toys,4,1.0,49,3,12,Smart TV,Cash on Delivery,49.22,29,0,192,37.88,0.6926,Very Dissatisfied,Inactive User
AMZ-101942,69,Non-Binary,North America,2023,2,Prime,Silver,43,2668.67,62.06,4.65,2,Books,9,4.4,16,22,153,Tablet,Net Banking,22.05,10,1,592,2886.88,0.0596,Satisfied,Loyal Shopper
AMZ-101943,63,Female,South Asia,2021,4,Prime,Diamond,34,9932.47,292.13,5.88,2,Home & Kitchen,7,3.6,23,13,107,Smart TV,Gift Card,48.6,37,2,704,14690.87,0.5897,Very Satisfied,Premium Spender
AMZ-101944,25,Non-Binary,South Asia,2021,4,Prime,Platinum,11,266.46,24.22,54.55,6,Office,7,3.3,8,61,152,Smart TV,UPI,71.45,28,2,330,381.19,0.0291,Satisfied,Bargain Hunter
AMZ-101945,35,Male,Middle East,2017,8,Prime,Platinum,12,578.13,48.18,16.67,2,Beauty,1,3.9,3,59,222,Desktop,Amazon Pay,55.22,17,2,92,715.21,0.2757,Dissatisfied,Bargain Hunter
AMZ-101946,62,Male,North America,2022,3,Prime,Platinum,4,91.97,22.99,25.0,1,Toys,9,2.5,39,1,6,Desktop,Debit Card,63.78,21,2,118,119.76,0.2445,Very Dissatisfied,Inactive User
AMZ-101947,23,Male,East Asia,2021,4,Prime,Diamond,2,90.88,45.44,50.0,1,Sports,1,2.6,13,15,15,Alexa,Amazon Pay,40.51,5,3,657,118.3,0.6536,Satisfied,Occasional Buyer
AMZ-101948,22,Non-Binary,South Asia,2016,9,Prime,Platinum,3,81.72,27.24,0.0,0,Office,1,1.2,33,3,1,Desktop,Net Banking,79.85,19,1,460,112.67,0.5582,Very Dissatisfied,Inactive User
AMZ-101949,68,Male,East Asia,2023,2,Prime,Diamond,4,1.75,0.44,0.0,0,Office,8,1.8,18,4,15,Smart TV,Credit Card,53.13,22,4,171,1.8,0.0209,Neutral,Inactive User
AMZ-101950,36,Male,Southeast Asia,2022,3,Prime,Platinum,12,384.98,32.08,16.67,2,Books,2,3.2,10,16,34,Alexa,Gift Card,7.57,22,3,1,444.7,0.4785,Satisfied,Occasional Buyer
AMZ-101951,64,Non-Binary,Europe,2020,5,Prime,Diamond,29,14582.9,502.86,3.45,1,Toys,5,3.9,1,25,53,Desktop,Cash on Delivery,7.83,1,4,572,15651.55,0.7919,Very Satisfied,Premium Spender
AMZ-101952,48,Male,Europe,2019,6,Prime,Diamond,1,484.68,484.68,200.0,2,Home & Kitchen,8,3.4,26,12,15,Desktop,Net Banking,78.57,6,3,416,608.94,0.3067,Satisfied,Occasional Buyer
AMZ-101953,37,Female,East Asia,2021,4,Non-Prime,Diamond,12,284.26,23.69,66.67,8,Grocery,6,3.4,11,55,172,Desktop,Cash on Delivery,38.54,2,1,678,297.5,0.8825,Satisfied,Bargain Hunter
AMZ-101954,71,Female,Europe,2022,3,Non-Prime,Gold,14,185.21,13.23,0.0,0,Home & Kitchen,6,2.8,28,8,15,Alexa,UPI,49.68,33,1,61,250.6,0.2619,Dissatisfied,Occasional Buyer
AMZ-101955,52,Non-Binary,North America,2021,4,Non-Prime,Gold,13,426.82,32.83,38.46,5,Grocery,8,3.5,19,69,228,Alexa,Amazon Pay,18.44,36,2,604,516.47,0.9906,Satisfied,Bargain Hunter
AMZ-101956,20,Female,Latin America,2022,3,Prime,Platinum,51,1890.37,37.07,3.92,2,Sports,4,3.7,28,35,154,Desktop,Debit Card,60.85,9,4,482,2802.27,0.5036,Satisfied,Loyal Shopper
AMZ-101957,57,Male,Latin America,2020,5,Non-Prime,Diamond,6,250.83,41.8,33.33,2,Books,5,3.0,42,3,40,Tablet,Gift Card,54.83,2,1,562,366.49,0.2329,Neutral,Occasional Buyer
AMZ-101958,30,Non-Binary,Southeast Asia,2017,8,Non-Prime,Gold,46,2209.46,48.03,2.17,1,Office,2,4.0,44,19,122,Smart TV,Cash on Delivery,61.2,13,3,504,3158.25,0.0022,Satisfied,Loyal Shopper
AMZ-101959,34,Female,Southeast Asia,2017,8,Prime,Gold,10,596.13,59.61,0.0,0,Office,3,3.1,36,13,14,Smart TV,Amazon Pay,63.77,23,2,416,825.17,0.4567,Neutral,Occasional Buyer
AMZ-101960,43,Female,North America,2020,5,Prime,Silver,70,2093.75,29.91,1.43,1,Beauty,5,4.5,23,48,126,Alexa,Gift Card,3.69,33,3,186,2679.39,0.0964,Very Satisfied,Loyal Shopper
AMZ-101961,60,Female,East Asia,2016,9,Non-Prime,Diamond,3,187.23,62.41,33.33,1,Grocery,8,2.0,12,6,51,Mobile,Net Banking,29.62,18,1,40,217.79,0.5933,Neutral,Occasional Buyer
AMZ-101962,34,Female,Southeast Asia,2022,3,Prime,Platinum,26,8326.03,320.23,7.69,2,Office,2,4.7,41,22,119,Mobile,Net Banking,16.35,20,1,51,10976.51,0.8808,Very Satisfied,Premium Spender
AMZ-101963,47,Non-Binary,East Asia,2023,2,Non-Prime,Silver,1,65.57,65.57,100.0,1,Grocery,9,3.3,32,4,30,Mobile,Net Banking,1.75,24,4,399,68.91,0.301,Dissatisfied,Occasional Buyer
AMZ-101964,44,Male,North America,2021,4,Prime,Gold,74,2447.32,33.07,2.7,2,Books,3,4.7,4,26,170,Alexa,Debit Card,53.0,23,4,100,3435.6,0.8054,Satisfied,Loyal Shopper
AMZ-101965,45,Female,Europe,2018,7,Prime,Silver,45,3474.63,77.21,2.22,1,Toys,7,3.9,3,39,163,Tablet,Cash on Delivery,54.33,34,0,326,4058.95,0.272,Very Satisfied,Loyal Shopper
AMZ-101966,23,Female,Middle East,2018,7,Prime,Diamond,14,575.4,41.1,42.86,6,Toys,3,4.5,28,48,197,Desktop,UPI,0.34,21,1,154,847.22,0.9761,Satisfied,Bargain Hunter
AMZ-101967,27,Female,South Asia,2022,3,Prime,Platinum,21,293.8,13.99,23.81,5,Home & Kitchen,6,3.4,16,36,196,Desktop,Credit Card,31.34,9,0,473,397.65,0.3222,Neutral,Bargain Hunter
AMZ-101968,35,Male,Latin America,2016,9,Non-Prime,Gold,1,85.28,85.28,100.0,1,Automotive,8,2.1,12,3,13,Mobile,Credit Card,66.48,4,4,184,88.89,0.4086,Dissatisfied,Inactive User
AMZ-101969,67,Male,East Asia,2019,6,Prime,Platinum,77,2451.75,31.84,1.3,1,Beauty,3,4.2,25,38,91,Smart TV,Cash on Delivery,12.19,34,4,474,3674.94,0.8731,Very Satisfied,Loyal Shopper
AMZ-101970,48,Non-Binary,East Asia,2016,9,Prime,Diamond,20,9740.51,487.03,0.0,0,Electronics,6,3.0,45,15,68,Smart TV,UPI,6.95,4,2,677,13278.86,0.6617,Satisfied,Premium Spender
AMZ-101971,53,Male,Middle East,2023,2,Prime,Gold,24,157.7,6.57,16.67,4,Home & Kitchen,1,4.0,30,58,144,Alexa,Gift Card,65.11,25,3,486,158.76,0.9004,Neutral,Bargain Hunter
AMZ-101972,28,Non-Binary,North America,2019,6,Non-Prime,Platinum,11,486.23,44.2,45.45,5,Grocery,3,2.7,4,33,158,Desktop,Gift Card,2.54,6,4,526,607.77,0.2127,Satisfied,Bargain Hunter
AMZ-101973,65,Non-Binary,North America,2019,6,Non-Prime,Platinum,54,4167.85,77.18,1.85,1,Sports,7,4.1,2,45,128,Alexa,Amazon Pay,0.67,24,2,51,5145.42,0.0727,Very Satisfied,Loyal Shopper
AMZ-101974,20,Male,East Asia,2023,2,Prime,Platinum,0,23.42,23.42,100.0,1,Beauty,2,1.2,15,1,6,Desktop,Amazon Pay,26.0,0,4,537,33.2,0.4047,Very Dissatisfied,Inactive User
AMZ-101975,36,Male,Latin America,2016,9,Prime,Diamond,12,384.19,32.02,25.0,3,Electronics,3,3.5,5,13,21,Smart TV,UPI,68.9,6,3,502,572.95,0.8493,Dissatisfied,Occasional Buyer
AMZ-101976,65,Male,South Asia,2023,2,Prime,Silver,2,88.88,44.44,0.0,0,Toys,4,2.5,36,2,14,Mobile,Net Banking,14.01,12,3,432,100.49,0.3431,Very Dissatisfied,Inactive User
AMZ-101977,43,Non-Binary,Latin America,2019,6,Non-Prime,Platinum,36,3448.44,95.79,5.56,2,Home & Kitchen,7,3.9,12,40,111,Alexa,Cash on Delivery,27.68,19,1,379,4726.32,0.3781,Very Satisfied,Loyal Shopper
AMZ-101978,32,Female,North America,2015,10,Non-Prime,Gold,3,557.85,185.95,100.0,3,Office,1,3.8,4,16,30,Tablet,Debit Card,1.33,0,3,466,665.67,0.1919,Dissatisfied,Occasional Buyer
AMZ-101979,44,Female,North America,2015,10,Prime,Gold,1,78.0,78.0,100.0,1,Beauty,5,2.8,21,0,8,Desktop,Gift Card,67.49,37,2,171,107.71,0.9582,Dissatisfied,Inactive User
AMZ-101980,68,Female,Southeast Asia,2020,5,Prime,Gold,48,14424.29,300.51,8.33,4,Automotive,2,4.4,12,19,95,Smart TV,UPI,6.49,32,0,167,18604.23,0.7132,Very Satisfied,Premium Spender
AMZ-101981,50,Non-Binary,East Asia,2022,3,Prime,Silver,1,3.39,3.39,100.0,1,Office,9,1.8,21,3,0,Mobile,Credit Card,40.99,17,4,52,3.66,0.6278,Very Dissatisfied,Inactive User
AMZ-101982,44,Male,East Asia,2016,9,Prime,Platinum,27,118.87,4.4,7.41,2,Electronics,7,2.7,35,81,182,Tablet,Gift Card,29.74,9,0,312,170.94,0.527,Dissatisfied,Bargain Hunter
AMZ-101983,31,Non-Binary,South Asia,2021,4,Prime,Silver,27,7682.57,284.54,11.11,3,Beauty,8,4.6,11,10,88,Desktop,Net Banking,10.82,13,0,529,10092.13,0.3044,Very Satisfied,Premium Spender
AMZ-101984,47,Non-Binary,Europe,2015,10,Prime,Platinum,47,3106.02,66.09,0.0,0,Toys,5,3.9,15,29,106,Mobile,Amazon Pay,26.36,37,4,617,3446.95,0.0706,Satisfied,Loyal Shopper
AMZ-101985,31,Female,South Asia,2022,3,Prime,Diamond,5,318.11,63.62,140.0,7,Home & Kitchen,7,4.4,8,77,200,Mobile,Net Banking,43.09,7,2,382,354.81,0.6171,Neutral,Bargain Hunter
AMZ-101986,28,Male,North America,2015,10,Prime,Silver,8,322.88,40.36,25.0,2,Home & Kitchen,6,3.6,28,84,135,Smart TV,Cash on Delivery,31.5,30,2,623,473.77,0.3827,Satisfied,Bargain Hunter
AMZ-101987,57,Non-Binary,Europe,2022,3,Prime,Silver,0,85.33,85.33,100.0,1,Office,1,2.1,38,2,15,Smart TV,Credit Card,9.64,23,3,497,107.75,0.9566,Neutral,Inactive User
AMZ-101988,35,Male,Southeast Asia,2022,3,Non-Prime,Diamond,56,1992.84,35.59,3.57,2,Electronics,3,4.0,5,14,132,Mobile,Gift Card,49.18,25,2,663,2125.59,0.0054,Very Satisfied,Loyal Shopper
AMZ-101989,36,Female,South Asia,2021,4,Prime,Silver,43,12083.27,281.01,2.33,1,Books,5,3.3,19,20,108,Tablet,Net Banking,30.59,26,4,134,14793.36,0.2113,Neutral,Premium Spender
AMZ-101990,32,Female,South Asia,2015,10,Prime,Silver,7,497.38,71.05,28.57,2,Sports,5,3.8,43,13,36,Desktop,Debit Card,18.9,36,0,375,695.27,0.3397,Satisfied,Occasional Buyer
AMZ-101991,60,Non-Binary,North America,2021,4,Non-Prime,Diamond,18,6996.91,388.72,22.22,4,Grocery,7,3.1,21,5,48,Smart TV,Cash on Delivery,41.19,26,0,237,8494.95,0.2386,Satisfied,Premium Spender
AMZ-101992,54,Female,Europe,2021,4,Prime,Platinum,36,3877.62,107.71,2.78,1,Automotive,5,4.6,6,24,152,Smart TV,UPI,47.41,7,0,283,4206.87,0.6491,Very Satisfied,Loyal Shopper
AMZ-101993,56,Non-Binary,Europe,2021,4,Non-Prime,Gold,30,1526.77,50.89,0.0,0,Beauty,8,3.8,35,21,65,Tablet,Gift Card,43.54,27,4,318,1777.97,0.2651,Satisfied,Loyal Shopper
AMZ-101994,71,Female,Southeast Asia,2018,7,Prime,Platinum,56,4643.17,82.91,3.57,2,Clothing,8,4.4,38,28,140,Smart TV,Net Banking,55.49,37,2,126,5359.63,0.0713,Satisfied,Loyal Shopper
AMZ-101995,60,Female,Southeast Asia,2015,10,Prime,Platinum,2,91.54,45.77,0.0,0,Clothing,9,2.0,40,4,6,Tablet,Amazon Pay,30.35,35,1,572,98.33,0.4584,Very Dissatisfied,Inactive User
AMZ-101996,27,Non-Binary,East Asia,2017,8,Non-Prime,Gold,41,14056.09,342.83,7.32,3,Electronics,2,3.5,43,27,86,Tablet,UPI,50.71,25,0,81,14596.27,0.1063,Neutral,Premium Spender
AMZ-101997,67,Non-Binary,Latin America,2020,5,Non-Prime,Gold,51,4107.19,80.53,0.0,0,Office,2,4.2,9,16,122,Desktop,Cash on Delivery,39.9,25,3,681,4913.37,0.6631,Satisfied,Loyal Shopper
AMZ-101998,64,Male,East Asia,2017,8,Prime,Silver,42,3642.56,86.73,4.76,2,Grocery,1,4.5,25,42,67,Alexa,Credit Card,4.71,23,0,25,3822.81,0.8781,Satisfied,Loyal Shopper
AMZ-101999,47,Non-Binary,North America,2022,3,Prime,Gold,3,85.61,28.54,0.0,0,Home & Kitchen,4,1.0,2,0,17,Tablet,Gift Card,25.81,7,2,430,125.41,0.3188,Dissatisfied,Inactive User
AMZ-102000,60,Non-Binary,East Asia,2017,8,Prime,Diamond,29,434.9,15.0,10.34,3,Grocery,2,2.6,12,63,114,Smart TV,Debit Card,17.95,11,4,103,557.0,0.4005,Satisfied,Bargain Hunter
AMZ-102001,25,Non-Binary,Southeast Asia,2018,7,Non-Prime,Silver,2,67.56,33.78,0.0,0,Home & Kitchen,6,1.8,24,3,9,Smart TV,Debit Card,21.76,39,3,154,69.89,0.0946,Very Dissatisfied,Inactive User
AMZ-102002,54,Non-Binary,East Asia,2015,10,Prime,Diamond,68,1295.99,19.06,2.94,2,Clothing,2,4.2,29,36,128,Mobile,Net Banking,74.84,31,0,377,1569.17,0.2805,Very Satisfied,Loyal Shopper
AMZ-102003,34,Female,Europe,2018,7,Prime,Silver,12,472.16,39.35,0.0,0,Home & Kitchen,9,3.5,7,9,40,Mobile,Credit Card,32.91,25,0,136,491.49,0.6703,Neutral,Occasional Buyer
AMZ-102004,27,Male,South Asia,2018,7,Prime,Silver,19,444.21,23.38,42.11,8,Books,2,2.5,3,65,210,Tablet,Gift Card,21.62,32,1,75,577.88,0.9845,Satisfied,Bargain Hunter
AMZ-102005,55,Female,Latin America,2021,4,Prime,Silver,9,693.65,77.07,66.67,6,Office,7,4.5,23,49,197,Tablet,Amazon Pay,36.2,36,2,483,992.2,0.4217,Satisfied,Bargain Hunter
AMZ-102006,62,Male,Europe,2023,2,Prime,Diamond,27,5585.67,206.88,3.7,1,Office,5,4.4,29,29,96,Alexa,Credit Card,4.32,0,1,116,6243.22,0.5996,Neutral,Premium Spender
AMZ-102007,34,Female,Europe,2019,6,Prime,Silver,31,12525.37,404.04,9.68,3,Sports,9,3.9,20,17,54,Smart TV,Cash on Delivery,72.63,10,3,127,16242.92,0.5642,Satisfied,Premium Spender
AMZ-102008,51,Male,Southeast Asia,2020,5,Non-Prime,Platinum,49,4444.4,90.7,8.16,4,Automotive,8,4.1,3,12,108,Mobile,Gift Card,65.96,12,4,612,6281.89,0.8498,Very Satisfied,Premium Spender
AMZ-102009,63,Male,Southeast Asia,2018,7,Prime,Silver,19,718.23,37.8,21.05,4,Books,2,2.7,42,57,160,Desktop,Net Banking,60.36,8,1,628,758.29,0.7359,Satisfied,Bargain Hunter
AMZ-102010,58,Female,Latin America,2016,9,Prime,Gold,7,478.42,68.35,71.43,5,Office,6,3.2,2,70,196,Smart TV,Credit Card,5.24,14,0,574,529.44,0.3391,Satisfied,Bargain Hunter
AMZ-102011,22,Non-Binary,East Asia,2021,4,Non-Prime,Diamond,11,360.91,32.81,18.18,2,Home & Kitchen,2,3.3,46,19,23,Alexa,Gift Card,8.5,30,4,666,369.27,0.7277,Dissatisfied,Occasional Buyer
AMZ-102012,23,Non-Binary,South Asia,2016,9,Non-Prime,Silver,21,504.84,24.04,42.86,9,Grocery,9,2.6,14,48,133,Smart TV,Credit Card,34.07,1,2,246,569.58,0.2512,Neutral,Bargain Hunter
AMZ-102013,49,Female,Europe,2021,4,Non-Prime,Diamond,4,42.65,10.66,25.0,1,Grocery,1,1.5,26,4,8,Mobile,Amazon Pay,7.85,21,4,474,55.61,0.815,Dissatisfied,Inactive User
AMZ-102014,41,Non-Binary,Middle East,2018,7,Prime,Gold,4,59.95,14.99,0.0,0,Automotive,5,2.4,20,0,11,Tablet,Cash on Delivery,78.46,26,2,448,63.52,0.946,Dissatisfied,Inactive User
AMZ-102015,50,Female,Middle East,2019,6,Prime,Diamond,28,3302.98,117.96,7.14,2,Books,9,4.0,4,41,150,Desktop,Cash on Delivery,11.99,36,0,113,3486.19,0.5188,Very Satisfied,Loyal Shopper
AMZ-102016,25,Female,Southeast Asia,2018,7,Prime,Silver,6,344.71,57.45,116.67,7,Toys,3,3.0,45,33,216,Desktop,Cash on Delivery,32.44,29,3,462,391.37,0.6675,Neutral,Bargain Hunter
AMZ-102017,29,Female,South Asia,2016,9,Prime,Platinum,16,5734.81,358.43,18.75,3,Office,2,4.3,20,8,73,Smart TV,Debit Card,8.2,39,0,369,7916.98,0.4764,Satisfied,Premium Spender
AMZ-102018,70,Male,North America,2020,5,Prime,Gold,32,5758.99,179.97,9.38,3,Clothing,7,4.9,15,6,56,Alexa,UPI,16.01,37,1,614,6877.02,0.7286,Very Satisfied,Premium Spender
AMZ-102019,34,Female,Europe,2018,7,Non-Prime,Diamond,16,553.32,34.58,37.5,6,Electronics,9,3.3,29,65,134,Alexa,Net Banking,27.18,19,3,255,730.63,0.6136,Satisfied,Bargain Hunter
AMZ-102020,67,Non-Binary,North America,2016,9,Prime,Diamond,4,418.22,104.56,50.0,2,Electronics,1,2.3,12,2,51,Tablet,Gift Card,22.66,16,2,341,544.29,0.0274,Satisfied,Occasional Buyer
AMZ-102021,40,Female,North America,2017,8,Prime,Silver,0,58.47,58.47,0.0,0,Sports,8,2.8,6,4,17,Tablet,Gift Card,37.54,25,1,530,73.06,0.0959,Neutral,Inactive User
AMZ-102022,35,Male,South Asia,2016,9,Prime,Silver,16,6479.02,404.94,0.0,0,Clothing,6,3.7,6,19,68,Mobile,UPI,46.01,18,4,644,8233.87,0.7129,Very Satisfied,Premium Spender
AMZ-102023,71,Female,Latin America,2019,6,Non-Prime,Platinum,75,1359.01,18.12,2.67,2,Grocery,2,4.7,24,18,79,Tablet,Gift Card,58.74,20,4,136,1646.16,0.6247,Very Satisfied,Loyal Shopper
AMZ-102024,29,Male,Middle East,2021,4,Prime,Silver,14,327.89,23.42,42.86,6,Grocery,8,4.2,38,87,145,Mobile,Debit Card,71.79,29,3,678,418.01,0.5397,Dissatisfied,Bargain Hunter
AMZ-102025,30,Female,South Asia,2017,8,Non-Prime,Diamond,59,4005.22,67.89,1.69,1,Electronics,2,4.2,34,19,128,Tablet,Credit Card,55.56,27,4,278,4400.24,0.7369,Very Satisfied,Loyal Shopper
AMZ-102026,45,Male,Middle East,2017,8,Non-Prime,Platinum,1,22.06,22.06,100.0,1,Office,6,2.0,19,2,15,Alexa,Credit Card,36.75,21,4,575,29.49,0.4565,Dissatisfied,Inactive User
AMZ-102027,54,Female,South Asia,2020,5,Prime,Gold,12,213.69,17.81,16.67,2,Home & Kitchen,9,3.2,23,15,31,Smart TV,Gift Card,57.11,36,1,543,302.72,0.2181,Neutral,Occasional Buyer
AMZ-102028,42,Male,South Asia,2016,9,Prime,Silver,38,11367.29,299.14,5.26,2,Clothing,7,3.5,46,11,55,Desktop,Cash on Delivery,17.46,17,2,128,13180.85,0.177,Satisfied,Premium Spender
AMZ-102029,38,Male,Southeast Asia,2023,2,Non-Prime,Silver,2,65.89,32.95,0.0,0,Office,7,1.0,5,0,13,Desktop,Debit Card,40.15,19,1,665,69.48,0.266,Dissatisfied,Inactive User
AMZ-102030,20,Female,South Asia,2023,2,Prime,Diamond,43,8717.01,202.72,2.33,1,Electronics,3,4.9,37,17,114,Smart TV,Credit Card,70.38,39,3,437,10042.92,0.8769,Very Satisfied,Premium Spender
AMZ-102031,54,Male,South Asia,2020,5,Non-Prime,Platinum,5,593.81,118.76,60.0,3,Toys,4,2.3,33,1,45,Smart TV,UPI,51.62,31,1,520,595.99,0.125,Dissatisfied,Occasional Buyer
AMZ-102032,38,Female,Middle East,2023,2,Non-Prime,Diamond,41,1620.51,39.52,2.44,1,Clothing,3,3.5,16,25,95,Desktop,UPI,30.48,35,1,489,1847.48,0.6596,Very Satisfied,Loyal Shopper
AMZ-102033,40,Female,East Asia,2018,7,Prime,Diamond,1,39.95,39.95,100.0,1,Office,7,3.0,48,0,13,Mobile,Gift Card,67.45,20,0,159,41.99,0.0779,Very Dissatisfied,Inactive User
AMZ-102034,26,Male,Latin America,2023,2,Prime,Silver,26,525.15,20.2,30.77,8,Beauty,2,4.0,17,63,147,Tablet,Gift Card,33.47,22,3,332,700.79,0.6165,Dissatisfied,Bargain Hunter
AMZ-102035,48,Non-Binary,East Asia,2021,4,Prime,Platinum,4,494.12,123.53,75.0,3,Grocery,2,3.4,10,13,32,Alexa,Amazon Pay,33.71,21,2,680,648.71,0.3987,Dissatisfied,Occasional Buyer
AMZ-102036,30,Non-Binary,Southeast Asia,2022,3,Prime,Gold,8,496.4,62.05,37.5,3,Automotive,8,3.0,45,4,26,Tablet,Credit Card,46.72,30,4,464,697.08,0.6127,Dissatisfied,Occasional Buyer
AMZ-102037,37,Non-Binary,Middle East,2020,5,Non-Prime,Silver,24,11791.94,491.33,8.33,2,Sports,3,3.7,18,22,69,Tablet,Amazon Pay,35.39,11,0,56,15129.22,0.3268,Neutral,Premium Spender
AMZ-102038,51,Non-Binary,South Asia,2016,9,Prime,Platinum,1,211.09,211.09,200.0,2,Home & Kitchen,4,2.2,40,7,49,Alexa,Debit Card,53.76,13,2,511,293.48,0.7,Satisfied,Occasional Buyer
AMZ-102039,35,Male,East Asia,2019,6,Prime,Diamond,9,362.34,40.26,0.0,0,Sports,5,2.9,6,19,31,Tablet,UPI,0.07,10,0,290,483.27,0.9377,Dissatisfied,Occasional Buyer
AMZ-102040,30,Non-Binary,South Asia,2019,6,Non-Prime,Gold,15,12270.24,818.02,13.33,2,Sports,1,4.7,34,7,77,Desktop,Net Banking,47.89,1,2,339,15727.48,0.1217,Very Satisfied,Premium Spender
AMZ-102041,69,Non-Binary,Middle East,2021,4,Prime,Gold,9,501.64,55.74,33.33,3,Automotive,8,2.3,39,1,59,Alexa,UPI,46.18,8,3,708,624.66,0.1871,Satisfied,Occasional Buyer
AMZ-102042,65,Non-Binary,Latin America,2023,2,Prime,Gold,61,1494.55,24.5,1.64,1,Home & Kitchen,5,4.7,21,27,113,Alexa,Cash on Delivery,47.58,4,1,191,1807.28,0.1526,Very Satisfied,Loyal Shopper
AMZ-102043,19,Non-Binary,East Asia,2020,5,Prime,Platinum,4,70.5,17.62,75.0,3,Home & Kitchen,3,3.6,46,10,39,Smart TV,Gift Card,44.6,38,0,577,102.76,0.0496,Neutral,Occasional Buyer
AMZ-102044,34,Female,Middle East,2019,6,Prime,Gold,6,128.05,21.34,50.0,3,Sports,6,2.7,44,5,47,Alexa,Credit Card,41.02,11,1,286,177.93,0.3926,Satisfied,Occasional Buyer
AMZ-102045,55,Female,East Asia,2020,5,Non-Prime,Diamond,3,212.74,70.91,100.0,3,Electronics,7,3.9,42,15,39,Mobile,Debit Card,3.52,31,2,387,306.91,0.1176,Neutral,Occasional Buyer
AMZ-102046,57,Female,Middle East,2021,4,Non-Prime,Platinum,4,213.58,53.4,0.0,0,Grocery,2,2.1,25,9,35,Alexa,Gift Card,57.62,30,1,624,282.33,0.3263,Dissatisfied,Occasional Buyer
AMZ-102047,28,Male,Southeast Asia,2018,7,Non-Prime,Diamond,76,2873.34,37.81,1.32,1,Office,5,4.6,40,34,73,Mobile,Gift Card,17.58,17,1,275,4052.88,0.3897,Satisfied,Loyal Shopper
AMZ-102048,31,Female,North America,2020,5,Prime,Gold,46,11272.49,245.05,2.17,1,Books,5,4.5,13,21,66,Tablet,Cash on Delivery,52.0,36,3,566,12199.29,0.4257,Neutral,Premium Spender
AMZ-102049,69,Male,Europe,2015,10,Prime,Platinum,8,112.39,14.05,100.0,8,Clothing,6,3.8,17,39,157,Mobile,Net Banking,39.82,38,4,104,163.51,0.4266,Neutral,Bargain Hunter
AMZ-102050,65,Male,Latin America,2016,9,Non-Prime,Silver,38,7977.56,209.94,10.53,4,Electronics,4,4.8,44,13,80,Mobile,Amazon Pay,52.49,1,3,491,8932.73,0.5958,Satisfied,Premium Spender
AMZ-102051,66,Female,Europe,2018,7,Prime,Gold,1,31.83,31.83,0.0,0,Home & Kitchen,1,2.6,6,2,2,Desktop,UPI,51.7,24,4,249,44.33,0.3258,Neutral,Inactive User
AMZ-102052,29,Female,Middle East,2015,10,Prime,Gold,0,80.96,80.96,100.0,1,Clothing,3,2.5,46,2,14,Mobile,UPI,10.71,8,1,220,109.55,0.8548,Neutral,Inactive User
AMZ-102053,18,Male,South Asia,2022,3,Prime,Gold,2,37.25,18.62,50.0,1,Grocery,4,2.4,6,3,18,Alexa,Credit Card,60.29,0,1,211,52.1,0.2287,Very Dissatisfied,Inactive User
AMZ-102054,34,Non-Binary,Latin America,2019,6,Non-Prime,Platinum,58,3662.19,63.14,3.45,2,Automotive,9,4.7,9,40,99,Mobile,Credit Card,75.04,15,3,553,4581.07,0.6985,Very Satisfied,Loyal Shopper
AMZ-102055,53,Male,South Asia,2018,7,Prime,Gold,25,840.88,33.64,0.0,0,Clothing,8,4.0,46,25,126,Desktop,Amazon Pay,17.13,16,2,275,983.99,0.5171,Satisfied,Loyal Shopper
AMZ-102056,35,Male,Latin America,2020,5,Prime,Diamond,21,633.62,30.17,28.57,6,Office,5,2.9,31,49,124,Alexa,Cash on Delivery,77.18,22,2,55,724.93,0.0487,Neutral,Bargain Hunter
AMZ-102057,65,Male,South Asia,2020,5,Prime,Silver,48,4209.48,87.7,6.25,3,Toys,4,4.7,23,20,92,Smart TV,Gift Card,52.89,18,2,412,5474.73,0.236,Neutral,Premium Spender
AMZ-102058,65,Non-Binary,East Asia,2021,4,Prime,Silver,30,2180.25,72.67,0.0,0,Grocery,5,4.2,18,44,123,Tablet,Debit Card,43.23,28,3,658,2324.47,0.9023,Satisfied,Loyal Shopper
AMZ-102059,45,Non-Binary,Europe,2020,5,Prime,Silver,37,6297.06,170.19,10.81,4,Automotive,8,3.3,47,29,43,Alexa,UPI,32.06,1,2,156,9206.25,0.703,Neutral,Premium Spender
AMZ-102060,65,Non-Binary,South Asia,2022,3,Prime,Gold,41,14562.23,355.18,0.0,0,Books,2,4.6,15,26,40,Alexa,Cash on Delivery,65.66,18,4,488,17397.87,0.6697,Neutral,Premium Spender
AMZ-102061,26,Female,South Asia,2021,4,Prime,Platinum,47,8866.83,188.66,2.13,1,Beauty,5,3.9,49,15,56,Smart TV,Amazon Pay,53.68,27,4,164,10612.53,0.774,Satisfied,Premium Spender
AMZ-102062,58,Male,Southeast Asia,2021,4,Non-Prime,Diamond,55,1974.48,35.9,3.64,2,Electronics,1,4.0,23,37,104,Alexa,Debit Card,14.86,18,4,285,2375.77,0.4634,Satisfied,Loyal Shopper
AMZ-102063,48,Non-Binary,East Asia,2017,8,Prime,Diamond,25,453.36,18.13,36.0,9,Office,2,3.4,9,78,176,Tablet,Amazon Pay,1.59,30,4,152,605.23,0.2212,Satisfied,Bargain Hunter
AMZ-102064,60,Female,Southeast Asia,2022,3,Non-Prime,Diamond,37,10498.09,283.73,8.11,3,Toys,4,3.1,41,17,59,Mobile,Gift Card,6.26,20,4,86,11230.68,0.5582,Satisfied,Premium Spender
AMZ-102065,55,Male,Europe,2017,8,Prime,Platinum,6,445.13,74.19,50.0,3,Automotive,2,3.5,45,7,20,Desktop,Debit Card,71.93,15,0,508,458.05,0.9251,Dissatisfied,Occasional Buyer
AMZ-102066,51,Male,Southeast Asia,2022,3,Prime,Silver,69,4527.41,65.61,1.45,1,Home & Kitchen,2,4.5,10,30,163,Mobile,Net Banking,64.89,9,2,704,6042.71,0.9326,Very Satisfied,Loyal Shopper
AMZ-102067,71,Non-Binary,Latin America,2023,2,Non-Prime,Silver,63,3850.74,61.12,1.59,1,Sports,3,4.6,32,37,172,Mobile,UPI,26.72,17,1,5,4771.59,0.5654,Very Satisfied,Loyal Shopper
AMZ-102068,31,Male,Europe,2020,5,Prime,Diamond,6,206.07,34.34,50.0,3,Sports,1,2.3,12,1,22,Desktop,Debit Card,16.79,5,0,420,231.48,0.2339,Dissatisfied,Occasional Buyer
AMZ-102069,34,Male,Middle East,2017,8,Prime,Gold,18,9668.29,537.13,0.0,0,Books,6,3.2,29,18,81,Alexa,Credit Card,4.42,6,0,534,11428.01,0.0261,Neutral,Premium Spender
AMZ-102070,45,Non-Binary,South Asia,2019,6,Prime,Diamond,3,13.33,4.44,33.33,1,Toys,9,2.2,10,0,16,Desktop,Debit Card,63.49,27,4,711,16.28,0.5396,Neutral,Inactive User
AMZ-102071,24,Non-Binary,Latin America,2015,10,Prime,Silver,20,279.08,13.95,40.0,8,Books,5,3.3,16,64,176,Tablet,Cash on Delivery,4.7,33,2,441,317.81,0.915,Neutral,Bargain Hunter
AMZ-102072,48,Female,Middle East,2022,3,Prime,Gold,28,880.52,31.45,7.14,2,Clothing,3,4.0,23,36,117,Alexa,Debit Card,17.6,5,2,285,937.44,0.4372,Very Satisfied,Loyal Shopper
AMZ-102073,38,Female,East Asia,2017,8,Prime,Platinum,59,2509.47,42.53,1.69,1,Grocery,5,3.6,8,12,178,Mobile,UPI,8.88,36,4,364,3091.91,0.7912,Very Satisfied,Loyal Shopper
AMZ-102074,69,Female,South Asia,2015,10,Prime,Silver,4,6.9,1.73,25.0,1,Automotive,2,2.7,8,0,5,Desktop,Cash on Delivery,11.04,1,3,554,8.66,0.8575,Dissatisfied,Inactive User
AMZ-102075,49,Non-Binary,East Asia,2017,8,Prime,Platinum,33,4988.74,151.17,0.0,0,Automotive,4,3.6,45,11,158,Desktop,Gift Card,53.94,22,4,366,7123.53,0.7243,Very Satisfied,Loyal Shopper
AMZ-102076,68,Non-Binary,South Asia,2021,4,Prime,Silver,77,4577.2,59.44,2.6,2,Books,6,3.6,21,16,97,Smart TV,Debit Card,35.3,32,4,415,6363.28,0.0322,Very Satisfied,Loyal Shopper
AMZ-102077,26,Female,Middle East,2021,4,Prime,Diamond,17,570.12,33.54,41.18,7,Grocery,6,4.1,38,72,159,Alexa,Net Banking,38.06,37,2,352,600.02,0.4514,Satisfied,Bargain Hunter
AMZ-102078,51,Female,Latin America,2021,4,Non-Prime,Platinum,37,7370.6,199.21,0.0,0,Office,7,3.3,22,17,90,Alexa,Net Banking,67.52,26,1,100,9318.2,0.3202,Very Satisfied,Premium Spender
AMZ-102079,29,Non-Binary,Southeast Asia,2023,2,Prime,Diamond,28,13766.1,491.65,7.14,2,Clothing,1,4.6,15,13,40,Mobile,Debit Card,5.33,9,0,178,17578.58,0.8243,Neutral,Premium Spender
AMZ-102080,28,Female,East Asia,2015,10,Prime,Silver,25,607.03,24.28,12.0,3,Office,2,3.1,12,24,237,Smart TV,Gift Card,76.85,22,3,251,883.18,0.8983,Dissatisfied,Bargain Hunter
AMZ-102081,66,Female,North America,2020,5,Prime,Diamond,34,6239.4,183.51,0.0,0,Home & Kitchen,1,4.7,8,8,55,Mobile,Debit Card,73.58,31,1,83,7264.09,0.9636,Neutral,Premium Spender
AMZ-102082,68,Male,Southeast Asia,2015,10,Non-Prime,Gold,21,14807.01,705.1,14.29,3,Sports,5,3.2,44,7,59,Smart TV,Debit Card,50.86,21,3,303,21808.46,0.2321,Very Satisfied,Premium Spender
AMZ-102083,33,Male,Southeast Asia,2020,5,Prime,Diamond,61,988.05,16.2,0.0,0,Toys,9,4.8,47,23,72,Smart TV,Net Banking,24.82,15,4,448,1081.17,0.2556,Very Satisfied,Loyal Shopper
AMZ-102084,47,Male,Southeast Asia,2018,7,Prime,Diamond,49,6362.64,129.85,0.0,0,Electronics,8,4.1,47,16,105,Desktop,Debit Card,53.82,5,0,202,7583.32,0.1461,Neutral,Premium Spender
AMZ-102085,54,Female,North America,2023,2,Prime,Diamond,23,311.94,13.56,34.78,8,Toys,5,2.8,17,57,239,Smart TV,Credit Card,22.61,11,3,171,428.82,0.7627,Satisfied,Bargain Hunter
AMZ-102086,49,Female,East Asia,2022,3,Non-Prime,Diamond,0,38.78,38.78,0.0,0,Electronics,3,2.7,32,0,7,Smart TV,Credit Card,4.34,11,4,102,47.33,0.2403,Very Dissatisfied,Inactive User
AMZ-102087,19,Male,Europe,2020,5,Non-Prime,Gold,3,106.21,35.4,66.67,2,Electronics,5,2.6,39,17,13,Mobile,Debit Card,32.33,19,4,545,136.28,0.1762,Dissatisfied,Occasional Buyer
AMZ-102088,43,Male,North America,2022,3,Non-Prime,Gold,2,91.82,45.91,50.0,1,Grocery,8,2.1,31,3,2,Tablet,Credit Card,41.87,2,0,147,116.45,0.649,Very Dissatisfied,Inactive User
AMZ-102089,62,Female,East Asia,2020,5,Non-Prime,Diamond,35,9495.9,271.31,5.71,2,Beauty,4,3.6,34,21,57,Alexa,Amazon Pay,23.78,33,1,666,13303.55,0.3489,Neutral,Premium Spender
AMZ-102090,33,Male,East Asia,2023,2,Non-Prime,Silver,11,234.21,21.29,0.0,0,Automotive,4,3.7,20,10,34,Smart TV,Gift Card,48.09,7,0,48,282.09,0.9024,Dissatisfied,Occasional Buyer
AMZ-102091,69,Non-Binary,East Asia,2019,6,Non-Prime,Silver,1,96.1,96.1,100.0,1,Clothing,1,3.0,8,4,4,Smart TV,Amazon Pay,63.11,21,4,576,106.3,0.078,Dissatisfied,Inactive User
AMZ-102092,66,Non-Binary,Latin America,2017,8,Prime,Gold,20,12498.59,624.93,15.0,3,Clothing,2,4.5,31,19,116,Desktop,Credit Card,48.45,10,4,195,17826.3,0.9718,Very Satisfied,Premium Spender
AMZ-102093,71,Female,Southeast Asia,2023,2,Prime,Silver,0,57.71,57.71,0.0,0,Electronics,4,1.0,39,2,4,Tablet,Credit Card,8.89,12,2,557,69.67,0.0641,Very Dissatisfied,Inactive User
AMZ-102094,70,Female,Middle East,2022,3,Prime,Diamond,79,3093.46,39.16,2.53,2,Clothing,5,4.4,21,26,78,Smart TV,UPI,18.84,34,2,685,3955.18,0.3813,Very Satisfied,Loyal Shopper
AMZ-102095,65,Male,North America,2021,4,Prime,Gold,1,18.32,18.32,100.0,1,Electronics,7,1.3,20,1,10,Tablet,Net Banking,75.33,36,1,376,21.75,0.1333,Very Dissatisfied,Inactive User
AMZ-102096,65,Male,Southeast Asia,2015,10,Prime,Diamond,29,7531.81,259.72,6.9,2,Books,2,3.7,17,5,94,Mobile,Net Banking,47.0,29,1,4,9762.32,0.7683,Satisfied,Premium Spender
AMZ-102097,58,Non-Binary,Latin America,2016,9,Prime,Diamond,28,13932.82,497.6,10.71,3,Sports,5,4.0,0,11,54,Alexa,UPI,55.71,19,2,117,18422.22,0.72,Neutral,Premium Spender
AMZ-102098,40,Female,Latin America,2023,2,Non-Prime,Platinum,1,46.28,46.28,100.0,1,Grocery,1,2.4,36,1,15,Desktop,Net Banking,44.2,26,4,5,62.87,0.2352,Neutral,Inactive User
AMZ-102099,32,Non-Binary,Europe,2016,9,Non-Prime,Gold,0,55.61,55.61,0.0,0,Home & Kitchen,4,1.7,33,0,9,Mobile,Gift Card,51.16,16,3,308,59.9,0.9508,Neutral,Inactive User
AMZ-102100,30,Female,Middle East,2020,5,Prime,Diamond,41,7814.3,190.59,9.76,4,Toys,8,4.9,11,29,60,Mobile,UPI,70.78,8,0,331,11271.7,0.7888,Neutral,Premium Spender
AMZ-102101,71,Male,East Asia,2019,6,Prime,Gold,9,563.28,62.59,0.0,0,Home & Kitchen,6,2.6,25,11,45,Desktop,Gift Card,41.95,14,0,645,715.88,0.4215,Dissatisfied,Occasional Buyer
AMZ-102102,52,Non-Binary,Middle East,2022,3,Non-Prime,Platinum,79,3045.34,38.55,2.53,2,Toys,3,3.6,34,39,174,Smart TV,Gift Card,55.99,29,2,229,3524.65,0.096,Very Satisfied,Loyal Shopper
AMZ-102103,22,Female,North America,2018,7,Prime,Gold,1,87.17,87.17,0.0,0,Office,1,2.6,42,1,15,Smart TV,Net Banking,33.88,28,1,472,106.25,0.793,Very Dissatisfied,Inactive User
AMZ-102104,61,Male,Southeast Asia,2018,7,Prime,Diamond,15,498.69,33.25,26.67,4,Clothing,1,3.1,48,43,201,Smart TV,Gift Card,7.29,23,3,542,537.9,0.3213,Satisfied,Bargain Hunter
AMZ-102105,59,Female,North America,2016,9,Prime,Gold,6,133.21,22.2,133.33,8,Automotive,7,3.0,35,70,208,Smart TV,Gift Card,14.07,3,4,292,150.36,0.3873,Satisfied,Bargain Hunter
AMZ-102106,20,Female,Southeast Asia,2016,9,Prime,Platinum,2,47.87,23.93,0.0,0,Home & Kitchen,2,2.5,6,0,14,Alexa,Cash on Delivery,29.65,24,1,487,61.78,0.2873,Dissatisfied,Inactive User
AMZ-102107,54,Male,Middle East,2019,6,Prime,Diamond,66,2182.14,33.06,3.03,2,Books,9,4.2,40,30,138,Mobile,Credit Card,16.09,22,1,39,2963.2,0.6457,Satisfied,Loyal Shopper
AMZ-102108,44,Male,South Asia,2021,4,Non-Prime,Diamond,14,544.48,38.89,21.43,3,Automotive,9,3.8,2,54,161,Mobile,Cash on Delivery,23.14,38,1,500,651.19,0.0434,Dissatisfied,Bargain Hunter
AMZ-102109,24,Male,Southeast Asia,2023,2,Prime,Silver,23,2271.8,98.77,4.35,1,Clothing,7,3.5,46,24,86,Tablet,Cash on Delivery,74.66,31,0,303,3024.18,0.4472,Very Satisfied,Loyal Shopper
AMZ-102110,48,Non-Binary,East Asia,2017,8,Non-Prime,Platinum,10,500.49,50.05,0.0,0,Office,6,2.3,21,3,54,Mobile,Credit Card,50.8,17,2,398,673.6,0.8384,Satisfied,Occasional Buyer
AMZ-102111,63,Female,North America,2018,7,Prime,Silver,73,915.44,12.54,0.0,0,Electronics,2,3.7,48,19,86,Alexa,Credit Card,47.2,25,2,450,1078.75,0.5449,Satisfied,Loyal Shopper
AMZ-102112,49,Female,East Asia,2023,2,Prime,Silver,54,2098.5,38.86,3.7,2,Sports,6,3.9,21,22,92,Alexa,Amazon Pay,35.55,33,1,24,2893.95,0.4373,Very Satisfied,Loyal Shopper
AMZ-102113,37,Male,East Asia,2020,5,Non-Prime,Platinum,2,82.38,41.19,0.0,0,Clothing,7,1.2,47,1,12,Mobile,Gift Card,8.33,22,3,338,120.65,0.1995,Neutral,Inactive User
AMZ-102114,32,Male,Latin America,2021,4,Non-Prime,Silver,1,33.1,33.1,100.0,1,Automotive,9,1.1,42,4,0,Alexa,Debit Card,27.64,12,4,1,44.61,0.3607,Very Dissatisfied,Inactive User
AMZ-102115,26,Female,East Asia,2021,4,Prime,Gold,6,583.38,97.23,50.0,3,Automotive,5,2.7,16,14,38,Smart TV,Amazon Pay,54.02,29,4,156,755.59,0.8594,Neutral,Occasional Buyer
AMZ-102116,64,Female,Latin America,2021,4,Non-Prime,Diamond,2,55.71,27.86,0.0,0,Toys,1,2.4,28,2,14,Desktop,Cash on Delivery,30.71,13,3,501,76.95,0.0593,Very Dissatisfied,Inactive User
AMZ-102117,46,Female,South Asia,2019,6,Prime,Diamond,10,544.42,54.44,30.0,3,Clothing,2,2.4,7,7,34,Desktop,Credit Card,46.66,1,2,150,616.68,0.0262,Satisfied,Occasional Buyer
AMZ-102118,41,Non-Binary,North America,2015,10,Prime,Silver,23,376.26,16.36,17.39,4,Automotive,5,3.1,20,45,239,Desktop,Debit Card,12.25,38,4,263,538.47,0.8204,Neutral,Bargain Hunter
AMZ-102119,65,Female,Latin America,2020,5,Prime,Gold,17,696.11,40.95,17.65,3,Automotive,2,4.0,4,51,158,Smart TV,Gift Card,49.29,34,2,583,1014.66,0.9255,Satisfied,Bargain Hunter
AMZ-102120,70,Non-Binary,Latin America,2018,7,Non-Prime,Platinum,21,152.19,7.25,38.1,8,Home & Kitchen,3,2.9,46,89,217,Smart TV,Net Banking,57.49,10,2,85,225.62,0.5071,Dissatisfied,Bargain Hunter
AMZ-102121,63,Male,Southeast Asia,2021,4,Prime,Platinum,15,391.57,26.1,53.33,8,Books,8,3.1,12,83,120,Mobile,Credit Card,48.47,24,4,670,442.87,0.4867,Satisfied,Bargain Hunter
AMZ-102122,53,Male,East Asia,2019,6,Prime,Diamond,12,365.79,30.48,8.33,1,Toys,6,2.2,20,7,23,Tablet,Gift Card,2.08,32,4,623,392.33,0.1556,Dissatisfied,Occasional Buyer
AMZ-102123,18,Non-Binary,Latin America,2019,6,Prime,Platinum,21,1256.58,59.84,0.0,0,Office,2,4.3,39,16,82,Desktop,Credit Card,13.37,17,3,87,1656.37,0.9374,Satisfied,Loyal Shopper
AMZ-102124,30,Female,North America,2019,6,Prime,Platinum,48,3906.45,81.38,0.0,0,Clothing,7,4.9,31,20,104,Mobile,Debit Card,28.83,7,1,728,4496.2,0.2817,Satisfied,Loyal Shopper
AMZ-102125,19,Female,South Asia,2017,8,Non-Prime,Gold,58,1238.06,21.35,1.72,1,Toys,6,4.0,49,16,87,Mobile,Cash on Delivery,5.24,2,1,519,1356.98,0.1065,Satisfied,Loyal Shopper
AMZ-102126,71,Female,Latin America,2018,7,Prime,Platinum,24,171.58,7.15,8.33,2,Beauty,8,2.7,41,37,201,Mobile,Credit Card,40.43,37,3,140,221.48,0.7937,Dissatisfied,Bargain Hunter
AMZ-102127,31,Male,South Asia,2018,7,Prime,Platinum,32,7911.15,247.22,0.0,0,Grocery,8,5.0,34,7,82,Tablet,UPI,14.98,13,3,327,9113.8,0.8108,Very Satisfied,Premium Spender
AMZ-102128,29,Non-Binary,Middle East,2020,5,Non-Prime,Gold,16,3716.37,232.27,0.0,0,Toys,6,3.4,36,24,112,Mobile,Gift Card,3.13,30,4,704,5430.13,0.566,Very Satisfied,Premium Spender
AMZ-102129,55,Female,Middle East,2022,3,Prime,Silver,0,2.78,2.78,100.0,1,Sports,8,1.7,13,1,1,Tablet,Credit Card,46.43,31,2,309,4.07,0.5279,Neutral,Inactive User
AMZ-102130,21,Non-Binary,East Asia,2015,10,Prime,Diamond,38,8107.01,213.34,0.0,0,Toys,4,3.0,29,5,85,Smart TV,UPI,60.24,37,3,139,11460.58,0.9055,Very Satisfied,Premium Spender
AMZ-102131,48,Female,East Asia,2015,10,Non-Prime,Gold,4,31.38,7.84,25.0,1,Automotive,5,2.9,9,1,15,Tablet,Amazon Pay,49.42,8,1,579,40.67,0.697,Dissatisfied,Inactive User
AMZ-102132,52,Non-Binary,Middle East,2019,6,Prime,Diamond,9,245.93,27.33,55.56,5,Sports,3,3.3,38,21,94,Mobile,UPI,65.18,22,2,153,286.51,0.1718,Neutral,Bargain Hunter
AMZ-102133,40,Male,East Asia,2017,8,Prime,Gold,26,2249.5,86.52,3.85,1,Toys,6,4.2,25,33,120,Mobile,Gift Card,59.51,30,4,542,3241.25,0.2883,Very Satisfied,Loyal Shopper
AMZ-102134,34,Female,Middle East,2017,8,Non-Prime,Diamond,17,201.87,11.87,29.41,5,Electronics,3,4.1,14,95,141,Alexa,Cash on Delivery,38.44,23,2,555,226.44,0.3248,Neutral,Bargain Hunter
AMZ-102135,71,Non-Binary,North America,2015,10,Prime,Gold,11,312.55,28.41,27.27,3,Grocery,9,2.3,6,12,39,Alexa,Amazon Pay,69.63,29,1,474,387.69,0.9444,Satisfied,Occasional Buyer
AMZ-102136,64,Female,Middle East,2023,2,Non-Prime,Platinum,29,719.57,24.81,13.79,4,Clothing,3,2.7,23,41,227,Alexa,Net Banking,15.13,15,4,539,805.76,0.4747,Neutral,Bargain Hunter
AMZ-102137,60,Non-Binary,Southeast Asia,2018,7,Prime,Platinum,75,4110.64,54.81,0.0,0,Home & Kitchen,1,4.2,5,16,161,Smart TV,Credit Card,25.85,18,3,661,4151.0,0.4241,Very Satisfied,Loyal Shopper
AMZ-102138,71,Non-Binary,Latin America,2017,8,Prime,Gold,6,130.03,21.67,116.67,7,Sports,4,2.7,18,42,145,Tablet,Gift Card,60.84,39,3,137,135.72,0.9889,Neutral,Bargain Hunter
AMZ-102139,29,Male,Latin America,2018,7,Prime,Platinum,55,3200.79,58.2,3.64,2,Books,1,4.3,23,32,166,Tablet,Amazon Pay,71.61,3,2,357,3861.53,0.0891,Satisfied,Loyal Shopper
AMZ-102140,60,Non-Binary,Latin America,2020,5,Prime,Silver,0,85.94,85.94,100.0,1,Clothing,1,1.2,24,1,17,Mobile,Cash on Delivery,45.96,2,4,486,102.57,0.7345,Neutral,Inactive User
AMZ-102141,43,Male,East Asia,2020,5,Prime,Gold,5,105.53,21.11,120.0,6,Books,2,3.6,40,79,132,Smart TV,Amazon Pay,26.11,25,3,72,113.48,0.9385,Neutral,Bargain Hunter
AMZ-102142,27,Non-Binary,Southeast Asia,2018,7,Non-Prime,Silver,13,753.83,57.99,23.08,3,Automotive,8,3.9,49,97,99,Alexa,Amazon Pay,27.68,37,4,116,946.04,0.3362,Dissatisfied,Bargain Hunter
AMZ-102143,34,Male,Europe,2018,7,Prime,Diamond,25,434.16,17.37,24.0,6,Home & Kitchen,4,4.5,43,96,189,Alexa,Amazon Pay,8.44,19,0,655,576.05,0.0393,Satisfied,Bargain Hunter
AMZ-102144,22,Male,North America,2019,6,Prime,Gold,15,190.49,12.7,60.0,9,Beauty,8,4.3,25,94,179,Desktop,UPI,58.51,16,4,498,262.83,0.8596,Dissatisfied,Bargain Hunter
AMZ-102145,38,Female,East Asia,2018,7,Non-Prime,Platinum,3,23.71,7.9,33.33,1,Electronics,1,1.3,13,1,10,Tablet,Cash on Delivery,49.34,8,4,444,24.44,0.3199,Dissatisfied,Inactive User
AMZ-102146,45,Male,East Asia,2023,2,Non-Prime,Diamond,18,14390.89,799.49,22.22,4,Home & Kitchen,2,5.0,11,14,78,Desktop,Debit Card,26.25,4,2,145,21058.05,0.3419,Neutral,Premium Spender
AMZ-102147,36,Female,East Asia,2023,2,Non-Prime,Silver,2,40.8,20.4,0.0,0,Home & Kitchen,6,2.6,24,0,1,Smart TV,UPI,60.33,2,1,361,46.83,0.5399,Neutral,Inactive User
AMZ-102148,33,Female,Latin America,2015,10,Prime,Gold,40,6066.08,151.65,7.5,3,Electronics,4,3.7,34,14,64,Mobile,Gift Card,70.81,20,0,329,6886.57,0.4569,Neutral,Premium Spender
AMZ-102149,38,Non-Binary,Europe,2015,10,Prime,Platinum,51,4939.87,96.86,1.96,1,Beauty,3,4.0,32,24,69,Smart TV,Net Banking,11.26,3,3,88,5600.61,0.8599,Very Satisfied,Loyal Shopper
AMZ-102150,69,Female,North America,2018,7,Prime,Silver,16,311.77,19.49,43.75,7,Office,2,3.0,25,21,208,Alexa,UPI,22.86,39,3,352,383.64,0.3303,Satisfied,Bargain Hunter
AMZ-102151,68,Male,Southeast Asia,2023,2,Prime,Platinum,26,426.3,16.4,26.92,7,Books,3,3.7,2,61,115,Alexa,Cash on Delivery,0.93,9,3,76,623.84,0.0976,Dissatisfied,Bargain Hunter
AMZ-102152,46,Female,South Asia,2019,6,Prime,Diamond,26,474.86,18.26,34.62,9,Sports,6,2.8,13,62,191,Mobile,Cash on Delivery,26.84,10,2,534,552.44,0.0703,Dissatisfied,Bargain Hunter
AMZ-102153,54,Female,Latin America,2015,10,Prime,Platinum,24,438.93,18.29,12.5,3,Toys,4,4.3,27,92,174,Desktop,Amazon Pay,15.86,27,1,516,459.65,0.6201,Neutral,Bargain Hunter
AMZ-102154,33,Male,Middle East,2016,9,Prime,Silver,10,258.33,25.83,0.0,0,Automotive,2,2.7,35,7,59,Tablet,Net Banking,7.32,37,1,13,316.4,0.229,Dissatisfied,Occasional Buyer
AMZ-102155,65,Male,North America,2018,7,Prime,Platinum,3,227.41,75.8,33.33,1,Clothing,2,3.2,43,12,47,Mobile,Cash on Delivery,19.27,1,4,414,243.9,0.3377,Dissatisfied,Occasional Buyer
AMZ-102156,40,Female,North America,2018,7,Prime,Platinum,76,3848.76,50.64,1.32,1,Beauty,8,4.7,15,22,117,Tablet,Credit Card,24.69,17,2,572,4577.54,0.7498,Very Satisfied,Loyal Shopper
AMZ-102157,36,Non-Binary,East Asia,2016,9,Prime,Gold,55,3626.33,65.93,0.0,0,Electronics,4,4.4,32,27,135,Tablet,Amazon Pay,77.91,38,3,473,4466.73,0.6417,Very Satisfied,Loyal Shopper
AMZ-102158,61,Male,East Asia,2015,10,Non-Prime,Platinum,4,94.65,23.66,25.0,1,Grocery,5,1.2,45,2,0,Tablet,Credit Card,30.16,33,3,88,120.49,0.7988,Neutral,Inactive User
AMZ-102159,65,Female,Southeast Asia,2018,7,Prime,Platinum,18,7828.42,434.91,0.0,0,Sports,9,3.0,13,7,106,Mobile,Debit Card,31.9,8,4,676,8978.39,0.6095,Satisfied,Premium Spender
AMZ-102160,20,Non-Binary,North America,2018,7,Prime,Diamond,18,263.85,14.66,27.78,5,Electronics,3,3.3,40,60,234,Smart TV,Cash on Delivery,12.65,38,3,722,348.0,0.9543,Neutral,Bargain Hunter
AMZ-102161,70,Non-Binary,North America,2016,9,Prime,Gold,13,67.84,5.22,15.38,2,Office,6,3.2,36,6,39,Alexa,Cash on Delivery,25.25,10,0,674,75.38,0.3325,Dissatisfied,Occasional Buyer
AMZ-102162,68,Female,South Asia,2015,10,Prime,Silver,75,915.09,12.2,2.67,2,Electronics,4,3.7,1,20,172,Smart TV,Debit Card,79.3,14,3,386,1353.9,0.6086,Very Satisfied,Loyal Shopper
AMZ-102163,65,Non-Binary,East Asia,2021,4,Non-Prime,Gold,77,3838.88,49.86,1.3,1,Toys,6,3.5,25,40,111,Mobile,Net Banking,38.99,37,3,608,5672.19,0.7931,Very Satisfied,Loyal Shopper
AMZ-102164,41,Non-Binary,East Asia,2022,3,Non-Prime,Gold,2,6.6,3.3,50.0,1,Automotive,9,1.2,40,3,12,Alexa,Debit Card,18.77,2,3,1,8.75,0.6427,Very Dissatisfied,Inactive User
AMZ-102165,57,Male,Middle East,2018,7,Non-Prime,Diamond,25,308.0,12.32,16.0,4,Home & Kitchen,7,2.8,20,77,171,Alexa,Amazon Pay,39.49,20,4,583,423.75,0.3268,Satisfied,Bargain Hunter
AMZ-102166,43,Female,Middle East,2021,4,Prime,Platinum,13,71.28,5.48,23.08,3,Sports,3,3.0,9,18,14,Desktop,UPI,68.04,37,2,111,87.68,0.4191,Neutral,Occasional Buyer
AMZ-102167,53,Female,Europe,2017,8,Non-Prime,Diamond,11,330.14,30.01,54.55,6,Electronics,4,4.5,35,61,192,Mobile,Gift Card,73.72,5,1,440,392.37,0.1589,Dissatisfied,Bargain Hunter
AMZ-102168,39,Non-Binary,Europe,2017,8,Non-Prime,Gold,3,43.44,14.48,33.33,1,Office,8,2.2,32,4,18,Desktop,Cash on Delivery,6.74,39,1,711,54.11,0.4396,Dissatisfied,Inactive User
AMZ-102169,18,Non-Binary,South Asia,2022,3,Prime,Silver,0,42.61,42.61,0.0,0,Home & Kitchen,1,2.9,37,0,11,Desktop,Net Banking,60.87,23,4,125,52.51,0.6479,Dissatisfied,Inactive User
AMZ-102170,65,Male,Latin America,2018,7,Prime,Gold,26,200.05,7.69,7.69,2,Home & Kitchen,9,4.2,30,96,125,Tablet,Credit Card,61.41,19,2,675,246.78,0.5689,Dissatisfied,Bargain Hunter
AMZ-102171,45,Non-Binary,South Asia,2022,3,Non-Prime,Silver,0,61.16,61.16,100.0,1,Electronics,5,1.8,31,3,0,Smart TV,Credit Card,78.55,29,4,105,81.84,0.7759,Dissatisfied,Inactive User
AMZ-102172,52,Female,South Asia,2020,5,Prime,Silver,9,112.35,12.48,22.22,2,Beauty,7,3.8,2,13,31,Tablet,Gift Card,31.08,12,1,367,164.48,0.3289,Neutral,Occasional Buyer
AMZ-102173,63,Non-Binary,Latin America,2021,4,Prime,Diamond,28,3478.44,124.23,3.57,1,Home & Kitchen,1,4.7,14,16,72,Desktop,Debit Card,6.79,19,1,207,4885.16,0.4903,Very Satisfied,Premium Spender
AMZ-102174,49,Male,East Asia,2020,5,Non-Prime,Gold,17,4199.1,247.01,5.88,1,Automotive,7,3.2,21,27,59,Smart TV,Amazon Pay,25.41,1,3,179,5834.19,0.8088,Neutral,Premium Spender
AMZ-102175,63,Female,North America,2016,9,Prime,Diamond,19,8732.64,459.61,10.53,2,Clothing,4,4.7,11,14,47,Mobile,Cash on Delivery,5.04,28,4,367,12578.44,0.8005,Satisfied,Premium Spender
AMZ-102176,23,Female,Middle East,2022,3,Prime,Gold,7,787.26,112.47,28.57,2,Toys,1,4.2,14,86,112,Mobile,Amazon Pay,49.81,29,3,39,1103.4,0.2732,Dissatisfied,Bargain Hunter
AMZ-102177,62,Female,South Asia,2021,4,Prime,Silver,47,1691.19,35.98,4.26,2,Automotive,9,4.7,24,31,75,Alexa,Credit Card,45.99,21,4,405,2032.29,0.8607,Satisfied,Loyal Shopper
AMZ-102178,60,Female,Europe,2018,7,Non-Prime,Gold,0,52.24,52.24,100.0,1,Automotive,8,2.8,4,4,19,Desktop,Net Banking,69.21,3,2,673,55.93,0.094,Very Dissatisfied,Inactive User
AMZ-102179,48,Female,Europe,2021,4,Prime,Diamond,6,101.33,16.89,0.0,0,Home & Kitchen,6,2.7,31,3,47,Smart TV,Debit Card,78.56,14,2,463,119.76,0.0271,Dissatisfied,Occasional Buyer
AMZ-102180,44,Non-Binary,Southeast Asia,2021,4,Prime,Gold,18,211.96,11.78,50.0,9,Grocery,8,4.2,49,90,101,Alexa,Net Banking,71.97,5,2,71,312.15,0.077,Neutral,Bargain Hunter
AMZ-102181,18,Female,Latin America,2015,10,Prime,Platinum,69,3750.87,54.36,2.9,2,Books,5,4.8,4,19,172,Tablet,Cash on Delivery,10.74,20,0,591,4937.28,0.8262,Very Satisfied,Loyal Shopper
AMZ-102182,41,Non-Binary,Southeast Asia,2016,9,Prime,Silver,0,86.82,86.82,100.0,1,Office,4,2.7,0,2,15,Mobile,Debit Card,47.2,20,0,2,117.02,0.9181,Very Dissatisfied,Inactive User
AMZ-102183,36,Male,East Asia,2023,2,Non-Prime,Gold,14,570.46,40.75,14.29,2,Automotive,7,2.4,46,2,36,Alexa,Credit Card,34.05,15,0,187,658.57,0.4054,Dissatisfied,Occasional Buyer
AMZ-102184,57,Female,East Asia,2016,9,Non-Prime,Diamond,21,1566.07,74.57,4.76,1,Office,5,4.6,29,24,61,Tablet,Credit Card,2.91,13,3,141,1615.01,0.1759,Very Satisfied,Loyal Shopper
AMZ-102185,32,Male,North America,2021,4,Non-Prime,Platinum,39,11488.67,294.58,10.26,4,Toys,9,4.9,8,24,79,Tablet,Net Banking,25.06,22,3,46,11833.63,0.5549,Satisfied,Premium Spender
AMZ-102186,63,Male,Latin America,2015,10,Prime,Platinum,2,382.1,191.05,150.0,3,Books,4,4.0,42,2,29,Smart TV,Gift Card,11.12,6,2,339,451.61,0.7847,Satisfied,Occasional Buyer
AMZ-102187,38,Male,Europe,2019,6,Prime,Platinum,2,7.83,3.92,50.0,1,Beauty,2,2.1,15,2,8,Smart TV,Cash on Delivery,9.89,28,0,97,10.99,0.4738,Dissatisfied,Inactive User
AMZ-102188,60,Female,South Asia,2018,7,Prime,Silver,68,1920.62,28.24,1.47,1,Books,3,4.8,45,41,118,Mobile,UPI,11.5,29,2,665,2562.61,0.8281,Satisfied,Loyal Shopper
AMZ-102189,57,Female,East Asia,2018,7,Prime,Gold,41,2270.85,55.39,0.0,0,Automotive,7,4.5,25,30,120,Smart TV,UPI,78.95,33,3,618,2335.54,0.3789,Very Satisfied,Loyal Shopper
AMZ-102190,46,Non-Binary,Middle East,2017,8,Prime,Gold,12,491.24,40.94,50.0,6,Home & Kitchen,6,3.1,40,78,166,Desktop,Debit Card,39.53,15,4,443,600.93,0.9121,Neutral,Bargain Hunter
AMZ-102191,68,Male,Europe,2022,3,Prime,Diamond,2,485.24,242.62,100.0,2,Books,3,2.7,49,14,48,Tablet,Net Banking,3.71,2,3,542,593.68,0.621,Neutral,Occasional Buyer
AMZ-102192,28,Male,North America,2016,9,Prime,Gold,0,61.52,61.52,0.0,0,Office,5,1.5,5,3,0,Mobile,Credit Card,76.47,27,0,337,78.67,0.8895,Very Dissatisfied,Inactive User
AMZ-102193,43,Non-Binary,Latin America,2022,3,Non-Prime,Gold,14,155.56,11.11,0.0,0,Electronics,8,3.3,11,14,46,Smart TV,Net Banking,10.32,8,3,82,185.45,0.6086,Satisfied,Occasional Buyer
AMZ-102194,19,Male,Latin America,2015,10,Non-Prime,Silver,1,459.94,459.94,200.0,2,Automotive,6,3.8,38,3,38,Desktop,Cash on Delivery,77.54,21,3,165,649.49,0.9003,Satisfied,Occasional Buyer
AMZ-102195,62,Male,North America,2016,9,Non-Prime,Gold,37,11956.33,323.14,2.7,1,Office,5,3.6,11,15,77,Tablet,Credit Card,46.21,19,2,454,12681.98,0.1156,Neutral,Premium Spender
AMZ-102196,56,Female,Europe,2017,8,Prime,Gold,43,5647.69,131.34,6.98,3,Electronics,3,4.5,7,12,98,Mobile,Net Banking,23.33,1,1,168,8129.81,0.3353,Very Satisfied,Premium Spender
AMZ-102197,40,Non-Binary,Europe,2019,6,Prime,Gold,2,19.94,9.97,50.0,1,Clothing,3,2.7,11,3,5,Desktop,Net Banking,27.49,31,4,495,27.02,0.6514,Dissatisfied,Inactive User
AMZ-102198,69,Male,South Asia,2018,7,Prime,Gold,14,154.57,11.04,14.29,2,Clothing,8,3.8,15,24,183,Tablet,Gift Card,78.63,14,1,261,181.93,0.5532,Dissatisfied,Bargain Hunter
AMZ-102199,32,Female,South Asia,2022,3,Non-Prime,Gold,13,531.71,40.9,46.15,6,Electronics,4,3.7,3,50,135,Mobile,Net Banking,41.91,9,0,308,619.62,0.1651,Dissatisfied,Bargain Hunter
AMZ-102200,47,Non-Binary,East Asia,2023,2,Prime,Diamond,67,4629.9,69.1,2.99,2,Clothing,2,3.9,29,16,63,Mobile,Cash on Delivery,22.06,22,3,164,6236.45,0.0031,Satisfied,Loyal Shopper
AMZ-102201,64,Female,North America,2022,3,Prime,Platinum,79,4941.0,62.54,0.0,0,Electronics,9,4.6,26,27,108,Alexa,Debit Card,53.82,22,0,555,5828.15,0.8484,Satisfied,Loyal Shopper
AMZ-102202,42,Male,East Asia,2016,9,Prime,Gold,43,13668.09,317.86,2.33,1,Books,2,4.7,49,15,55,Desktop,Gift Card,21.05,30,3,264,17572.93,0.425,Satisfied,Premium Spender
AMZ-102203,39,Male,Latin America,2016,9,Prime,Platinum,7,347.72,49.67,57.14,4,Grocery,2,4.4,48,78,218,Alexa,Net Banking,11.72,19,3,565,470.28,0.6527,Satisfied,Bargain Hunter
AMZ-102204,25,Non-Binary,Europe,2023,2,Prime,Gold,1,58.83,58.83,0.0,0,Office,3,2.0,16,4,7,Alexa,Net Banking,53.68,17,1,474,81.08,0.5845,Neutral,Inactive User
AMZ-102205,26,Female,Southeast Asia,2017,8,Prime,Diamond,4,37.17,9.29,25.0,1,Sports,7,2.6,29,0,15,Tablet,Amazon Pay,27.92,3,3,708,39.93,0.764,Dissatisfied,Inactive User
AMZ-102206,25,Non-Binary,East Asia,2020,5,Prime,Gold,2,81.69,40.84,50.0,1,Toys,5,1.1,11,1,0,Tablet,Gift Card,72.49,24,4,12,91.29,0.4444,Dissatisfied,Inactive User
AMZ-102207,53,Male,East Asia,2019,6,Non-Prime,Silver,3,81.56,27.19,0.0,0,Clothing,5,3.0,39,2,9,Mobile,Debit Card,9.73,5,3,244,82.81,0.8595,Very Dissatisfied,Inactive User
AMZ-102208,20,Non-Binary,Southeast Asia,2015,10,Prime,Gold,4,12.88,3.22,0.0,0,Electronics,6,2.9,42,2,11,Alexa,Debit Card,54.95,21,0,119,15.23,0.0279,Dissatisfied,Inactive User
AMZ-102209,18,Male,South Asia,2019,6,Prime,Silver,0,67.98,67.98,0.0,0,Home & Kitchen,9,2.7,9,2,15,Alexa,UPI,16.66,0,4,588,73.09,0.8858,Dissatisfied,Inactive User
AMZ-102210,42,Non-Binary,Middle East,2023,2,Prime,Platinum,20,616.51,30.83,45.0,9,Sports,3,4.0,11,80,117,Tablet,UPI,37.5,38,1,599,804.03,0.5462,Satisfied,Bargain Hunter
AMZ-102211,65,Male,Southeast Asia,2015,10,Prime,Gold,47,4415.13,93.94,4.26,2,Clothing,2,4.1,28,43,88,Desktop,Net Banking,16.54,10,4,460,4502.44,0.1774,Very Satisfied,Loyal Shopper
AMZ-102212,62,Male,Middle East,2017,8,Prime,Silver,6,627.53,104.59,83.33,5,Toys,8,3.2,24,73,135,Alexa,Credit Card,35.86,7,4,213,674.58,0.4386,Dissatisfied,Bargain Hunter
AMZ-102213,48,Male,Latin America,2021,4,Prime,Platinum,5,228.6,45.72,40.0,2,Electronics,4,2.3,26,9,58,Mobile,Cash on Delivery,60.86,22,2,632,291.2,0.6067,Dissatisfied,Occasional Buyer
AMZ-102214,69,Non-Binary,Latin America,2017,8,Prime,Silver,6,411.24,68.54,33.33,2,Books,5,4.0,8,25,222,Tablet,Debit Card,11.38,4,3,299,444.01,0.3292,Neutral,Bargain Hunter
AMZ-102215,44,Male,Latin America,2023,2,Prime,Diamond,0,81.26,81.26,0.0,0,Books,7,1.4,5,0,8,Smart TV,Cash on Delivery,25.08,3,3,362,101.09,0.7832,Dissatisfied,Inactive User
AMZ-102216,31,Female,North America,2021,4,Non-Prime,Silver,4,68.93,17.23,25.0,1,Clothing,4,2.1,19,0,13,Tablet,Amazon Pay,31.89,38,2,402,90.43,0.1923,Neutral,Inactive User
AMZ-102217,71,Male,East Asia,2018,7,Non-Prime,Platinum,22,7288.51,331.3,13.64,3,Sports,9,4.6,1,6,49,Tablet,Debit Card,67.43,20,1,677,10708.98,0.2742,Very Satisfied,Premium Spender
AMZ-102218,58,Male,Middle East,2021,4,Non-Prime,Diamond,9,517.76,57.53,66.67,6,Sports,3,3.6,14,81,123,Smart TV,UPI,68.16,11,2,485,585.19,0.7883,Dissatisfied,Bargain Hunter
AMZ-102219,52,Male,East Asia,2022,3,Prime,Silver,25,548.59,21.94,32.0,8,Beauty,3,4.2,32,39,129,Smart TV,Gift Card,25.22,17,0,249,789.39,0.4097,Neutral,Bargain Hunter
AMZ-102220,43,Female,Southeast Asia,2023,2,Prime,Silver,11,469.03,42.64,45.45,5,Office,9,2.5,24,97,106,Mobile,Credit Card,75.8,26,2,587,579.69,0.3706,Dissatisfied,Bargain Hunter
AMZ-102221,21,Female,Europe,2020,5,Non-Prime,Platinum,11,251.83,22.89,9.09,1,Books,7,2.2,6,1,39,Tablet,Net Banking,37.15,0,3,152,278.42,0.3988,Neutral,Occasional Buyer
AMZ-102222,44,Non-Binary,South Asia,2019,6,Prime,Diamond,4,3.4,0.85,25.0,1,Office,3,2.7,26,3,6,Mobile,Debit Card,10.77,39,3,513,3.48,0.5176,Very Dissatisfied,Inactive User
AMZ-102223,37,Female,Middle East,2022,3,Prime,Platinum,44,10695.36,243.08,0.0,0,Beauty,8,3.3,18,27,69,Mobile,Amazon Pay,10.27,12,4,79,12267.74,0.7066,Satisfied,Premium Spender
AMZ-102224,28,Non-Binary,Southeast Asia,2021,4,Non-Prime,Silver,6,341.03,56.84,0.0,0,Grocery,3,2.7,18,14,37,Mobile,Net Banking,37.95,28,1,436,414.79,0.9582,Neutral,Occasional Buyer
AMZ-102225,26,Female,South Asia,2017,8,Prime,Diamond,40,14928.11,373.2,7.5,3,Office,6,3.8,43,8,55,Alexa,UPI,4.49,23,1,26,17997.45,0.3512,Satisfied,Premium Spender
AMZ-102226,21,Female,East Asia,2021,4,Prime,Gold,23,11988.46,521.24,0.0,0,Clothing,9,3.2,9,24,82,Mobile,Credit Card,45.91,24,0,700,13536.64,0.1709,Very Satisfied,Premium Spender
AMZ-102227,25,Male,East Asia,2018,7,Prime,Platinum,13,158.4,12.18,23.08,3,Grocery,2,3.0,4,15,53,Mobile,UPI,54.51,21,0,120,171.47,0.6874,Neutral,Occasional Buyer
AMZ-102228,36,Male,Europe,2017,8,Non-Prime,Platinum,0,90.76,90.76,0.0,0,Clothing,9,1.1,2,0,18,Alexa,Gift Card,57.28,6,0,128,91.85,0.0438,Neutral,Inactive User
AMZ-102229,49,Non-Binary,South Asia,2021,4,Prime,Gold,35,12608.19,360.23,0.0,0,Grocery,4,3.6,35,24,68,Mobile,Gift Card,38.46,30,3,437,14232.99,0.6742,Satisfied,Premium Spender
AMZ-102230,63,Male,Latin America,2017,8,Prime,Gold,6,426.63,71.11,33.33,2,Toys,7,2.7,29,1,44,Alexa,Net Banking,20.61,0,0,531,510.08,0.782,Neutral,Occasional Buyer
AMZ-102231,47,Male,Middle East,2015,10,Non-Prime,Platinum,5,391.96,78.39,40.0,2,Toys,2,3.6,12,6,15,Tablet,Debit Card,2.92,27,1,269,443.18,0.3612,Satisfied,Occasional Buyer
AMZ-102232,50,Female,East Asia,2019,6,Non-Prime,Gold,22,481.29,21.88,9.09,2,Beauty,1,3.2,5,22,213,Alexa,Gift Card,1.21,3,4,171,635.83,0.0282,Neutral,Bargain Hunter
AMZ-102233,68,Female,East Asia,2016,9,Prime,Silver,45,932.73,20.73,4.44,2,Automotive,8,4.0,23,23,66,Mobile,Cash on Delivery,75.57,24,0,625,1004.31,0.0338,Very Satisfied,Loyal Shopper
AMZ-102234,53,Non-Binary,Southeast Asia,2017,8,Prime,Platinum,35,10937.66,312.5,5.71,2,Beauty,6,3.7,11,26,57,Tablet,Cash on Delivery,35.42,30,4,35,14975.03,0.3346,Neutral,Premium Spender
AMZ-102235,23,Female,East Asia,2022,3,Prime,Platinum,6,793.29,132.22,150.0,9,Beauty,5,3.0,35,24,225,Alexa,Net Banking,53.82,29,4,495,816.58,0.6535,Neutral,Bargain Hunter
AMZ-102236,20,Male,East Asia,2019,6,Non-Prime,Silver,26,4764.29,183.24,0.0,0,Books,5,4.2,31,17,172,Smart TV,Gift Card,1.59,17,4,632,5939.63,0.165,Satisfied,Loyal Shopper
AMZ-102237,45,Female,East Asia,2022,3,Prime,Silver,8,211.12,26.39,0.0,0,Home & Kitchen,9,2.5,36,9,31,Mobile,Amazon Pay,44.13,36,0,699,316.66,0.7105,Dissatisfied,Occasional Buyer
AMZ-102238,57,Female,Europe,2017,8,Non-Prime,Gold,50,2103.06,42.06,2.0,1,Automotive,8,4.0,20,20,153,Alexa,Cash on Delivery,32.86,21,1,534,3111.73,0.9789,Very Satisfied,Loyal Shopper
AMZ-102239,35,Non-Binary,Europe,2020,5,Prime,Platinum,18,734.11,40.78,11.11,2,Electronics,3,4.5,15,44,233,Tablet,Debit Card,50.4,5,0,161,829.85,0.395,Dissatisfied,Bargain Hunter
AMZ-102240,22,Male,East Asia,2016,9,Prime,Gold,63,4222.56,67.02,3.17,2,Grocery,5,3.5,16,17,152,Tablet,UPI,11.8,3,1,523,4874.02,0.69,Very Satisfied,Loyal Shopper
AMZ-102241,67,Male,Southeast Asia,2021,4,Non-Prime,Gold,1,587.06,587.06,200.0,2,Clothing,5,2.4,6,3,12,Mobile,Credit Card,49.91,22,1,358,716.26,0.4227,Satisfied,Occasional Buyer
AMZ-102242,30,Non-Binary,Southeast Asia,2021,4,Non-Prime,Diamond,12,637.86,53.16,75.0,9,Books,1,3.2,43,37,125,Alexa,Credit Card,61.69,38,3,555,726.49,0.2594,Dissatisfied,Bargain Hunter
AMZ-102243,26,Male,Middle East,2021,4,Prime,Gold,4,1.43,0.36,0.0,0,Automotive,9,2.6,13,1,10,Desktop,Debit Card,37.46,23,1,352,1.67,0.1507,Dissatisfied,Inactive User
AMZ-102244,28,Female,South Asia,2019,6,Prime,Diamond,42,12954.53,308.44,2.38,1,Electronics,3,3.5,18,22,43,Mobile,Credit Card,45.63,10,4,538,17650.15,0.2472,Very Satisfied,Premium Spender
AMZ-102245,48,Female,East Asia,2021,4,Prime,Diamond,1,24.65,24.65,0.0,0,Books,1,1.4,45,4,14,Smart TV,UPI,62.73,0,2,416,29.94,0.8453,Neutral,Inactive User
AMZ-102246,27,Non-Binary,East Asia,2021,4,Non-Prime,Silver,19,6201.68,326.4,10.53,2,Electronics,5,4.0,32,14,45,Desktop,Debit Card,38.48,7,2,61,7321.15,0.4749,Very Satisfied,Premium Spender
AMZ-102247,45,Non-Binary,North America,2023,2,Prime,Diamond,8,116.14,14.52,62.5,5,Books,4,3.1,45,84,96,Alexa,Debit Card,14.12,29,2,302,145.92,0.2862,Neutral,Bargain Hunter
AMZ-102248,54,Male,South Asia,2015,10,Non-Prime,Diamond,0,49.22,49.22,100.0,1,Beauty,8,1.9,26,2,16,Smart TV,Net Banking,70.51,37,2,564,69.24,0.666,Neutral,Inactive User
AMZ-102249,28,Non-Binary,Europe,2023,2,Non-Prime,Silver,38,6651.83,175.05,5.26,2,Toys,7,4.3,1,17,55,Mobile,UPI,53.02,18,4,429,9381.65,0.3778,Neutral,Premium Spender
AMZ-102250,36,Female,Middle East,2017,8,Prime,Gold,61,2007.08,32.9,0.0,0,Electronics,7,4.0,6,36,145,Mobile,Amazon Pay,21.36,33,2,427,2989.0,0.4546,Satisfied,Loyal Shopper
AMZ-102251,63,Male,East Asia,2021,4,Non-Prime,Platinum,2,76.86,38.43,0.0,0,Books,1,2.4,9,4,19,Alexa,Amazon Pay,75.28,17,2,653,91.06,0.3643,Dissatisfied,Inactive User
AMZ-102252,31,Female,Middle East,2021,4,Prime,Platinum,79,1212.13,15.34,1.27,1,Electronics,5,4.1,46,40,148,Alexa,Debit Card,73.22,32,3,606,1251.55,0.4929,Very Satisfied,Loyal Shopper
AMZ-102253,69,Male,East Asia,2019,6,Non-Prime,Gold,18,7379.81,409.99,11.11,2,Home & Kitchen,5,5.0,24,22,68,Alexa,UPI,30.98,35,0,398,9751.91,0.6124,Satisfied,Premium Spender
AMZ-102254,43,Male,South Asia,2016,9,Prime,Platinum,3,84.95,28.32,33.33,1,Beauty,9,3.0,31,0,14,Tablet,Gift Card,16.35,29,2,9,117.05,0.4698,Dissatisfied,Inactive User
AMZ-102255,35,Female,North America,2020,5,Non-Prime,Platinum,15,528.46,35.23,20.0,3,Clothing,9,3.8,21,21,225,Alexa,UPI,53.66,35,3,418,615.75,0.2697,Neutral,Bargain Hunter
AMZ-102256,46,Male,East Asia,2019,6,Prime,Silver,23,7321.87,318.34,17.39,4,Beauty,5,4.1,44,11,52,Desktop,Gift Card,64.89,13,4,630,10251.1,0.2807,Very Satisfied,Premium Spender
AMZ-102257,35,Female,East Asia,2021,4,Non-Prime,Silver,25,13756.12,550.24,16.0,4,Grocery,4,4.3,1,19,44,Mobile,Credit Card,26.01,9,1,714,16566.99,0.7412,Neutral,Premium Spender
AMZ-102258,63,Male,North America,2021,4,Prime,Silver,35,1048.74,29.96,0.0,0,Grocery,4,3.9,48,24,97,Desktop,Amazon Pay,72.38,5,1,412,1140.69,0.7994,Satisfied,Loyal Shopper
AMZ-102259,43,Non-Binary,North America,2015,10,Prime,Diamond,26,4742.36,182.4,3.85,1,Clothing,6,4.4,39,26,112,Smart TV,Credit Card,77.42,31,2,379,6591.48,0.9213,Neutral,Premium Spender
AMZ-102260,57,Male,North America,2022,3,Prime,Gold,7,272.03,38.86,28.57,2,Sports,6,3.3,37,9,14,Tablet,Amazon Pay,46.65,37,1,53,382.51,0.3124,Satisfied,Occasional Buyer
AMZ-102261,57,Non-Binary,Middle East,2020,5,Prime,Diamond,19,457.36,24.07,42.11,8,Office,1,3.9,42,99,170,Mobile,Gift Card,46.61,24,1,485,637.96,0.1061,Satisfied,Bargain Hunter
AMZ-102262,63,Non-Binary,Latin America,2023,2,Prime,Gold,23,8558.1,372.09,8.7,2,Grocery,5,5.0,29,19,90,Tablet,Amazon Pay,39.55,19,0,176,11110.35,0.9382,Neutral,Premium Spender
AMZ-102263,22,Male,Europe,2021,4,Non-Prime,Silver,17,561.75,33.04,29.41,5,Grocery,3,4.0,40,49,231,Smart TV,Cash on Delivery,45.12,0,0,105,787.44,0.2425,Neutral,Bargain Hunter
AMZ-102264,33,Female,South Asia,2023,2,Prime,Gold,53,1000.09,18.87,3.77,2,Toys,6,4.3,19,44,131,Mobile,Debit Card,41.75,10,3,261,1408.26,0.6858,Satisfied,Loyal Shopper
AMZ-102265,23,Non-Binary,Latin America,2021,4,Prime,Silver,22,4670.84,212.31,0.0,0,Books,2,4.9,43,49,129,Tablet,Gift Card,17.1,26,4,50,6606.89,0.003,Satisfied,Loyal Shopper
AMZ-102266,70,Male,Middle East,2019,6,Prime,Silver,23,642.32,27.93,34.78,8,Sports,5,3.3,1,32,198,Tablet,UPI,2.77,13,4,606,863.1,0.8745,Dissatisfied,Bargain Hunter
AMZ-102267,24,Non-Binary,Southeast Asia,2018,7,Prime,Gold,50,2612.68,52.25,2.0,1,Toys,5,3.8,1,48,127,Alexa,Net Banking,52.45,26,1,643,3864.2,0.3308,Very Satisfied,Loyal Shopper
AMZ-102268,70,Non-Binary,Southeast Asia,2016,9,Non-Prime,Diamond,3,56.4,18.8,33.33,1,Sports,2,1.9,4,0,16,Alexa,Net Banking,25.7,34,3,429,69.31,0.1615,Neutral,Inactive User
AMZ-102269,71,Non-Binary,Latin America,2017,8,Non-Prime,Diamond,3,30.27,10.09,33.33,1,Books,8,2.5,10,2,15,Alexa,Amazon Pay,53.45,24,3,105,44.21,0.3727,Neutral,Inactive User
AMZ-102270,39,Non-Binary,Southeast Asia,2019,6,Non-Prime,Gold,29,1898.01,65.45,6.9,2,Clothing,3,4.0,13,49,94,Tablet,UPI,10.31,22,1,298,2128.65,0.957,Satisfied,Loyal Shopper
AMZ-102271,25,Male,East Asia,2016,9,Non-Prime,Platinum,5,367.61,73.52,160.0,8,Office,9,3.3,41,84,224,Alexa,Cash on Delivery,19.37,28,0,334,490.6,0.8222,Satisfied,Bargain Hunter
AMZ-102272,37,Male,North America,2023,2,Prime,Gold,59,3741.92,63.42,0.0,0,Sports,4,4.1,7,47,98,Desktop,Cash on Delivery,74.24,19,2,556,5444.87,0.1177,Very Satisfied,Loyal Shopper
AMZ-102273,45,Non-Binary,Middle East,2023,2,Prime,Diamond,36,6739.15,187.2,8.33,3,Office,7,4.1,26,8,107,Mobile,UPI,39.65,16,3,679,9222.57,0.7726,Neutral,Premium Spender
AMZ-102274,42,Female,Latin America,2020,5,Prime,Diamond,46,5709.86,124.13,4.35,2,Toys,2,3.5,3,22,55,Mobile,Net Banking,30.88,13,0,213,5759.85,0.4376,Satisfied,Premium Spender
AMZ-102275,23,Non-Binary,South Asia,2018,7,Prime,Gold,43,4285.35,99.66,0.0,0,Grocery,7,4.5,28,27,99,Alexa,Debit Card,11.64,8,2,96,5944.19,0.3556,Satisfied,Premium Spender
AMZ-102276,38,Non-Binary,Middle East,2016,9,Prime,Gold,4,530.14,132.53,25.0,1,Grocery,6,2.8,33,1,58,Desktop,Net Banking,38.01,12,4,488,627.73,0.594,Satisfied,Occasional Buyer
AMZ-102277,59,Female,East Asia,2018,7,Prime,Platinum,0,77.38,77.38,100.0,1,Toys,8,1.5,42,1,16,Mobile,Debit Card,20.75,2,4,606,84.18,0.3501,Dissatisfied,Inactive User
AMZ-102278,42,Female,Europe,2021,4,Prime,Gold,3,44.4,14.8,33.33,1,Toys,3,2.1,36,0,3,Alexa,Cash on Delivery,39.17,27,0,189,50.52,0.5276,Neutral,Inactive User
AMZ-102279,19,Non-Binary,South Asia,2015,10,Prime,Platinum,11,246.4,22.4,18.18,2,Books,3,2.1,21,5,19,Alexa,Gift Card,61.79,23,1,724,249.96,0.5125,Satisfied,Occasional Buyer
AMZ-102280,27,Female,Southeast Asia,2020,5,Non-Prime,Silver,2,91.12,45.56,0.0,0,Home & Kitchen,1,2.8,10,0,9,Mobile,UPI,3.94,16,3,69,96.46,0.1452,Very Dissatisfied,Inactive User
AMZ-102281,47,Male,Latin America,2017,8,Non-Prime,Gold,19,14223.23,748.59,10.53,2,Home & Kitchen,6,4.0,5,23,81,Alexa,Amazon Pay,55.15,21,0,10,19169.35,0.1839,Neutral,Premium Spender
AMZ-102282,54,Male,Europe,2019,6,Prime,Platinum,4,0.96,0.24,0.0,0,Toys,1,2.1,21,1,0,Alexa,Debit Card,8.1,31,3,147,1.36,0.2548,Very Dissatisfied,Inactive User
AMZ-102283,24,Non-Binary,Europe,2023,2,Non-Prime,Silver,24,3768.43,157.02,0.0,0,Electronics,7,4.1,48,18,116,Desktop,Gift Card,68.53,5,4,319,4952.92,0.0906,Satisfied,Loyal Shopper
AMZ-102284,71,Male,Latin America,2019,6,Non-Prime,Diamond,20,3381.0,169.05,0.0,0,Office,5,4.7,48,28,128,Smart TV,Gift Card,21.55,6,2,500,4058.9,0.2574,Very Satisfied,Loyal Shopper
AMZ-102285,34,Male,East Asia,2023,2,Prime,Gold,17,171.72,10.1,35.29,6,Books,3,3.7,17,56,109,Mobile,Net Banking,49.24,14,0,296,183.25,0.1516,Neutral,Bargain Hunter
AMZ-102286,26,Male,North America,2016,9,Prime,Diamond,73,4244.24,58.14,2.74,2,Grocery,9,3.5,26,17,97,Mobile,UPI,54.74,31,0,208,5683.21,0.7676,Satisfied,Loyal Shopper
AMZ-102287,71,Female,Latin America,2020,5,Non-Prime,Silver,11,248.94,22.63,0.0,0,Beauty,3,3.6,6,3,26,Mobile,Gift Card,77.71,10,1,56,290.44,0.1568,Neutral,Occasional Buyer
AMZ-102288,22,Non-Binary,Middle East,2022,3,Prime,Diamond,24,8578.44,357.44,16.67,4,Toys,3,3.2,3,14,82,Desktop,Credit Card,13.05,12,4,631,11283.7,0.5068,Satisfied,Premium Spender
AMZ-102289,69,Non-Binary,Europe,2021,4,Prime,Silver,10,585.37,58.54,30.0,3,Automotive,7,2.1,29,18,57,Smart TV,Gift Card,50.61,6,4,325,824.63,0.043,Neutral,Occasional Buyer
AMZ-102290,19,Female,South Asia,2018,7,Prime,Diamond,2,27.51,13.76,50.0,1,Clothing,6,2.3,13,0,18,Smart TV,Cash on Delivery,62.37,25,1,494,31.69,0.6525,Very Dissatisfied,Inactive User
AMZ-102291,53,Male,Middle East,2021,4,Prime,Platinum,39,12649.69,324.35,2.56,1,Electronics,1,4.8,7,9,55,Alexa,Cash on Delivery,39.65,14,1,658,17454.84,0.6847,Very Satisfied,Premium Spender
AMZ-102292,24,Female,Latin America,2022,3,Non-Prime,Diamond,25,567.17,22.69,36.0,9,Toys,4,4.3,7,43,123,Mobile,Debit Card,12.45,20,2,263,742.25,0.4829,Dissatisfied,Bargain Hunter
AMZ-102293,71,Non-Binary,North America,2019,6,Prime,Silver,3,48.26,16.09,0.0,0,Toys,1,1.3,48,4,9,Alexa,Net Banking,40.24,18,1,187,52.98,0.3931,Neutral,Inactive User
AMZ-102294,41,Male,South Asia,2018,7,Prime,Gold,3,53.0,17.67,33.33,1,Automotive,8,2.3,47,4,4,Desktop,Credit Card,61.28,32,4,611,56.3,0.045,Very Dissatisfied,Inactive User
AMZ-102295,65,Female,Latin America,2016,9,Prime,Gold,24,4199.75,174.99,8.33,2,Beauty,8,4.8,4,27,91,Smart TV,Credit Card,39.69,31,0,132,5064.37,0.0481,Satisfied,Loyal Shopper
AMZ-102296,37,Male,Southeast Asia,2020,5,Prime,Gold,48,6604.32,137.59,2.08,1,Clothing,3,4.5,15,29,65,Mobile,Credit Card,67.11,17,4,376,6769.7,0.7499,Very Satisfied,Premium Spender
AMZ-102297,35,Male,Southeast Asia,2023,2,Prime,Gold,0,23.38,23.38,100.0,1,Toys,4,1.5,31,2,9,Desktop,Cash on Delivery,53.86,25,2,426,32.99,0.309,Dissatisfied,Inactive User
AMZ-102298,67,Female,South Asia,2018,7,Prime,Diamond,2,94.13,47.06,0.0,0,Grocery,8,2.0,18,3,14,Alexa,Amazon Pay,53.91,30,0,445,105.5,0.0401,Neutral,Inactive User
AMZ-102299,66,Male,South Asia,2021,4,Prime,Silver,39,5099.2,130.75,10.26,4,Grocery,9,3.2,14,11,78,Tablet,Amazon Pay,60.13,3,1,619,5998.46,0.7848,Satisfied,Premium Spender
AMZ-102300,31,Male,Latin America,2022,3,Prime,Platinum,5,405.45,81.09,60.0,3,Electronics,1,3.6,23,14,22,Desktop,Cash on Delivery,69.6,6,0,349,577.36,0.1742,Satisfied,Occasional Buyer
AMZ-102301,18,Non-Binary,North America,2022,3,Prime,Diamond,21,10556.99,502.71,4.76,1,Sports,6,3.9,40,28,89,Tablet,Credit Card,7.89,7,3,669,11854.78,0.7422,Neutral,Premium Spender
AMZ-102302,70,Male,Latin America,2019,6,Prime,Silver,42,1706.54,40.63,4.76,2,Toys,1,4.0,49,32,63,Smart TV,UPI,56.62,16,1,450,2463.32,0.0587,Satisfied,Loyal Shopper
AMZ-102303,41,Female,Latin America,2018,7,Prime,Gold,28,677.5,24.2,7.14,2,Clothing,5,3.5,37,40,192,Mobile,Credit Card,42.39,38,3,474,794.73,0.8681,Neutral,Bargain Hunter
AMZ-102304,44,Female,East Asia,2020,5,Non-Prime,Gold,52,4874.42,93.74,3.85,2,Books,3,5.0,46,22,62,Desktop,Amazon Pay,7.9,5,1,42,6452.86,0.9917,Very Satisfied,Loyal Shopper
AMZ-102305,45,Male,Middle East,2019,6,Non-Prime,Platinum,2,44.08,22.04,0.0,0,Automotive,2,1.9,32,3,15,Alexa,Gift Card,23.85,25,1,161,53.51,0.6622,Very Dissatisfied,Inactive User
AMZ-102306,49,Male,East Asia,2017,8,Non-Prime,Gold,29,4461.03,153.83,6.9,2,Books,9,4.3,21,41,149,Alexa,Debit Card,43.14,3,3,391,5196.58,0.7057,Satisfied,Loyal Shopper
AMZ-102307,54,Female,Southeast Asia,2021,4,Prime,Platinum,1,31.16,31.16,0.0,0,Home & Kitchen,4,1.9,48,4,4,Alexa,Cash on Delivery,29.96,8,3,74,39.44,0.9178,Neutral,Inactive User
AMZ-102308,38,Male,Southeast Asia,2016,9,Non-Prime,Diamond,29,7979.44,275.15,13.79,4,Toys,7,3.9,1,29,96,Mobile,Gift Card,28.65,23,1,664,10051.12,0.4496,Very Satisfied,Premium Spender
AMZ-102309,54,Male,Southeast Asia,2015,10,Prime,Gold,16,3835.29,239.71,6.25,1,Toys,6,4.2,40,26,102,Alexa,Cash on Delivery,3.49,35,0,357,5631.83,0.66,Very Satisfied,Premium Spender
AMZ-102310,19,Female,East Asia,2022,3,Prime,Diamond,43,1915.46,44.55,4.65,2,Grocery,8,4.9,24,43,93,Desktop,Credit Card,28.99,31,0,6,2695.79,0.8173,Very Satisfied,Loyal Shopper
AMZ-102311,69,Male,Latin America,2015,10,Prime,Platinum,28,1134.74,40.53,7.14,2,Clothing,5,4.6,11,28,81,Mobile,Gift Card,4.08,18,1,709,1347.84,0.4852,Very Satisfied,Loyal Shopper
AMZ-102312,63,Female,Middle East,2015,10,Prime,Silver,6,341.49,56.91,0.0,0,Sports,7,3.4,29,16,33,Smart TV,UPI,14.9,9,3,451,359.69,0.8215,Neutral,Occasional Buyer
AMZ-102313,21,Non-Binary,Latin America,2020,5,Prime,Silver,57,3795.8,66.59,0.0,0,Office,4,3.8,44,21,86,Desktop,Amazon Pay,61.17,11,4,147,4783.32,0.7447,Very Satisfied,Loyal Shopper
AMZ-102314,47,Female,East Asia,2018,7,Non-Prime,Silver,1,86.75,86.75,0.0,0,Grocery,1,2.1,1,3,9,Alexa,UPI,10.18,16,3,125,125.38,0.9909,Very Dissatisfied,Inactive User
AMZ-102315,65,Female,Middle East,2017,8,Non-Prime,Platinum,14,206.38,14.74,0.0,0,Grocery,3,2.2,17,18,46,Mobile,Debit Card,71.77,36,0,418,275.69,0.0016,Neutral,Occasional Buyer
AMZ-102316,70,Female,East Asia,2016,9,Prime,Gold,30,3456.53,115.22,3.33,1,Grocery,3,4.9,38,18,146,Smart TV,Net Banking,6.78,17,2,32,4493.89,0.5766,Very Satisfied,Loyal Shopper
AMZ-102317,69,Non-Binary,Europe,2021,4,Non-Prime,Platinum,0,43.69,43.69,100.0,1,Clothing,5,2.6,4,3,0,Tablet,UPI,63.3,30,3,78,48.44,0.1073,Neutral,Inactive User
AMZ-102318,20,Non-Binary,Middle East,2022,3,Non-Prime,Silver,3,572.2,190.73,0.0,0,Books,1,3.4,20,9,35,Tablet,Amazon Pay,8.62,34,4,104,850.97,0.8198,Satisfied,Occasional Buyer
AMZ-102319,29,Non-Binary,Middle East,2019,6,Prime,Silver,15,13689.66,912.64,6.67,1,Automotive,3,3.4,8,29,108,Mobile,Amazon Pay,74.21,15,3,123,18282.42,0.4057,Very Satisfied,Premium Spender
AMZ-102320,43,Non-Binary,Southeast Asia,2016,9,Prime,Diamond,46,2291.57,49.82,4.35,2,Automotive,5,4.7,39,39,86,Desktop,UPI,5.16,31,0,711,3364.83,0.7352,Very Satisfied,Loyal Shopper
AMZ-102321,35,Non-Binary,Southeast Asia,2022,3,Prime,Diamond,52,4823.2,92.75,1.92,1,Books,6,4.1,48,30,74,Alexa,Credit Card,8.01,0,0,234,6138.41,0.3201,Very Satisfied,Loyal Shopper
AMZ-102322,56,Non-Binary,Middle East,2020,5,Prime,Diamond,29,9476.33,326.77,3.45,1,Grocery,1,3.2,5,27,93,Desktop,Cash on Delivery,7.37,8,2,226,9816.06,0.8501,Neutral,Premium Spender
AMZ-102323,62,Female,Middle East,2016,9,Prime,Gold,4,56.04,14.01,25.0,1,Clothing,3,2.4,5,1,7,Tablet,UPI,18.74,19,0,83,68.43,0.3772,Neutral,Inactive User
AMZ-102324,71,Female,Latin America,2021,4,Prime,Platinum,3,92.08,30.69,33.33,1,Grocery,3,2.6,44,4,16,Mobile,Gift Card,19.93,36,2,86,125.62,0.8236,Dissatisfied,Inactive User
AMZ-102325,52,Female,North America,2015,10,Non-Prime,Platinum,79,2671.83,33.82,0.0,0,Electronics,9,3.8,2,46,172,Tablet,Cash on Delivery,50.73,8,4,59,2674.45,0.0769,Very Satisfied,Loyal Shopper
AMZ-102326,67,Non-Binary,Middle East,2016,9,Prime,Diamond,26,5754.14,221.31,11.54,3,Office,7,4.8,9,17,100,Mobile,Credit Card,48.93,25,4,284,6528.52,0.5012,Neutral,Premium Spender
AMZ-102327,69,Female,Middle East,2018,7,Prime,Platinum,28,119.55,4.27,25.0,7,Beauty,5,3.5,47,89,141,Tablet,Amazon Pay,51.41,27,1,524,142.73,0.6793,Neutral,Bargain Hunter
AMZ-102328,61,Female,Middle East,2018,7,Prime,Gold,60,1861.56,31.03,1.67,1,Clothing,1,4.9,28,49,137,Tablet,Cash on Delivery,37.22,5,1,647,1999.35,0.4663,Satisfied,Loyal Shopper
AMZ-102329,38,Male,Latin America,2016,9,Prime,Gold,1,15.8,15.8,0.0,0,Grocery,6,1.8,25,1,15,Alexa,Cash on Delivery,24.01,3,1,426,20.47,0.7434,Very Dissatisfied,Inactive User
AMZ-102330,34,Male,East Asia,2021,4,Prime,Silver,11,363.93,33.08,9.09,1,Beauty,3,2.2,21,16,27,Smart TV,Debit Card,28.23,35,1,431,535.05,0.7666,Dissatisfied,Occasional Buyer
AMZ-102331,44,Non-Binary,Latin America,2022,3,Prime,Gold,7,381.31,54.47,42.86,3,Grocery,5,3.5,19,9,26,Tablet,Net Banking,2.58,23,4,161,475.92,0.8643,Neutral,Occasional Buyer
AMZ-102332,64,Female,Southeast Asia,2018,7,Prime,Gold,49,12923.07,263.74,2.04,1,Toys,9,3.6,5,16,51,Alexa,Debit Card,3.37,23,4,5,18940.85,0.6587,Satisfied,Premium Spender
AMZ-102333,68,Non-Binary,Middle East,2019,6,Non-Prime,Platinum,22,2585.31,117.51,9.09,2,Books,2,3.7,34,33,162,Desktop,Cash on Delivery,78.5,2,3,150,2931.02,0.5199,Satisfied,Loyal Shopper
AMZ-102334,37,Non-Binary,Latin America,2016,9,Prime,Platinum,2,19.18,9.59,50.0,1,Beauty,9,2.2,10,0,16,Mobile,Net Banking,44.24,17,1,318,23.44,0.7002,Dissatisfied,Inactive User
AMZ-102335,34,Female,Southeast Asia,2020,5,Non-Prime,Platinum,42,14633.7,348.42,9.52,4,Electronics,4,3.6,24,23,56,Alexa,Amazon Pay,27.92,21,3,5,16230.87,0.2267,Very Satisfied,Premium Spender
AMZ-102336,20,Female,East Asia,2016,9,Prime,Gold,28,4150.29,148.22,0.0,0,Electronics,7,3.1,10,14,80,Desktop,Amazon Pay,16.58,13,0,315,5886.79,0.2737,Very Satisfied,Premium Spender
AMZ-102337,34,Non-Binary,Middle East,2023,2,Non-Prime,Silver,0,8.98,8.98,0.0,0,Books,6,2.9,14,0,4,Smart TV,UPI,1.24,30,3,200,11.56,0.0282,Dissatisfied,Inactive User
AMZ-102338,56,Male,South Asia,2015,10,Non-Prime,Platinum,46,3944.8,85.76,6.52,3,Office,7,4.9,10,19,97,Desktop,Amazon Pay,55.38,1,1,699,3981.3,0.7485,Satisfied,Premium Spender
AMZ-102339,47,Female,South Asia,2015,10,Prime,Platinum,20,693.06,34.65,20.0,4,Books,3,3.3,9,71,180,Tablet,Amazon Pay,64.52,33,1,166,1023.35,0.7672,Neutral,Bargain Hunter
AMZ-102340,30,Female,East Asia,2022,3,Prime,Gold,42,14274.23,339.86,2.38,1,Books,9,5.0,43,15,62,Desktop,Net Banking,17.01,15,1,209,21111.48,0.6161,Satisfied,Premium Spender
AMZ-102341,61,Non-Binary,South Asia,2015,10,Prime,Diamond,53,3998.22,75.44,1.89,1,Grocery,5,4.4,1,47,118,Mobile,Debit Card,52.96,19,1,347,4498.98,0.5452,Satisfied,Loyal Shopper
AMZ-102342,35,Female,North America,2017,8,Prime,Platinum,49,13224.45,269.89,4.08,2,Clothing,7,3.5,18,27,58,Mobile,Amazon Pay,23.81,12,1,215,14725.36,0.6252,Neutral,Premium Spender
AMZ-102343,44,Female,South Asia,2023,2,Prime,Diamond,15,269.21,17.95,33.33,5,Office,4,3.9,39,41,230,Alexa,Credit Card,40.58,36,2,643,401.64,0.4765,Neutral,Bargain Hunter
AMZ-102344,44,Female,Middle East,2016,9,Prime,Gold,1,63.57,63.57,100.0,1,Automotive,3,2.9,33,0,6,Mobile,Amazon Pay,19.28,6,2,277,69.0,0.6729,Neutral,Inactive User
AMZ-102345,18,Male,East Asia,2020,5,Non-Prime,Platinum,6,339.04,56.51,16.67,1,Toys,5,3.9,44,19,30,Desktop,Debit Card,14.43,26,4,684,490.28,0.1192,Neutral,Occasional Buyer
AMZ-102346,69,Female,Southeast Asia,2018,7,Prime,Platinum,4,144.5,36.12,25.0,1,Office,1,4.0,17,13,52,Alexa,Gift Card,13.04,17,2,680,198.97,0.7139,Satisfied,Occasional Buyer
AMZ-102347,44,Female,Europe,2015,10,Prime,Gold,15,8964.25,597.62,26.67,4,Clothing,2,3.8,24,16,51,Smart TV,Net Banking,69.49,27,4,36,11267.63,0.0913,Very Satisfied,Premium Spender
AMZ-102348,62,Female,Latin America,2020,5,Non-Prime,Platinum,9,193.87,21.54,22.22,2,Grocery,9,4.0,36,11,58,Tablet,Net Banking,17.21,31,1,488,258.0,0.4925,Satisfied,Occasional Buyer
AMZ-102349,21,Female,East Asia,2020,5,Prime,Platinum,0,19.51,19.51,100.0,1,Clothing,9,2.6,14,2,15,Alexa,Debit Card,8.51,3,2,84,21.34,0.693,Very Dissatisfied,Inactive User
AMZ-102350,39,Male,North America,2016,9,Non-Prime,Diamond,7,274.86,39.27,42.86,3,Beauty,7,3.5,0,8,17,Mobile,Debit Card,48.6,26,0,45,364.65,0.3808,Satisfied,Occasional Buyer
AMZ-102351,32,Male,South Asia,2021,4,Prime,Platinum,26,105.37,4.05,26.92,7,Home & Kitchen,8,4.0,28,27,157,Alexa,Net Banking,20.63,34,0,559,108.86,0.0138,Neutral,Bargain Hunter
AMZ-102352,62,Male,South Asia,2022,3,Non-Prime,Silver,52,1004.42,19.32,1.92,1,Beauty,6,4.6,9,16,125,Tablet,Credit Card,22.09,12,0,671,1303.06,0.2387,Very Satisfied,Loyal Shopper
AMZ-102353,21,Female,Europe,2023,2,Prime,Silver,79,2179.85,27.59,1.27,1,Grocery,6,3.6,45,21,154,Desktop,Net Banking,17.71,24,4,706,2633.28,0.0364,Very Satisfied,Loyal Shopper
AMZ-102354,28,Non-Binary,South Asia,2018,7,Non-Prime,Silver,31,11603.83,374.32,3.23,1,Sports,8,3.8,42,12,80,Tablet,Amazon Pay,36.94,29,0,531,15840.87,0.1011,Very Satisfied,Premium Spender
AMZ-102355,48,Non-Binary,Southeast Asia,2021,4,Prime,Diamond,4,99.98,25.0,25.0,1,Clothing,3,2.1,27,0,3,Smart TV,Cash on Delivery,42.81,16,1,339,136.78,0.1988,Neutral,Inactive User
AMZ-102356,19,Female,Latin America,2015,10,Prime,Platinum,79,3010.57,38.11,0.0,0,Toys,1,4.7,39,37,90,Desktop,Net Banking,39.5,17,0,46,3758.07,0.5469,Satisfied,Loyal Shopper
AMZ-102357,38,Female,East Asia,2018,7,Non-Prime,Gold,5,334.71,66.94,140.0,7,Beauty,7,3.5,13,78,126,Tablet,Debit Card,34.8,9,4,315,349.54,0.0798,Neutral,Bargain Hunter
AMZ-102358,53,Male,East Asia,2018,7,Prime,Silver,6,125.16,20.86,150.0,9,Clothing,5,3.5,12,75,97,Desktop,Cash on Delivery,26.78,16,2,616,177.05,0.8748,Dissatisfied,Bargain Hunter
AMZ-102359,53,Male,Middle East,2021,4,Prime,Silver,12,286.77,23.9,66.67,8,Sports,6,2.9,41,59,90,Alexa,Credit Card,28.45,3,3,9,397.95,0.2619,Neutral,Bargain Hunter
AMZ-102360,61,Non-Binary,North America,2015,10,Prime,Gold,16,166.26,10.39,56.25,9,Toys,3,4.0,33,23,144,Tablet,Gift Card,77.49,5,0,238,226.21,0.7633,Satisfied,Bargain Hunter
AMZ-102361,61,Non-Binary,Middle East,2022,3,Prime,Platinum,28,1512.72,54.03,3.57,1,Electronics,6,4.0,21,33,163,Alexa,Debit Card,74.36,17,4,397,2187.29,0.0472,Very Satisfied,Loyal Shopper
AMZ-102362,22,Non-Binary,Latin America,2021,4,Prime,Diamond,34,13115.13,385.74,5.88,2,Clothing,9,4.3,12,24,80,Desktop,Amazon Pay,26.54,14,1,729,17346.08,0.606,Neutral,Premium Spender
AMZ-102363,39,Female,Europe,2017,8,Non-Prime,Platinum,31,5154.19,166.26,3.23,1,Grocery,4,3.1,36,15,45,Tablet,Gift Card,72.19,18,0,49,5241.01,0.6398,Neutral,Premium Spender
AMZ-102364,56,Male,East Asia,2023,2,Non-Prime,Silver,47,2581.55,54.93,2.13,1,Beauty,1,4.1,49,37,139,Desktop,UPI,52.81,6,2,226,3052.49,0.2541,Satisfied,Loyal Shopper
AMZ-102365,44,Non-Binary,Latin America,2022,3,Prime,Diamond,17,469.29,27.61,29.41,5,Grocery,2,3.6,22,37,98,Desktop,Net Banking,54.42,37,2,323,559.93,0.9616,Dissatisfied,Bargain Hunter
AMZ-102366,64,Male,Middle East,2018,7,Prime,Diamond,15,203.05,13.54,46.67,7,Books,8,4.0,26,71,231,Smart TV,Debit Card,30.57,20,2,654,276.63,0.1261,Satisfied,Bargain Hunter
AMZ-102367,22,Non-Binary,South Asia,2022,3,Prime,Diamond,12,479.21,39.93,33.33,4,Home & Kitchen,9,4.4,10,20,183,Alexa,Net Banking,34.79,16,2,208,669.5,0.6177,Satisfied,Bargain Hunter
AMZ-102368,58,Male,Europe,2023,2,Prime,Gold,1,43.62,43.62,100.0,1,Clothing,1,2.0,42,4,17,Alexa,UPI,52.3,9,3,269,56.16,0.9286,Dissatisfied,Inactive User
AMZ-102369,48,Non-Binary,Southeast Asia,2022,3,Prime,Silver,1,22.95,22.95,100.0,1,Toys,8,2.1,5,2,19,Tablet,Net Banking,47.35,33,0,620,28.79,0.2746,Dissatisfied,Inactive User
AMZ-102370,40,Non-Binary,Europe,2016,9,Prime,Gold,4,86.42,21.61,25.0,1,Home & Kitchen,8,2.6,17,2,15,Desktop,Amazon Pay,3.07,11,2,250,92.44,0.8458,Dissatisfied,Inactive User
AMZ-102371,58,Male,East Asia,2015,10,Non-Prime,Gold,6,464.26,77.38,50.0,3,Beauty,2,3.1,30,14,53,Alexa,Amazon Pay,70.33,0,4,512,501.8,0.5498,Satisfied,Occasional Buyer
AMZ-102372,61,Male,Southeast Asia,2016,9,Non-Prime,Diamond,11,244.8,22.25,9.09,1,Automotive,2,2.2,48,1,21,Desktop,Debit Card,75.91,18,3,422,273.34,0.6466,Dissatisfied,Occasional Buyer
AMZ-102373,22,Male,North America,2021,4,Non-Prime,Platinum,31,6327.87,204.12,3.23,1,Sports,4,4.7,11,25,44,Tablet,UPI,22.97,29,1,524,7289.84,0.716,Neutral,Premium Spender
AMZ-102374,59,Non-Binary,Latin America,2023,2,Prime,Gold,45,8936.34,198.59,2.22,1,Automotive,9,4.5,0,14,83,Alexa,Cash on Delivery,61.13,12,1,91,10594.45,0.1046,Very Satisfied,Premium Spender
AMZ-102375,71,Male,South Asia,2020,5,Non-Prime,Gold,3,62.99,21.0,0.0,0,Automotive,9,2.6,44,0,3,Mobile,Debit Card,48.87,37,3,125,83.02,0.7794,Very Dissatisfied,Inactive User
AMZ-102376,34,Male,Latin America,2018,7,Non-Prime,Diamond,27,391.23,14.49,11.11,3,Grocery,1,2.9,6,24,122,Smart TV,Net Banking,31.97,25,3,488,441.69,0.3388,Satisfied,Bargain Hunter
AMZ-102377,38,Female,Latin America,2023,2,Prime,Gold,29,382.42,13.19,6.9,2,Office,1,4.3,10,49,186,Alexa,UPI,79.9,29,1,339,464.25,0.6905,Neutral,Bargain Hunter
AMZ-102378,31,Male,North America,2021,4,Non-Prime,Silver,63,2583.45,41.01,3.17,2,Clothing,7,3.9,1,22,152,Tablet,Gift Card,26.85,27,0,279,3396.12,0.0067,Very Satisfied,Loyal Shopper
AMZ-102379,68,Male,South Asia,2018,7,Prime,Silver,22,729.0,33.14,27.27,6,Sports,5,3.0,38,67,148,Alexa,Gift Card,19.75,7,1,501,1005.78,0.4711,Dissatisfied,Bargain Hunter
AMZ-102380,63,Female,Middle East,2016,9,Non-Prime,Diamond,3,4.73,1.58,0.0,0,Beauty,5,2.7,43,1,14,Desktop,Net Banking,55.41,37,3,222,5.23,0.508,Neutral,Inactive User
AMZ-102381,61,Non-Binary,Europe,2021,4,Prime,Gold,12,177.62,14.8,16.67,2,Grocery,6,2.6,35,15,18,Smart TV,Credit Card,25.79,34,4,260,252.87,0.1587,Satisfied,Occasional Buyer
AMZ-102382,52,Male,Europe,2016,9,Prime,Gold,27,537.36,19.9,14.81,4,Toys,1,3.9,6,81,146,Mobile,Cash on Delivery,4.05,23,0,175,738.39,0.0056,Neutral,Bargain Hunter
AMZ-102383,60,Female,North America,2021,4,Prime,Silver,2,7.63,3.81,0.0,0,Beauty,7,1.2,12,1,18,Desktop,Debit Card,36.4,38,3,69,10.73,0.0499,Neutral,Inactive User
AMZ-102384,45,Male,East Asia,2020,5,Prime,Gold,3,43.84,14.61,0.0,0,Office,3,2.2,43,1,7,Tablet,Net Banking,54.18,37,1,518,58.36,0.1214,Dissatisfied,Inactive User
AMZ-102385,52,Female,South Asia,2021,4,Prime,Platinum,22,153.19,6.96,18.18,4,Grocery,4,2.6,41,80,99,Desktop,Credit Card,68.36,27,2,365,156.03,0.8982,Neutral,Bargain Hunter
AMZ-102386,18,Male,Middle East,2018,7,Prime,Diamond,3,11.65,3.88,0.0,0,Books,1,2.5,24,1,19,Desktop,Net Banking,37.64,10,3,363,16.92,0.0537,Dissatisfied,Inactive User
AMZ-102387,23,Male,Middle East,2021,4,Prime,Gold,0,92.17,92.17,100.0,1,Toys,8,2.3,24,3,2,Mobile,Net Banking,75.68,27,4,351,124.16,0.883,Very Dissatisfied,Inactive User
AMZ-102388,38,Male,South Asia,2016,9,Prime,Silver,67,1794.14,26.78,0.0,0,Automotive,7,3.6,38,23,161,Smart TV,Gift Card,24.99,38,3,595,2133.06,0.6356,Very Satisfied,Loyal Shopper
AMZ-102389,68,Male,Middle East,2016,9,Non-Prime,Silver,25,1905.48,76.22,4.0,1,Books,5,4.3,6,49,76,Mobile,Gift Card,31.17,2,0,291,2107.77,0.6933,Very Satisfied,Loyal Shopper
AMZ-102390,40,Male,South Asia,2022,3,Prime,Silver,33,7929.65,240.29,0.0,0,Office,2,5.0,48,18,105,Mobile,Gift Card,65.65,29,1,285,11736.29,0.6972,Satisfied,Premium Spender
AMZ-102391,49,Non-Binary,Latin America,2022,3,Non-Prime,Diamond,27,2998.81,111.07,7.41,2,Home & Kitchen,9,5.0,45,33,118,Desktop,UPI,0.96,38,3,203,3821.17,0.1017,Satisfied,Loyal Shopper
AMZ-102392,34,Female,Middle East,2017,8,Prime,Diamond,39,3906.57,100.17,5.13,2,Toys,9,5.0,20,47,60,Tablet,Debit Card,63.91,12,1,65,4264.67,0.0929,Very Satisfied,Loyal Shopper
AMZ-102393,58,Non-Binary,South Asia,2020,5,Prime,Platinum,0,71.89,71.89,0.0,0,Grocery,9,1.8,43,1,0,Mobile,Debit Card,39.47,2,1,90,89.72,0.2151,Dissatisfied,Inactive User
AMZ-102394,58,Male,North America,2017,8,Prime,Silver,5,531.91,106.38,20.0,1,Grocery,1,2.0,0,14,14,Smart TV,Net Banking,35.8,10,1,493,554.97,0.8466,Neutral,Occasional Buyer
AMZ-102395,65,Female,East Asia,2019,6,Prime,Platinum,1,92.41,92.41,100.0,1,Clothing,7,2.5,37,2,0,Desktop,UPI,33.04,4,3,704,115.95,0.2994,Dissatisfied,Inactive User
AMZ-102396,43,Male,North America,2017,8,Non-Prime,Gold,9,498.49,55.39,33.33,3,Beauty,9,3.1,29,15,11,Tablet,Net Banking,53.99,4,3,551,665.87,0.1227,Dissatisfied,Occasional Buyer
AMZ-102397,24,Non-Binary,Latin America,2019,6,Non-Prime,Silver,40,5960.21,149.01,0.0,0,Home & Kitchen,4,3.9,14,29,95,Alexa,UPI,41.58,35,4,301,6737.97,0.0629,Satisfied,Premium Spender
AMZ-102398,46,Non-Binary,Middle East,2015,10,Prime,Silver,13,393.14,30.24,7.69,1,Books,1,3.0,35,13,16,Desktop,Gift Card,21.74,8,1,573,572.16,0.6526,Neutral,Occasional Buyer
AMZ-102399,63,Female,South Asia,2023,2,Prime,Platinum,24,364.36,15.18,8.33,2,Grocery,1,3.3,18,78,99,Tablet,UPI,46.06,13,4,144,429.36,0.4301,Neutral,Bargain Hunter
AMZ-102400,36,Female,East Asia,2015,10,Prime,Gold,3,305.25,101.75,33.33,1,Electronics,7,3.2,33,4,47,Tablet,Credit Card,66.11,36,4,584,394.95,0.8562,Dissatisfied,Occasional Buyer
AMZ-102401,35,Male,Southeast Asia,2023,2,Prime,Diamond,69,3080.66,44.65,2.9,2,Books,1,4.4,43,19,140,Tablet,UPI,41.91,26,2,60,4027.56,0.9937,Very Satisfied,Loyal Shopper
AMZ-102402,56,Male,Middle East,2019,6,Prime,Platinum,26,1396.9,53.73,7.69,2,Electronics,4,4.2,28,33,70,Desktop,UPI,43.31,25,0,654,1852.69,0.0528,Satisfied,Loyal Shopper
AMZ-102403,26,Female,Latin America,2021,4,Non-Prime,Silver,2,46.09,23.05,0.0,0,Toys,2,1.5,45,3,10,Smart TV,Cash on Delivery,12.18,39,3,155,68.08,0.2996,Dissatisfied,Inactive User
AMZ-102404,63,Female,South Asia,2015,10,Prime,Gold,2,50.6,25.3,50.0,1,Sports,9,2.9,36,2,8,Alexa,Net Banking,29.08,15,1,141,61.15,0.7924,Dissatisfied,Inactive User
AMZ-102405,56,Female,Europe,2021,4,Prime,Silver,14,463.52,33.11,14.29,2,Home & Kitchen,6,3.1,20,75,116,Tablet,Credit Card,60.08,29,0,564,610.97,0.4907,Satisfied,Bargain Hunter
AMZ-102406,23,Male,North America,2020,5,Non-Prime,Platinum,77,1162.89,15.1,0.0,0,Toys,7,3.9,20,25,87,Smart TV,UPI,56.24,2,2,42,1226.9,0.7145,Very Satisfied,Loyal Shopper
AMZ-102407,26,Female,East Asia,2015,10,Prime,Silver,47,3731.11,79.39,6.38,3,Beauty,8,3.3,6,9,56,Smart TV,UPI,16.48,2,4,516,5489.37,0.5928,Neutral,Premium Spender
AMZ-102408,59,Female,Southeast Asia,2018,7,Prime,Gold,11,169.8,15.44,27.27,3,Sports,3,3.2,30,18,13,Smart TV,Cash on Delivery,15.95,36,4,3,197.04,0.5122,Dissatisfied,Occasional Buyer
AMZ-102409,23,Female,Southeast Asia,2016,9,Prime,Silver,10,199.3,19.93,90.0,9,Books,1,3.9,11,39,132,Mobile,UPI,73.41,21,1,9,215.35,0.188,Neutral,Bargain Hunter
AMZ-102410,23,Non-Binary,North America,2017,8,Prime,Gold,14,553.3,39.52,28.57,4,Electronics,8,3.8,30,24,169,Smart TV,UPI,35.87,6,1,166,760.15,0.6556,Neutral,Bargain Hunter
AMZ-102411,71,Female,Southeast Asia,2020,5,Prime,Silver,71,2589.55,36.47,1.41,1,Automotive,3,3.8,12,13,90,Desktop,Gift Card,19.94,14,2,572,3073.2,0.4055,Very Satisfied,Loyal Shopper
AMZ-102412,24,Non-Binary,North America,2023,2,Non-Prime,Silver,3,96.5,32.17,0.0,0,Beauty,6,1.8,7,3,11,Smart TV,Credit Card,19.73,10,1,541,132.82,0.236,Dissatisfied,Inactive User
AMZ-102413,40,Non-Binary,North America,2016,9,Prime,Silver,44,1757.89,39.95,2.27,1,Automotive,2,4.5,27,17,144,Mobile,Debit Card,8.09,20,1,543,2535.0,0.0734,Very Satisfied,Loyal Shopper
AMZ-102414,58,Female,Southeast Asia,2017,8,Prime,Gold,4,54.81,13.7,0.0,0,Electronics,6,2.2,3,2,0,Smart TV,Net Banking,36.89,5,1,552,63.97,0.7982,Dissatisfied,Inactive User
AMZ-102415,39,Male,North America,2021,4,Prime,Platinum,52,879.7,16.92,0.0,0,Grocery,8,4.7,48,12,110,Tablet,Gift Card,7.48,3,2,603,932.68,0.9284,Satisfied,Loyal Shopper
AMZ-102416,30,Female,South Asia,2016,9,Prime,Gold,14,458.45,32.75,0.0,0,Electronics,7,2.6,12,1,49,Mobile,UPI,20.42,31,4,556,588.94,0.3728,Neutral,Occasional Buyer
AMZ-102417,67,Female,Middle East,2021,4,Non-Prime,Platinum,24,13126.49,546.94,8.33,2,Automotive,4,4.7,17,25,51,Smart TV,Net Banking,15.23,8,2,645,19137.14,0.769,Satisfied,Premium Spender
AMZ-102418,71,Female,Southeast Asia,2019,6,Prime,Gold,49,4641.62,94.73,4.08,2,Books,2,4.7,30,22,67,Alexa,Credit Card,38.28,3,3,531,5408.17,0.8723,Very Satisfied,Premium Spender
AMZ-102419,62,Non-Binary,East Asia,2016,9,Prime,Diamond,4,368.65,92.16,0.0,0,Clothing,4,3.0,34,5,34,Smart TV,Amazon Pay,2.11,26,3,202,410.09,0.2465,Neutral,Occasional Buyer
AMZ-102420,34,Female,East Asia,2019,6,Prime,Silver,35,5146.28,147.04,11.43,4,Beauty,1,4.9,16,21,75,Alexa,Credit Card,51.17,33,0,214,6545.32,0.9578,Neutral,Premium Spender
AMZ-102421,29,Male,Latin America,2020,5,Prime,Silver,3,69.72,23.24,0.0,0,Electronics,9,2.5,14,4,3,Mobile,Amazon Pay,58.37,4,4,24,100.15,0.4651,Dissatisfied,Inactive User
AMZ-102422,44,Female,North America,2019,6,Prime,Platinum,48,13609.98,283.54,6.25,3,Office,5,4.0,13,18,77,Mobile,Cash on Delivery,50.37,17,0,1,15651.16,0.7534,Neutral,Premium Spender
AMZ-102423,47,Male,Southeast Asia,2023,2,Non-Prime,Diamond,15,232.09,15.47,46.67,7,Automotive,3,4.1,39,44,231,Mobile,Amazon Pay,43.42,7,0,484,267.01,0.0698,Neutral,Bargain Hunter
AMZ-102424,18,Non-Binary,Latin America,2021,4,Prime,Gold,17,321.83,18.93,35.29,6,Grocery,9,3.5,21,42,216,Alexa,Credit Card,52.43,31,3,671,399.4,0.8813,Neutral,Bargain Hunter
AMZ-102425,51,Non-Binary,Latin America,2015,10,Non-Prime,Platinum,3,51.9,17.3,33.33,1,Office,9,2.1,40,2,10,Mobile,Amazon Pay,9.5,0,0,368,64.74,0.1299,Neutral,Inactive User
AMZ-102426,24,Female,East Asia,2021,4,Prime,Silver,64,4583.41,71.62,0.0,0,Sports,5,5.0,41,34,67,Alexa,UPI,24.89,27,1,431,5230.97,0.4737,Very Satisfied,Loyal Shopper
AMZ-102427,27,Non-Binary,Europe,2019,6,Non-Prime,Diamond,0,58.11,58.11,0.0,0,Toys,6,1.7,8,0,11,Alexa,UPI,7.05,36,0,257,81.96,0.8246,Dissatisfied,Inactive User
AMZ-102428,42,Male,Latin America,2022,3,Prime,Gold,24,12235.76,509.82,0.0,0,Automotive,6,3.0,36,14,100,Alexa,Gift Card,2.22,26,3,177,15631.57,0.0753,Very Satisfied,Premium Spender
AMZ-102429,64,Female,Middle East,2020,5,Non-Prime,Platinum,24,144.6,6.02,20.83,5,Books,7,3.1,3,54,231,Smart TV,Gift Card,23.32,8,1,559,191.19,0.1378,Satisfied,Bargain Hunter
AMZ-102430,52,Male,Southeast Asia,2015,10,Prime,Silver,18,608.71,33.82,50.0,9,Automotive,4,2.8,47,61,161,Smart TV,UPI,75.36,24,1,606,866.08,0.403,Neutral,Bargain Hunter
AMZ-102431,64,Male,East Asia,2021,4,Prime,Platinum,4,530.93,132.73,25.0,1,Toys,1,2.4,13,2,13,Desktop,Debit Card,60.88,16,4,630,532.56,0.5963,Neutral,Occasional Buyer
AMZ-102432,50,Non-Binary,Middle East,2015,10,Prime,Silver,3,54.68,18.23,33.33,1,Office,4,2.5,48,0,7,Smart TV,Cash on Delivery,40.89,30,4,381,72.55,0.9567,Neutral,Inactive User
AMZ-102433,53,Non-Binary,East Asia,2021,4,Prime,Gold,22,533.68,24.26,9.09,2,Toys,9,4.0,47,22,212,Desktop,Credit Card,49.61,21,0,246,627.97,0.5832,Neutral,Bargain Hunter
AMZ-102434,36,Male,Middle East,2020,5,Prime,Gold,71,4246.0,59.8,2.82,2,Books,1,3.8,29,32,160,Mobile,Gift Card,3.7,0,0,3,4957.07,0.2284,Satisfied,Loyal Shopper
AMZ-102435,62,Non-Binary,Latin America,2017,8,Non-Prime,Silver,17,218.11,12.83,52.94,9,Sports,4,4.0,34,56,153,Mobile,Cash on Delivery,43.86,35,0,453,269.6,0.0944,Neutral,Bargain Hunter
AMZ-102436,43,Male,Europe,2017,8,Non-Prime,Diamond,1,98.09,98.09,0.0,0,Clothing,7,2.7,12,2,3,Mobile,Credit Card,50.11,10,3,562,138.63,0.1764,Dissatisfied,Inactive User
AMZ-102437,32,Non-Binary,East Asia,2015,10,Non-Prime,Platinum,17,5329.53,313.5,11.76,2,Grocery,5,3.9,13,15,81,Mobile,Cash on Delivery,2.13,7,0,323,6373.5,0.5632,Satisfied,Premium Spender
AMZ-102438,46,Female,Europe,2016,9,Prime,Gold,23,158.06,6.87,8.7,2,Clothing,3,3.9,15,47,223,Mobile,Gift Card,68.31,10,2,598,208.13,0.8312,Dissatisfied,Bargain Hunter
AMZ-102439,54,Non-Binary,Latin America,2020,5,Prime,Diamond,8,215.99,27.0,12.5,1,Grocery,5,2.1,5,4,37,Tablet,Gift Card,33.16,18,3,189,249.84,0.3555,Satisfied,Occasional Buyer
AMZ-102440,30,Male,North America,2018,7,Prime,Platinum,18,306.73,17.04,16.67,3,Grocery,4,3.0,21,29,204,Mobile,Gift Card,60.27,18,3,117,436.52,0.3888,Dissatisfied,Bargain Hunter
AMZ-102441,65,Female,Latin America,2019,6,Prime,Gold,28,12147.9,433.85,10.71,3,Home & Kitchen,7,4.7,28,7,42,Smart TV,UPI,62.09,29,2,469,16700.39,0.9061,Neutral,Premium Spender
AMZ-102442,61,Non-Binary,Southeast Asia,2023,2,Prime,Silver,12,566.13,47.18,41.67,5,Clothing,3,2.8,43,42,200,Alexa,Gift Card,68.78,37,2,514,657.69,0.0097,Satisfied,Bargain Hunter
AMZ-102443,38,Male,Middle East,2018,7,Non-Prime,Diamond,0,28.73,28.73,0.0,0,Grocery,8,2.0,26,3,2,Alexa,Debit Card,79.05,29,4,537,42.12,0.5119,Very Dissatisfied,Inactive User
AMZ-102444,53,Female,Middle East,2023,2,Non-Prime,Diamond,40,11872.87,296.82,10.0,4,Electronics,5,4.6,21,26,63,Tablet,Credit Card,18.38,21,0,369,14756.26,0.1594,Very Satisfied,Premium Spender
AMZ-102445,65,Male,Latin America,2023,2,Prime,Platinum,0,7.95,7.95,0.0,0,Books,8,1.8,14,2,16,Alexa,Gift Card,37.66,38,3,498,8.37,0.1027,Very Dissatisfied,Inactive User
AMZ-102446,69,Female,North America,2023,2,Prime,Gold,19,123.12,6.48,21.05,4,Clothing,2,3.0,19,47,151,Smart TV,Amazon Pay,68.91,10,2,513,136.6,0.2796,Satisfied,Bargain Hunter
AMZ-102447,61,Male,Europe,2021,4,Non-Prime,Diamond,4,42.66,10.66,0.0,0,Beauty,7,1.4,39,3,6,Mobile,Cash on Delivery,48.24,32,1,358,53.99,0.4024,Neutral,Inactive User
AMZ-102448,37,Non-Binary,Latin America,2015,10,Non-Prime,Diamond,29,5895.81,203.3,10.34,3,Clothing,9,5.0,22,20,78,Tablet,Net Banking,2.13,30,3,498,6538.83,0.5139,Very Satisfied,Premium Spender
AMZ-102449,45,Female,Latin America,2016,9,Non-Prime,Platinum,8,417.15,52.14,100.0,8,Office,9,4.1,28,25,117,Smart TV,Gift Card,74.52,15,0,500,436.83,0.0853,Dissatisfied,Bargain Hunter
AMZ-102450,38,Non-Binary,Europe,2018,7,Non-Prime,Diamond,2,77.1,38.55,50.0,1,Electronics,4,2.1,46,1,0,Tablet,Gift Card,31.08,35,3,691,87.13,0.5608,Dissatisfied,Inactive User
AMZ-102451,55,Male,North America,2019,6,Prime,Silver,4,61.2,15.3,25.0,1,Clothing,7,1.7,18,4,3,Alexa,Amazon Pay,31.25,26,2,652,72.83,0.3804,Very Dissatisfied,Inactive User
AMZ-102452,25,Male,South Asia,2019,6,Prime,Gold,16,744.37,46.52,37.5,6,Toys,5,3.3,46,77,202,Tablet,UPI,17.82,4,0,702,1067.04,0.1223,Satisfied,Bargain Hunter
AMZ-102453,61,Male,Middle East,2021,4,Non-Prime,Gold,2,45.56,22.78,50.0,1,Sports,7,2.2,45,2,15,Alexa,Gift Card,67.02,27,1,451,46.45,0.5165,Dissatisfied,Inactive User
AMZ-102454,34,Non-Binary,South Asia,2020,5,Non-Prime,Silver,0,50.24,50.24,0.0,0,Toys,7,2.1,25,0,16,Desktop,Amazon Pay,7.22,19,0,55,60.76,0.4036,Neutral,Inactive User
AMZ-102455,47,Male,East Asia,2018,7,Non-Prime,Diamond,45,11786.02,261.91,0.0,0,Office,1,4.3,23,17,109,Alexa,Credit Card,25.8,3,4,550,11964.02,0.6128,Neutral,Premium Spender
AMZ-102456,43,Non-Binary,East Asia,2018,7,Prime,Silver,23,3131.96,136.17,8.7,2,Sports,3,4.6,8,9,55,Mobile,Debit Card,8.32,38,3,280,4694.14,0.2231,Satisfied,Premium Spender
AMZ-102457,18,Non-Binary,South Asia,2023,2,Prime,Gold,25,681.65,27.27,32.0,8,Home & Kitchen,5,3.7,44,38,228,Smart TV,Credit Card,17.84,16,2,438,905.98,0.549,Dissatisfied,Bargain Hunter
AMZ-102458,67,Female,Latin America,2019,6,Prime,Silver,78,1660.26,21.29,2.56,2,Beauty,7,4.5,34,33,125,Desktop,Debit Card,0.83,16,1,207,2152.77,0.472,Very Satisfied,Loyal Shopper
AMZ-102459,47,Female,Middle East,2020,5,Non-Prime,Silver,18,593.36,32.96,50.0,9,Toys,7,3.0,17,52,198,Tablet,Cash on Delivery,49.52,4,3,442,863.48,0.1802,Satisfied,Bargain Hunter
AMZ-102460,59,Female,Europe,2021,4,Prime,Diamond,16,500.63,31.29,12.5,2,Clothing,7,3.9,45,70,116,Tablet,Credit Card,68.34,7,1,591,502.0,0.2982,Neutral,Bargain Hunter
AMZ-102461,29,Female,Europe,2021,4,Non-Prime,Silver,0,14.22,14.22,0.0,0,Home & Kitchen,1,1.0,9,3,12,Tablet,Amazon Pay,72.38,38,3,115,14.77,0.8463,Dissatisfied,Inactive User
AMZ-102462,26,Female,Southeast Asia,2019,6,Prime,Diamond,24,492.99,20.54,25.0,6,Automotive,8,3.1,47,21,141,Mobile,Cash on Delivery,65.7,6,4,204,562.44,0.341,Dissatisfied,Bargain Hunter
AMZ-102463,32,Non-Binary,Europe,2018,7,Non-Prime,Silver,2,9.11,4.55,50.0,1,Grocery,3,2.1,37,3,9,Alexa,Net Banking,60.09,19,3,447,12.13,0.3492,Dissatisfied,Inactive User
AMZ-102464,37,Female,East Asia,2021,4,Non-Prime,Gold,10,360.37,36.04,60.0,6,Books,8,4.2,18,46,212,Tablet,Credit Card,19.12,5,0,675,519.18,0.6508,Satisfied,Bargain Hunter
AMZ-102465,42,Female,Middle East,2016,9,Prime,Gold,25,10439.69,417.59,12.0,3,Beauty,3,4.2,22,10,86,Alexa,Debit Card,41.32,39,3,285,14943.77,0.6515,Neutral,Premium Spender
AMZ-102466,67,Female,Europe,2016,9,Non-Prime,Diamond,37,13957.85,377.24,0.0,0,Office,3,3.3,49,16,68,Alexa,UPI,5.2,36,4,639,19695.49,0.7896,Very Satisfied,Premium Spender
AMZ-102467,38,Non-Binary,Middle East,2019,6,Non-Prime,Diamond,37,3605.91,97.46,2.7,1,Sports,1,4.3,35,17,113,Alexa,Gift Card,59.37,15,4,14,4239.7,0.3317,Satisfied,Loyal Shopper
AMZ-102468,22,Non-Binary,East Asia,2019,6,Prime,Platinum,2,60.09,30.05,0.0,0,Beauty,2,2.4,13,2,11,Alexa,Amazon Pay,68.83,0,4,607,83.9,0.5333,Very Dissatisfied,Inactive User
AMZ-102469,23,Male,North America,2021,4,Prime,Gold,4,256.44,64.11,25.0,1,Office,5,3.8,18,15,50,Desktop,Credit Card,45.58,20,1,26,363.25,0.231,Satisfied,Occasional Buyer
AMZ-102470,24,Male,Latin America,2018,7,Prime,Silver,20,11173.8,558.69,5.0,1,Beauty,7,3.3,15,17,63,Mobile,Credit Card,76.33,13,3,14,15837.04,0.9158,Neutral,Premium Spender
AMZ-102471,45,Female,Latin America,2017,8,Non-Prime,Silver,23,5011.29,217.88,13.04,3,Home & Kitchen,6,3.7,34,15,53,Alexa,UPI,46.64,23,0,717,5741.51,0.0198,Satisfied,Premium Spender
AMZ-102472,35,Male,Southeast Asia,2022,3,Prime,Gold,2,98.41,49.2,0.0,0,Toys,4,1.3,13,2,9,Desktop,Credit Card,65.29,10,4,356,120.03,0.7141,Very Dissatisfied,Inactive User
AMZ-102473,20,Female,Europe,2019,6,Prime,Silver,0,72.86,72.86,100.0,1,Toys,2,1.5,1,2,9,Smart TV,Credit Card,43.67,29,0,196,107.05,0.0282,Neutral,Inactive User
AMZ-102474,30,Non-Binary,Latin America,2020,5,Non-Prime,Platinum,28,571.06,20.39,7.14,2,Clothing,4,3.6,25,50,234,Tablet,UPI,42.33,13,2,526,765.84,0.2784,Neutral,Bargain Hunter
AMZ-102475,57,Male,North America,2023,2,Prime,Diamond,1,83.51,83.51,0.0,0,Toys,4,1.5,10,1,3,Tablet,Cash on Delivery,24.91,9,4,611,105.41,0.3066,Very Dissatisfied,Inactive User
AMZ-102476,40,Female,Southeast Asia,2021,4,Prime,Diamond,0,2.14,2.14,100.0,1,Electronics,4,2.3,5,0,18,Tablet,Cash on Delivery,50.49,23,3,663,2.16,0.8139,Neutral,Inactive User
AMZ-102477,36,Male,North America,2022,3,Prime,Platinum,36,13352.18,370.89,11.11,4,Toys,2,4.2,19,24,76,Tablet,Gift Card,69.4,15,0,340,18135.86,0.5469,Neutral,Premium Spender
AMZ-102478,18,Non-Binary,North America,2017,8,Non-Prime,Diamond,34,12189.7,358.52,11.76,4,Sports,3,4.8,39,17,101,Tablet,Debit Card,72.42,4,1,200,16724.62,0.1888,Neutral,Premium Spender
AMZ-102479,61,Female,South Asia,2018,7,Prime,Platinum,40,3423.1,85.58,2.5,1,Sports,4,4.9,26,45,70,Smart TV,Gift Card,37.0,29,1,545,3968.55,0.0683,Very Satisfied,Loyal Shopper
AMZ-102480,53,Female,Europe,2020,5,Non-Prime,Platinum,30,3888.25,129.61,3.33,1,Electronics,2,5.0,48,38,157,Mobile,Gift Card,6.47,9,1,567,4168.1,0.5104,Very Satisfied,Loyal Shopper
AMZ-102481,57,Non-Binary,Europe,2018,7,Prime,Silver,7,53.35,7.62,14.29,1,Electronics,1,2.4,17,14,58,Smart TV,Debit Card,64.0,27,4,417,73.74,0.9341,Satisfied,Occasional Buyer
AMZ-102482,69,Male,South Asia,2020,5,Prime,Gold,31,2813.69,90.76,6.45,2,Automotive,6,3.7,4,28,75,Smart TV,Gift Card,65.77,1,4,2,3373.86,0.9292,Very Satisfied,Loyal Shopper
AMZ-102483,60,Female,South Asia,2018,7,Prime,Silver,24,13369.7,557.07,8.33,2,Toys,8,4.1,15,20,55,Mobile,Credit Card,42.93,7,2,449,14242.9,0.3456,Neutral,Premium Spender
AMZ-102484,50,Female,Latin America,2015,10,Prime,Silver,24,268.41,11.18,16.67,4,Beauty,5,4.3,27,96,107,Alexa,Cash on Delivery,25.92,24,3,140,327.67,0.532,Neutral,Bargain Hunter
AMZ-102485,43,Non-Binary,Latin America,2019,6,Prime,Silver,9,366.97,40.77,11.11,1,Electronics,1,2.7,34,7,59,Alexa,Credit Card,36.76,32,2,87,381.84,0.8005,Satisfied,Occasional Buyer
AMZ-102486,35,Non-Binary,Middle East,2023,2,Prime,Diamond,20,582.51,29.13,35.0,7,Automotive,6,3.1,43,98,116,Alexa,Debit Card,74.87,18,3,228,591.09,0.9897,Satisfied,Bargain Hunter
AMZ-102487,21,Male,Middle East,2021,4,Non-Prime,Platinum,20,2289.48,114.47,5.0,1,Automotive,8,4.4,39,23,135,Mobile,Cash on Delivery,23.3,36,0,412,3299.56,0.2769,Very Satisfied,Loyal Shopper
AMZ-102488,32,Male,Latin America,2021,4,Prime,Platinum,12,235.37,19.61,0.0,0,Clothing,7,3.7,4,6,36,Smart TV,Credit Card,66.18,24,3,93,311.38,0.6485,Dissatisfied,Occasional Buyer
AMZ-102489,62,Male,North America,2021,4,Prime,Platinum,69,3845.56,55.73,2.9,2,Home & Kitchen,5,4.7,49,25,113,Smart TV,Amazon Pay,29.93,19,1,220,5761.82,0.7807,Very Satisfied,Loyal Shopper
AMZ-102490,25,Female,Latin America,2023,2,Non-Prime,Diamond,60,2661.27,44.35,3.33,2,Grocery,8,3.8,41,38,121,Mobile,Gift Card,60.17,9,4,597,3955.07,0.6561,Satisfied,Loyal Shopper
AMZ-102491,52,Non-Binary,South Asia,2019,6,Prime,Platinum,4,39.13,9.78,0.0,0,Grocery,2,2.9,31,1,0,Desktop,Amazon Pay,7.93,4,4,257,56.17,0.0274,Very Dissatisfied,Inactive User
AMZ-102492,48,Non-Binary,Middle East,2016,9,Non-Prime,Gold,39,3484.73,89.35,0.0,0,Grocery,1,4.1,23,29,155,Tablet,Amazon Pay,18.92,31,1,516,4804.8,0.7406,Very Satisfied,Loyal Shopper
AMZ-102493,35,Male,North America,2015,10,Non-Prime,Diamond,6,200.35,33.39,33.33,2,Sports,6,3.1,39,4,54,Tablet,Net Banking,55.36,2,0,531,250.62,0.3146,Dissatisfied,Occasional Buyer
AMZ-102494,69,Non-Binary,Southeast Asia,2019,6,Prime,Gold,12,493.99,41.17,0.0,0,Home & Kitchen,1,3.8,15,2,49,Mobile,Credit Card,49.94,3,0,191,543.85,0.6096,Dissatisfied,Occasional Buyer
AMZ-102495,50,Male,Latin America,2023,2,Prime,Platinum,52,3596.29,69.16,3.85,2,Grocery,7,4.1,40,42,118,Alexa,Cash on Delivery,55.36,28,1,113,5180.69,0.7479,Very Satisfied,Loyal Shopper
AMZ-102496,23,Non-Binary,Latin America,2020,5,Prime,Diamond,24,14369.71,598.74,12.5,3,Automotive,8,3.5,22,26,97,Smart TV,Cash on Delivery,25.85,33,1,677,18066.77,0.3001,Very Satisfied,Premium Spender
AMZ-102497,59,Non-Binary,Europe,2023,2,Non-Prime,Gold,71,4301.24,60.58,0.0,0,Automotive,5,4.1,43,40,157,Desktop,Credit Card,36.94,25,3,35,5121.35,0.4663,Very Satisfied,Loyal Shopper
AMZ-102498,18,Non-Binary,South Asia,2022,3,Prime,Diamond,52,3378.57,64.97,1.92,1,Beauty,5,4.0,29,46,174,Mobile,Net Banking,27.73,36,1,38,4129.05,0.2725,Satisfied,Loyal Shopper
AMZ-102499,28,Male,Middle East,2017,8,Prime,Gold,1,13.7,13.7,0.0,0,Electronics,6,1.3,29,1,15,Tablet,Amazon Pay,16.63,37,1,97,16.87,0.2561,Dissatisfied,Inactive User
AMZ-102500,47,Female,Middle East,2020,5,Prime,Platinum,78,4323.95,55.44,0.0,0,Grocery,2,4.5,46,17,151,Alexa,Cash on Delivery,55.86,24,2,404,4488.26,0.6545,Very Satisfied,Loyal Shopper
AMZ-102501,53,Non-Binary,South Asia,2017,8,Prime,Gold,27,3489.44,129.24,7.41,2,Sports,4,4.8,23,36,123,Mobile,Credit Card,18.4,32,1,424,5135.52,0.8048,Satisfied,Loyal Shopper
AMZ-102502,21,Male,Latin America,2018,7,Prime,Diamond,13,617.2,47.48,53.85,7,Automotive,8,3.2,34,85,96,Alexa,Amazon Pay,33.64,27,2,483,869.73,0.5346,Dissatisfied,Bargain Hunter
AMZ-102503,26,Female,Europe,2017,8,Prime,Platinum,2,97.21,48.6,50.0,1,Sports,8,1.0,5,1,12,Tablet,Net Banking,10.17,11,3,520,102.59,0.6783,Dissatisfied,Inactive User
AMZ-102504,33,Female,Southeast Asia,2020,5,Prime,Gold,7,217.9,31.13,28.57,2,Grocery,2,2.7,37,14,28,Tablet,Net Banking,53.64,6,0,296,262.69,0.8583,Dissatisfied,Occasional Buyer
AMZ-102505,64,Non-Binary,Middle East,2015,10,Prime,Diamond,6,433.2,72.2,66.67,4,Grocery,3,3.1,26,92,227,Mobile,Credit Card,35.84,3,3,368,479.36,0.6604,Satisfied,Bargain Hunter
AMZ-102506,59,Non-Binary,Middle East,2021,4,Prime,Gold,7,292.36,41.77,28.57,2,Grocery,5,2.3,25,14,44,Smart TV,UPI,57.03,37,2,369,305.56,0.1749,Neutral,Occasional Buyer
AMZ-102507,49,Female,East Asia,2023,2,Non-Prime,Diamond,2,82.0,41.0,0.0,0,Office,8,2.4,31,4,7,Alexa,UPI,27.88,9,2,374,121.43,0.6371,Neutral,Inactive User
AMZ-102508,30,Non-Binary,Middle East,2020,5,Prime,Silver,17,8779.84,516.46,0.0,0,Sports,5,4.7,30,21,99,Tablet,Gift Card,68.02,20,0,119,11861.41,0.9045,Very Satisfied,Premium Spender
AMZ-102509,37,Male,East Asia,2019,6,Prime,Silver,1,82.3,82.3,0.0,0,Sports,5,1.1,9,3,9,Smart TV,Net Banking,71.6,33,4,195,121.31,0.9632,Neutral,Inactive User
AMZ-102510,58,Female,South Asia,2016,9,Prime,Silver,60,3960.11,66.0,0.0,0,Office,9,4.4,34,17,95,Alexa,Net Banking,34.47,18,4,506,5809.86,0.9082,Satisfied,Loyal Shopper
AMZ-102511,53,Female,South Asia,2017,8,Prime,Gold,22,12753.51,579.71,4.55,1,Home & Kitchen,1,3.6,45,7,74,Alexa,Net Banking,57.21,33,3,100,13123.82,0.8824,Very Satisfied,Premium Spender
AMZ-102512,35,Male,Middle East,2021,4,Prime,Gold,49,4421.66,90.24,4.08,2,Office,9,4.1,10,48,60,Mobile,Debit Card,37.38,10,0,413,4616.09,0.663,Satisfied,Loyal Shopper
AMZ-102513,57,Non-Binary,Middle East,2020,5,Prime,Silver,17,187.76,11.04,29.41,5,Toys,7,3.8,38,95,151,Desktop,UPI,40.62,34,3,525,210.63,0.7836,Dissatisfied,Bargain Hunter
AMZ-102514,63,Non-Binary,East Asia,2016,9,Non-Prime,Silver,28,2700.77,96.46,3.57,1,Office,2,4.4,36,31,86,Alexa,Debit Card,30.24,15,3,47,3689.5,0.5667,Very Satisfied,Loyal Shopper
AMZ-102515,56,Male,North America,2020,5,Prime,Silver,71,1860.79,26.21,1.41,1,Clothing,7,4.5,47,47,100,Desktop,Debit Card,57.66,32,0,669,2731.1,0.7282,Very Satisfied,Loyal Shopper
AMZ-102516,57,Male,Latin America,2023,2,Non-Prime,Diamond,12,496.51,41.38,16.67,2,Automotive,8,2.8,16,44,161,Smart TV,Gift Card,56.56,38,0,248,720.64,0.1634,Neutral,Bargain Hunter
AMZ-102517,51,Male,Middle East,2021,4,Non-Prime,Diamond,22,686.63,31.21,36.36,8,Toys,2,3.7,46,99,163,Mobile,Credit Card,53.55,19,1,177,1028.47,0.6545,Neutral,Bargain Hunter
AMZ-102518,64,Female,South Asia,2019,6,Prime,Diamond,3,62.74,20.91,0.0,0,Books,7,2.2,26,0,2,Tablet,Credit Card,14.27,34,3,672,66.86,0.1312,Dissatisfied,Inactive User
AMZ-102519,48,Female,Latin America,2019,6,Prime,Silver,75,2421.71,32.29,0.0,0,Office,8,3.9,31,19,170,Alexa,Cash on Delivery,73.04,2,0,488,2588.68,0.0583,Satisfied,Loyal Shopper
AMZ-102520,22,Female,Southeast Asia,2023,2,Non-Prime,Gold,6,105.25,17.54,133.33,8,Home & Kitchen,2,4.4,49,21,127,Tablet,Amazon Pay,76.42,15,3,355,130.12,0.8704,Satisfied,Bargain Hunter
AMZ-102521,59,Female,East Asia,2023,2,Non-Prime,Silver,40,14980.62,374.52,10.0,4,Electronics,4,4.8,1,18,82,Mobile,Debit Card,7.14,26,4,409,21960.62,0.1079,Very Satisfied,Premium Spender
AMZ-102522,62,Female,South Asia,2023,2,Prime,Platinum,10,410.87,41.09,50.0,5,Sports,5,2.7,1,24,178,Tablet,Net Banking,65.29,25,2,318,426.18,0.8242,Satisfied,Bargain Hunter
AMZ-102523,56,Female,East Asia,2015,10,Prime,Platinum,0,54.85,54.85,100.0,1,Electronics,4,2.1,36,3,11,Mobile,Gift Card,47.79,16,1,387,80.37,0.2901,Very Dissatisfied,Inactive User
AMZ-102524,55,Female,Southeast Asia,2017,8,Prime,Silver,27,5700.97,211.15,3.7,1,Books,7,4.5,25,25,106,Mobile,Net Banking,64.09,5,0,689,7112.39,0.8127,Very Satisfied,Premium Spender
AMZ-102525,50,Female,East Asia,2015,10,Prime,Silver,37,9400.67,254.07,0.0,0,Home & Kitchen,7,4.6,41,10,112,Tablet,Credit Card,79.15,36,4,729,9681.33,0.2987,Neutral,Premium Spender
AMZ-102526,67,Female,North America,2020,5,Prime,Platinum,25,12370.37,494.81,16.0,4,Office,7,3.4,2,19,49,Smart TV,Credit Card,18.87,6,2,574,15345.8,0.2837,Very Satisfied,Premium Spender
AMZ-102527,53,Male,Europe,2015,10,Non-Prime,Gold,3,35.18,11.73,33.33,1,Toys,6,2.5,30,1,10,Smart TV,UPI,60.16,24,4,460,40.66,0.3507,Neutral,Inactive User
AMZ-102528,28,Non-Binary,South Asia,2019,6,Prime,Diamond,43,3298.27,76.7,2.33,1,Clothing,4,4.9,33,26,74,Smart TV,UPI,51.93,30,1,626,4723.14,0.339,Satisfied,Loyal Shopper
AMZ-102529,40,Non-Binary,South Asia,2023,2,Non-Prime,Diamond,37,5142.47,138.99,10.81,4,Grocery,3,3.7,21,8,68,Alexa,UPI,23.49,39,4,183,7225.1,0.2198,Satisfied,Premium Spender
AMZ-102530,49,Female,Middle East,2018,7,Non-Prime,Diamond,1,50.81,50.81,100.0,1,Office,1,2.5,1,3,18,Mobile,Amazon Pay,30.86,13,3,224,59.66,0.349,Dissatisfied,Inactive User
AMZ-102531,30,Non-Binary,Southeast Asia,2017,8,Prime,Platinum,18,478.0,26.56,50.0,9,Automotive,9,2.7,9,66,121,Mobile,UPI,13.23,33,0,484,558.28,0.7913,Satisfied,Bargain Hunter
AMZ-102532,46,Male,Latin America,2019,6,Non-Prime,Gold,33,7097.65,215.08,0.0,0,Clothing,6,4.7,4,12,107,Mobile,Credit Card,15.56,27,2,509,9712.98,0.3476,Neutral,Premium Spender
AMZ-102533,21,Non-Binary,East Asia,2017,8,Prime,Diamond,55,4641.42,84.39,1.82,1,Grocery,9,3.6,24,28,68,Alexa,UPI,55.01,7,1,620,6305.88,0.1792,Satisfied,Loyal Shopper
AMZ-102534,51,Male,Europe,2020,5,Prime,Silver,72,3942.86,54.76,1.39,1,Office,5,4.9,18,25,155,Tablet,Debit Card,2.43,27,0,420,4218.46,0.3935,Satisfied,Loyal Shopper
AMZ-102535,63,Female,Europe,2016,9,Non-Prime,Platinum,16,633.99,39.62,50.0,8,Books,6,3.7,33,54,107,Smart TV,Gift Card,16.34,7,1,497,915.21,0.4177,Satisfied,Bargain Hunter
AMZ-102536,24,Non-Binary,North America,2021,4,Non-Prime,Gold,19,7866.61,414.03,21.05,4,Automotive,4,4.4,32,18,55,Tablet,Gift Card,3.02,39,2,580,8014.64,0.0716,Neutral,Premium Spender
AMZ-102537,29,Male,North America,2015,10,Non-Prime,Gold,0,58.48,58.48,0.0,0,Sports,5,3.0,13,1,3,Mobile,UPI,48.07,16,1,661,74.64,0.6854,Dissatisfied,Inactive User
AMZ-102538,35,Male,Southeast Asia,2020,5,Prime,Gold,2,93.43,46.72,50.0,1,Clothing,7,1.8,22,3,5,Desktop,UPI,50.07,2,0,41,107.67,0.4883,Very Dissatisfied,Inactive User
AMZ-102539,70,Non-Binary,Middle East,2023,2,Prime,Diamond,25,4321.58,172.86,12.0,3,Electronics,8,4.4,3,23,50,Tablet,Net Banking,5.62,5,2,1,6393.63,0.2104,Neutral,Premium Spender
AMZ-102540,61,Male,North America,2021,4,Non-Prime,Platinum,12,56.85,4.74,16.67,2,Sports,5,2.7,2,10,54,Tablet,Gift Card,2.27,23,1,87,73.87,0.8453,Dissatisfied,Occasional Buyer
AMZ-102541,52,Female,East Asia,2016,9,Non-Prime,Gold,15,476.75,31.78,40.0,6,Electronics,4,3.6,12,77,232,Alexa,Debit Card,66.22,15,3,224,500.81,0.6441,Satisfied,Bargain Hunter
AMZ-102542,58,Female,East Asia,2022,3,Prime,Silver,73,4961.55,67.97,2.74,2,Electronics,8,4.7,7,41,146,Mobile,Net Banking,3.01,21,1,128,6510.88,0.5627,Satisfied,Loyal Shopper
AMZ-102543,41,Non-Binary,Europe,2018,7,Prime,Platinum,38,7208.44,189.7,2.63,1,Electronics,6,4.7,10,28,80,Smart TV,Debit Card,3.96,10,3,66,9024.55,0.9933,Satisfied,Premium Spender
AMZ-102544,20,Female,East Asia,2020,5,Prime,Gold,50,1392.44,27.85,2.0,1,Grocery,9,3.9,44,41,130,Desktop,UPI,74.81,3,4,283,1476.48,0.6788,Very Satisfied,Loyal Shopper
AMZ-102545,47,Non-Binary,East Asia,2018,7,Prime,Silver,4,86.48,21.62,25.0,1,Electronics,9,2.9,49,4,19,Mobile,Gift Card,30.32,5,1,123,104.81,0.6773,Very Dissatisfied,Inactive User
AMZ-102546,23,Non-Binary,South Asia,2017,8,Prime,Platinum,1,70.69,70.69,100.0,1,Automotive,9,1.2,45,1,12,Desktop,Credit Card,79.06,39,2,112,75.7,0.5126,Neutral,Inactive User
AMZ-102547,61,Male,Southeast Asia,2019,6,Non-Prime,Platinum,79,1510.98,19.13,2.53,2,Electronics,3,3.8,38,47,116,Smart TV,Credit Card,19.67,1,4,31,2103.31,0.9388,Satisfied,Loyal Shopper
AMZ-102548,41,Non-Binary,Latin America,2016,9,Non-Prime,Silver,11,286.16,26.01,18.18,2,Books,2,2.8,0,83,115,Mobile,UPI,11.23,23,3,702,342.57,0.9166,Satisfied,Bargain Hunter
AMZ-102549,71,Non-Binary,South Asia,2019,6,Prime,Silver,10,291.84,29.18,0.0,0,Books,3,3.0,8,7,36,Tablet,Debit Card,27.92,9,0,414,395.46,0.0331,Neutral,Occasional Buyer
AMZ-102550,36,Non-Binary,North America,2019,6,Non-Prime,Platinum,18,4551.64,252.87,0.0,0,Home & Kitchen,5,4.0,29,15,80,Smart TV,Credit Card,9.77,4,1,450,5784.21,0.7366,Satisfied,Premium Spender
AMZ-102551,25,Male,North America,2018,7,Prime,Diamond,1,53.41,53.41,100.0,1,Books,1,2.0,37,0,12,Smart TV,UPI,65.58,7,0,317,72.51,0.9791,Dissatisfied,Inactive User
AMZ-102552,45,Male,North America,2021,4,Prime,Platinum,2,107.97,53.98,150.0,3,Books,5,2.8,23,11,22,Alexa,UPI,10.5,8,4,514,150.67,0.2461,Satisfied,Occasional Buyer
AMZ-102553,47,Non-Binary,Europe,2023,2,Non-Prime,Platinum,14,189.39,13.53,14.29,2,Home & Kitchen,7,2.4,45,5,37,Desktop,Cash on Delivery,68.22,1,1,568,239.38,0.2655,Satisfied,Occasional Buyer
AMZ-102554,71,Female,Southeast Asia,2020,5,Non-Prime,Gold,0,60.15,60.15,0.0,0,Toys,8,2.1,40,2,7,Tablet,Debit Card,59.15,30,1,661,65.0,0.3844,Neutral,Inactive User
AMZ-102555,42,Female,Southeast Asia,2021,4,Prime,Diamond,3,34.67,11.56,0.0,0,Books,2,3.0,44,0,9,Alexa,Cash on Delivery,45.54,30,1,729,46.0,0.2342,Very Dissatisfied,Inactive User
AMZ-102556,26,Female,South Asia,2019,6,Prime,Silver,0,58.63,58.63,0.0,0,Home & Kitchen,1,2.7,39,4,11,Mobile,Credit Card,1.34,7,4,427,63.42,0.5146,Dissatisfied,Inactive User
AMZ-102557,58,Male,South Asia,2018,7,Prime,Diamond,8,184.49,23.06,25.0,2,Home & Kitchen,9,3.5,25,19,55,Desktop,Credit Card,76.24,25,0,188,234.46,0.3752,Dissatisfied,Occasional Buyer
AMZ-102558,34,Male,East Asia,2019,6,Non-Prime,Platinum,36,9799.2,272.2,8.33,3,Automotive,2,4.2,8,25,81,Tablet,UPI,64.57,1,0,70,13967.19,0.232,Neutral,Premium Spender
AMZ-102559,64,Male,Southeast Asia,2017,8,Non-Prime,Silver,73,2680.8,36.72,0.0,0,Toys,8,3.9,6,20,158,Tablet,UPI,38.02,34,2,677,3474.69,0.9527,Satisfied,Loyal Shopper
AMZ-102560,37,Non-Binary,Southeast Asia,2018,7,Prime,Gold,49,12029.49,245.5,8.16,4,Office,5,4.7,44,14,45,Alexa,Debit Card,10.13,11,4,73,16984.9,0.8027,Satisfied,Premium Spender
AMZ-102561,56,Non-Binary,Middle East,2023,2,Prime,Platinum,9,357.46,39.72,22.22,2,Clothing,4,3.9,10,8,14,Tablet,Cash on Delivery,59.11,21,1,101,406.91,0.5734,Dissatisfied,Occasional Buyer
AMZ-102562,70,Non-Binary,East Asia,2023,2,Prime,Diamond,38,4061.06,106.87,2.63,1,Clothing,2,3.9,41,15,69,Alexa,Credit Card,0.97,27,3,76,5584.25,0.9064,Satisfied,Loyal Shopper
AMZ-102563,19,Male,Southeast Asia,2021,4,Prime,Platinum,10,149.99,15.0,10.0,1,Electronics,3,2.4,7,14,31,Smart TV,Amazon Pay,57.88,16,3,349,152.13,0.4618,Dissatisfied,Occasional Buyer
AMZ-102564,18,Female,Europe,2018,7,Prime,Platinum,44,9196.43,209.01,0.0,0,Toys,3,4.1,7,22,118,Desktop,Debit Card,79.23,30,2,661,11625.99,0.3448,Very Satisfied,Premium Spender
AMZ-102565,50,Non-Binary,East Asia,2019,6,Prime,Silver,1,86.44,86.44,0.0,0,Grocery,6,2.0,10,3,19,Tablet,Cash on Delivery,7.42,5,0,43,99.02,0.9451,Dissatisfied,Inactive User
AMZ-102566,40,Male,Southeast Asia,2018,7,Non-Prime,Platinum,10,334.76,33.48,20.0,2,Electronics,8,2.3,6,4,56,Alexa,Credit Card,58.92,35,3,599,417.31,0.0414,Neutral,Occasional Buyer
AMZ-102567,32,Male,North America,2015,10,Prime,Diamond,34,1753.23,51.57,5.88,2,Books,5,3.7,5,35,71,Alexa,Net Banking,57.52,16,2,250,1858.46,0.5379,Very Satisfied,Loyal Shopper
AMZ-102568,53,Female,East Asia,2019,6,Prime,Diamond,27,131.6,4.87,14.81,4,Toys,8,2.7,11,49,237,Mobile,Net Banking,27.68,33,3,87,190.05,0.1026,Neutral,Bargain Hunter
AMZ-102569,47,Non-Binary,North America,2021,4,Prime,Platinum,58,4845.58,83.54,0.0,0,Home & Kitchen,9,4.0,26,18,159,Tablet,Cash on Delivery,28.07,38,1,593,4942.15,0.8942,Very Satisfied,Loyal Shopper
AMZ-102570,53,Male,Latin America,2018,7,Prime,Silver,7,599.43,85.63,14.29,1,Books,2,2.7,1,16,59,Desktop,Debit Card,66.22,35,4,95,711.5,0.3462,Satisfied,Occasional Buyer
AMZ-102571,59,Non-Binary,Europe,2015,10,Prime,Silver,22,7106.7,323.03,9.09,2,Clothing,6,4.4,4,5,78,Smart TV,Cash on Delivery,4.53,28,2,316,10380.29,0.9902,Neutral,Premium Spender
AMZ-102572,27,Female,North America,2017,8,Prime,Gold,15,787.46,52.5,40.0,6,Clothing,7,2.6,12,83,189,Tablet,Cash on Delivery,7.08,1,4,320,981.64,0.0715,Neutral,Bargain Hunter
AMZ-102573,25,Female,Latin America,2018,7,Non-Prime,Platinum,0,78.98,78.98,0.0,0,Electronics,3,1.2,0,3,18,Smart TV,Amazon Pay,15.92,28,2,556,104.92,0.5405,Very Dissatisfied,Inactive User
AMZ-102574,44,Male,East Asia,2017,8,Prime,Gold,29,161.5,5.57,24.14,7,Clothing,2,4.1,27,86,97,Smart TV,UPI,70.16,18,1,107,178.2,0.9354,Satisfied,Bargain Hunter
AMZ-102575,56,Female,Latin America,2016,9,Non-Prime,Platinum,0,99.49,99.49,100.0,1,Electronics,1,1.1,37,4,10,Desktop,Net Banking,58.59,2,2,92,131.72,0.634,Dissatisfied,Inactive User
AMZ-102576,24,Male,Southeast Asia,2020,5,Prime,Gold,27,234.07,8.67,29.63,8,Sports,8,3.6,7,47,164,Mobile,Debit Card,56.35,24,0,213,328.36,0.6571,Neutral,Bargain Hunter
AMZ-102577,19,Male,Europe,2023,2,Prime,Gold,1,70.86,70.86,100.0,1,Electronics,5,2.7,40,0,7,Desktop,Gift Card,54.25,14,1,558,102.67,0.2051,Dissatisfied,Inactive User
AMZ-102578,70,Non-Binary,Latin America,2017,8,Prime,Silver,19,591.76,31.15,21.05,4,Books,8,3.2,1,77,176,Alexa,Amazon Pay,63.4,16,0,547,679.86,0.93,Dissatisfied,Bargain Hunter
AMZ-102579,53,Male,Latin America,2015,10,Prime,Gold,4,19.22,4.8,0.0,0,Grocery,2,1.4,39,4,15,Tablet,Amazon Pay,46.91,39,4,129,19.81,0.569,Dissatisfied,Inactive User
AMZ-102580,56,Non-Binary,Middle East,2023,2,Prime,Gold,44,2468.12,56.09,4.55,2,Electronics,2,3.9,38,18,106,Tablet,Gift Card,62.63,22,3,351,2837.76,0.823,Satisfied,Loyal Shopper
AMZ-102581,70,Male,Southeast Asia,2019,6,Prime,Silver,12,593.13,49.43,58.33,7,Electronics,4,2.6,19,61,212,Smart TV,UPI,19.18,34,2,587,791.8,0.614,Neutral,Bargain Hunter
AMZ-102582,63,Male,North America,2015,10,Non-Prime,Diamond,43,13901.33,323.29,4.65,2,Automotive,7,3.3,19,29,42,Smart TV,Amazon Pay,63.54,0,1,620,18607.89,0.4914,Very Satisfied,Premium Spender
AMZ-102583,63,Male,Southeast Asia,2019,6,Non-Prime,Platinum,26,574.05,22.08,30.77,8,Clothing,2,4.1,41,77,108,Desktop,Net Banking,78.85,21,0,621,855.75,0.184,Dissatisfied,Bargain Hunter
AMZ-102584,66,Female,Middle East,2021,4,Non-Prime,Platinum,27,4651.3,172.27,3.7,1,Home & Kitchen,5,4.1,0,27,156,Mobile,Credit Card,18.13,22,4,427,6267.77,0.3951,Satisfied,Loyal Shopper
AMZ-102585,41,Female,Southeast Asia,2023,2,Prime,Platinum,30,14666.3,488.88,10.0,3,Beauty,1,4.0,49,9,44,Mobile,Debit Card,58.15,20,3,18,20413.34,0.4175,Neutral,Premium Spender
AMZ-102586,30,Male,North America,2017,8,Prime,Gold,51,3419.36,67.05,1.96,1,Toys,7,4.9,29,47,131,Tablet,Amazon Pay,41.25,5,2,276,3715.22,0.1214,Satisfied,Loyal Shopper
AMZ-102587,26,Male,Europe,2015,10,Prime,Diamond,32,3224.62,100.77,0.0,0,Grocery,5,3.6,36,15,174,Tablet,Debit Card,4.51,31,3,604,4037.85,0.951,Satisfied,Loyal Shopper
AMZ-102588,69,Non-Binary,South Asia,2021,4,Non-Prime,Gold,0,4.48,4.48,100.0,1,Home & Kitchen,1,1.9,42,3,9,Desktop,Amazon Pay,62.07,24,1,611,6.18,0.7845,Dissatisfied,Inactive User
AMZ-102589,49,Male,North America,2023,2,Non-Prime,Silver,2,133.7,66.85,0.0,0,Office,8,3.7,42,16,27,Mobile,Net Banking,18.73,12,2,264,169.64,0.7157,Neutral,Occasional Buyer
AMZ-102590,52,Male,Europe,2021,4,Prime,Silver,47,3425.51,72.88,0.0,0,Grocery,7,4.7,7,23,55,Alexa,Gift Card,43.89,2,3,23,3646.93,0.4043,Very Satisfied,Premium Spender
AMZ-102591,38,Male,North America,2019,6,Prime,Silver,1,87.9,87.9,0.0,0,Books,2,2.4,2,2,4,Smart TV,Gift Card,22.76,29,1,24,129.73,0.1888,Very Dissatisfied,Inactive User
AMZ-102592,55,Male,Middle East,2017,8,Prime,Platinum,42,11447.75,272.57,0.0,0,Beauty,7,4.5,20,26,42,Smart TV,Amazon Pay,35.6,31,4,196,15285.4,0.9569,Satisfied,Premium Spender
AMZ-102593,44,Non-Binary,Southeast Asia,2021,4,Prime,Gold,2,59.42,29.71,0.0,0,Books,5,3.0,8,1,9,Desktop,UPI,73.66,32,0,160,85.35,0.1076,Neutral,Inactive User
AMZ-102594,33,Female,South Asia,2018,7,Prime,Silver,4,93.11,23.28,25.0,1,Home & Kitchen,3,2.0,6,1,11,Desktop,Gift Card,28.9,1,0,717,135.77,0.1768,Very Dissatisfied,Inactive User
AMZ-102595,39,Non-Binary,South Asia,2020,5,Prime,Platinum,61,3639.21,59.66,3.28,2,Beauty,2,4.1,1,19,127,Alexa,Debit Card,43.51,33,1,383,4865.92,0.7572,Very Satisfied,Loyal Shopper
AMZ-102596,48,Female,Southeast Asia,2021,4,Prime,Gold,20,215.04,10.75,25.0,5,Electronics,4,3.5,9,40,227,Smart TV,Credit Card,75.16,22,1,560,267.26,0.5934,Satisfied,Bargain Hunter
AMZ-102597,60,Male,South Asia,2015,10,Non-Prime,Silver,15,745.5,49.7,26.67,4,Clothing,3,2.9,35,41,231,Desktop,Gift Card,65.38,29,3,148,971.77,0.4831,Satisfied,Bargain Hunter
AMZ-102598,27,Non-Binary,East Asia,2023,2,Non-Prime,Gold,75,3655.58,48.74,0.0,0,Books,7,3.8,49,16,165,Tablet,UPI,49.3,13,3,519,4618.8,0.2954,Very Satisfied,Loyal Shopper
AMZ-102599,18,Non-Binary,Southeast Asia,2016,9,Non-Prime,Silver,19,401.28,21.12,21.05,4,Beauty,4,3.8,42,29,195,Alexa,Credit Card,35.74,25,2,216,564.31,0.8957,Dissatisfied,Bargain Hunter
AMZ-102600,64,Male,Middle East,2018,7,Prime,Gold,45,8039.52,178.66,0.0,0,Grocery,2,4.2,8,8,89,Tablet,Amazon Pay,39.46,19,3,718,8688.18,0.326,Satisfied,Premium Spender
AMZ-102601,48,Male,Latin America,2018,7,Non-Prime,Platinum,3,18.84,6.28,0.0,0,Office,1,2.6,5,1,0,Smart TV,Net Banking,47.26,18,1,29,25.43,0.2548,Neutral,Inactive User
AMZ-102602,68,Non-Binary,Latin America,2020,5,Prime,Diamond,45,11776.27,261.69,2.22,1,Grocery,1,3.9,41,26,49,Alexa,Credit Card,13.32,36,2,62,15760.92,0.3067,Satisfied,Premium Spender
AMZ-102603,33,Male,Southeast Asia,2017,8,Non-Prime,Gold,12,137.94,11.49,66.67,8,Books,5,3.7,44,28,201,Alexa,Gift Card,31.22,26,1,703,186.84,0.6526,Satisfied,Bargain Hunter
AMZ-102604,60,Non-Binary,Middle East,2019,6,Prime,Gold,4,9.24,2.31,25.0,1,Grocery,7,1.6,45,2,3,Tablet,Amazon Pay,67.62,12,0,520,9.95,0.3255,Dissatisfied,Inactive User
AMZ-102605,62,Non-Binary,North America,2015,10,Non-Prime,Gold,1,200.68,200.68,0.0,0,Clothing,3,2.1,13,8,50,Smart TV,Debit Card,58.13,5,3,339,293.67,0.8435,Neutral,Occasional Buyer
AMZ-102606,63,Male,Middle East,2019,6,Prime,Platinum,16,577.14,36.07,37.5,6,Grocery,3,4.1,3,29,156,Desktop,Net Banking,35.02,37,3,30,811.42,0.9751,Neutral,Bargain Hunter
AMZ-102607,42,Non-Binary,South Asia,2019,6,Prime,Platinum,20,2499.33,124.97,5.0,1,Books,3,4.2,2,19,111,Tablet,Amazon Pay,39.05,35,0,239,2981.07,0.286,Very Satisfied,Loyal Shopper
AMZ-102608,43,Non-Binary,South Asia,2019,6,Non-Prime,Gold,40,4576.02,114.4,7.5,3,Grocery,3,5.0,30,17,75,Mobile,Credit Card,53.42,12,4,523,5298.75,0.3417,Neutral,Premium Spender
AMZ-102609,28,Non-Binary,Middle East,2023,2,Non-Prime,Gold,18,13377.34,743.19,0.0,0,Electronics,9,4.7,48,9,95,Desktop,Net Banking,4.17,10,4,143,16788.03,0.2348,Neutral,Premium Spender
AMZ-102610,39,Male,Latin America,2015,10,Prime,Silver,25,195.44,7.82,12.0,3,Sports,5,4.1,8,30,102,Desktop,Debit Card,66.58,16,4,521,215.62,0.6478,Neutral,Bargain Hunter
AMZ-102611,40,Non-Binary,Southeast Asia,2023,2,Prime,Platinum,65,2619.93,40.31,3.08,2,Clothing,1,4.1,19,42,93,Mobile,Debit Card,67.88,18,2,278,3040.33,0.7989,Very Satisfied,Loyal Shopper
AMZ-102612,65,Male,North America,2018,7,Prime,Silver,3,250.36,83.45,33.33,1,Toys,6,3.3,42,19,11,Tablet,Credit Card,36.22,14,3,407,254.95,0.8798,Satisfied,Occasional Buyer
AMZ-102613,22,Female,South Asia,2021,4,Prime,Silver,43,9289.3,216.03,9.3,4,Beauty,7,3.1,39,13,109,Alexa,Debit Card,50.34,0,1,10,12038.66,0.1217,Neutral,Premium Spender
AMZ-102614,67,Female,Europe,2023,2,Prime,Silver,27,6759.51,250.35,0.0,0,Office,7,3.9,31,8,90,Alexa,Debit Card,35.56,25,3,180,9547.8,0.2555,Neutral,Premium Spender
AMZ-102615,55,Non-Binary,North America,2016,9,Non-Prime,Gold,23,2362.11,102.7,8.7,2,Office,1,4.9,43,12,89,Mobile,Gift Card,33.33,6,4,326,3106.16,0.4125,Very Satisfied,Loyal Shopper
AMZ-102616,68,Female,Southeast Asia,2016,9,Non-Prime,Silver,25,438.06,17.52,16.0,4,Clothing,4,3.5,40,53,97,Alexa,Net Banking,18.69,39,1,667,566.58,0.6057,Satisfied,Bargain Hunter
AMZ-102617,61,Male,East Asia,2017,8,Prime,Platinum,2,81.43,40.72,50.0,1,Home & Kitchen,9,2.6,6,3,11,Alexa,Cash on Delivery,5.17,0,0,542,86.24,0.8512,Dissatisfied,Inactive User
AMZ-102618,47,Non-Binary,Southeast Asia,2017,8,Prime,Gold,8,377.59,47.2,0.0,0,Clothing,9,2.1,18,3,42,Alexa,Credit Card,46.17,25,0,673,388.06,0.0113,Neutral,Occasional Buyer
AMZ-102619,54,Female,Southeast Asia,2020,5,Prime,Silver,37,1651.02,44.62,0.0,0,Beauty,5,4.8,35,22,140,Smart TV,UPI,55.07,22,4,683,1676.32,0.1843,Very Satisfied,Loyal Shopper
AMZ-102620,69,Female,Southeast Asia,2021,4,Prime,Diamond,2,583.63,291.81,150.0,3,Home & Kitchen,8,3.6,13,4,41,Smart TV,Debit Card,47.33,1,1,69,701.79,0.7714,Dissatisfied,Occasional Buyer
AMZ-102621,32,Non-Binary,East Asia,2016,9,Prime,Platinum,20,159.49,7.97,40.0,8,Beauty,7,2.6,37,54,239,Mobile,Amazon Pay,61.75,1,0,146,203.94,0.3886,Dissatisfied,Bargain Hunter
AMZ-102622,58,Female,Europe,2019,6,Non-Prime,Silver,0,90.45,90.45,0.0,0,Automotive,9,1.6,19,3,10,Smart TV,Gift Card,79.78,8,1,30,91.43,0.1846,Very Dissatisfied,Inactive User
AMZ-102623,46,Non-Binary,East Asia,2017,8,Prime,Gold,37,4212.18,113.84,2.7,1,Office,6,3.7,29,23,107,Smart TV,Amazon Pay,47.42,25,3,523,5033.67,0.0858,Satisfied,Loyal Shopper
AMZ-102624,34,Non-Binary,Middle East,2019,6,Prime,Gold,24,721.09,30.05,33.33,8,Automotive,2,3.3,39,31,173,Desktop,Debit Card,45.11,36,0,413,965.72,0.0744,Satisfied,Bargain Hunter
AMZ-102625,64,Male,Southeast Asia,2018,7,Prime,Silver,78,3322.76,42.6,1.28,1,Sports,2,4.8,36,21,151,Desktop,Amazon Pay,50.1,6,2,46,4743.77,0.7453,Satisfied,Loyal Shopper
AMZ-102626,70,Non-Binary,South Asia,2015,10,Non-Prime,Platinum,26,4429.32,170.36,3.85,1,Grocery,2,4.4,25,33,159,Tablet,Amazon Pay,24.3,1,1,305,4554.76,0.1319,Satisfied,Loyal Shopper
AMZ-102627,60,Non-Binary,Middle East,2018,7,Non-Prime,Silver,22,2895.46,131.61,4.55,1,Grocery,2,3.8,45,40,157,Smart TV,UPI,70.51,12,4,166,3761.28,0.0618,Very Satisfied,Loyal Shopper
AMZ-102628,35,Non-Binary,Middle East,2022,3,Prime,Gold,1,9.7,9.7,0.0,0,Home & Kitchen,9,1.3,33,3,1,Tablet,Cash on Delivery,47.66,15,4,25,14.02,0.8013,Dissatisfied,Inactive User
AMZ-102629,19,Non-Binary,Middle East,2016,9,Non-Prime,Diamond,17,487.0,28.65,29.41,5,Sports,4,3.5,39,85,220,Desktop,Debit Card,10.32,6,4,302,588.33,0.8889,Dissatisfied,Bargain Hunter
AMZ-102630,64,Male,South Asia,2021,4,Non-Prime,Platinum,4,85.45,21.36,0.0,0,Automotive,3,2.7,7,0,2,Desktop,Amazon Pay,76.61,27,1,170,123.67,0.1001,Very Dissatisfied,Inactive User
AMZ-102631,68,Non-Binary,South Asia,2021,4,Prime,Gold,14,606.09,43.29,50.0,7,Sports,1,4.1,24,21,178,Desktop,Cash on Delivery,63.6,19,0,470,815.48,0.7398,Satisfied,Bargain Hunter
AMZ-102632,37,Male,North America,2019,6,Prime,Platinum,25,114.95,4.6,36.0,9,Grocery,6,2.6,44,49,229,Smart TV,Gift Card,29.61,34,1,512,141.04,0.1895,Dissatisfied,Bargain Hunter
AMZ-102633,20,Non-Binary,Europe,2021,4,Prime,Diamond,10,349.27,34.93,60.0,6,Toys,6,4.1,6,30,146,Alexa,Net Banking,73.0,21,1,489,512.39,0.5899,Satisfied,Bargain Hunter
AMZ-102634,67,Female,East Asia,2022,3,Prime,Diamond,14,356.51,25.46,21.43,3,Office,4,2.9,46,19,49,Tablet,Net Banking,9.23,30,1,104,511.62,0.8558,Dissatisfied,Occasional Buyer
AMZ-102635,60,Female,South Asia,2019,6,Prime,Platinum,13,159.28,12.25,23.08,3,Office,9,2.3,0,16,44,Smart TV,Cash on Delivery,40.92,23,1,430,217.49,0.4058,Neutral,Occasional Buyer
AMZ-102636,26,Female,Latin America,2017,8,Non-Prime,Diamond,2,236.99,118.5,100.0,2,Books,5,2.2,45,14,52,Smart TV,Debit Card,74.1,20,1,650,330.3,0.6158,Dissatisfied,Occasional Buyer
AMZ-102637,61,Male,South Asia,2021,4,Prime,Platinum,2,290.78,145.39,150.0,3,Beauty,4,3.7,11,5,46,Mobile,UPI,76.3,39,2,437,374.65,0.6511,Neutral,Occasional Buyer
AMZ-102638,43,Female,East Asia,2015,10,Non-Prime,Platinum,17,445.59,26.21,35.29,6,Grocery,5,2.7,11,80,133,Mobile,Cash on Delivery,79.42,19,1,502,502.56,0.6224,Dissatisfied,Bargain Hunter
AMZ-102639,62,Female,Middle East,2022,3,Prime,Platinum,8,103.94,12.99,12.5,1,Beauty,5,2.0,16,12,23,Alexa,Gift Card,41.53,36,2,709,119.13,0.2685,Neutral,Occasional Buyer
AMZ-102640,55,Female,South Asia,2021,4,Prime,Gold,37,5097.33,137.77,8.11,3,Electronics,8,3.3,34,9,46,Smart TV,Cash on Delivery,64.64,38,0,659,5568.0,0.5035,Neutral,Premium Spender
AMZ-102641,29,Male,Europe,2023,2,Non-Prime,Silver,7,257.94,36.85,0.0,0,Sports,9,3.7,46,7,41,Desktop,Gift Card,34.54,20,3,729,367.58,0.5489,Neutral,Occasional Buyer
AMZ-102642,55,Male,Latin America,2016,9,Prime,Gold,7,353.75,50.54,128.57,9,Home & Kitchen,5,3.2,49,56,102,Desktop,Gift Card,62.3,17,0,321,395.35,0.3571,Satisfied,Bargain Hunter
AMZ-102643,21,Female,Europe,2019,6,Prime,Silver,18,776.39,43.13,44.44,8,Automotive,5,4.5,43,28,192,Alexa,Gift Card,43.26,3,3,202,936.98,0.734,Satisfied,Bargain Hunter
AMZ-102644,47,Male,North America,2018,7,Non-Prime,Silver,39,3354.39,86.01,0.0,0,Electronics,6,4.3,4,33,152,Alexa,Net Banking,32.04,5,3,259,4766.7,0.3776,Satisfied,Loyal Shopper
AMZ-102645,65,Non-Binary,East Asia,2015,10,Prime,Gold,23,281.82,12.25,21.74,5,Clothing,5,3.4,20,52,141,Mobile,Credit Card,49.84,0,2,655,358.55,0.2864,Satisfied,Bargain Hunter
AMZ-102646,49,Non-Binary,Southeast Asia,2017,8,Prime,Platinum,13,318.82,24.52,7.69,1,Beauty,7,3.4,4,2,46,Desktop,Debit Card,33.92,34,4,229,467.63,0.9861,Satisfied,Occasional Buyer
AMZ-102647,29,Female,Latin America,2022,3,Prime,Diamond,4,557.77,139.44,0.0,0,Grocery,8,2.7,42,7,31,Smart TV,Amazon Pay,36.06,9,2,19,641.61,0.2605,Satisfied,Occasional Buyer
AMZ-102648,31,Non-Binary,Latin America,2023,2,Prime,Silver,2,411.45,205.72,150.0,3,Books,4,3.5,13,19,19,Smart TV,Debit Card,63.11,33,1,639,417.85,0.6305,Satisfied,Occasional Buyer
AMZ-102649,27,Non-Binary,Middle East,2018,7,Prime,Platinum,50,3960.4,79.21,2.0,1,Clothing,7,4.6,21,30,62,Desktop,Gift Card,35.21,38,4,679,4396.1,0.8779,Very Satisfied,Loyal Shopper
AMZ-102650,49,Male,Middle East,2020,5,Prime,Diamond,42,7102.02,169.1,9.52,4,Beauty,4,3.0,22,11,68,Smart TV,Debit Card,39.16,20,2,366,9181.66,0.0031,Neutral,Premium Spender
AMZ-102651,37,Male,North America,2022,3,Prime,Silver,68,4883.68,71.82,0.0,0,Electronics,6,4.2,2,41,90,Tablet,Cash on Delivery,49.87,18,2,562,6434.73,0.2435,Satisfied,Loyal Shopper
AMZ-102652,28,Non-Binary,North America,2019,6,Prime,Platinum,46,2385.82,51.87,4.35,2,Beauty,7,3.9,7,43,110,Alexa,Net Banking,60.93,38,0,434,2652.55,0.2473,Satisfied,Loyal Shopper
AMZ-102653,30,Male,South Asia,2018,7,Prime,Gold,23,449.74,19.55,34.78,8,Clothing,5,3.5,30,72,206,Mobile,Amazon Pay,71.32,9,1,683,552.17,0.643,Neutral,Bargain Hunter
AMZ-102654,22,Female,Latin America,2017,8,Prime,Silver,39,1332.56,34.17,0.0,0,Toys,5,4.1,7,19,111,Mobile,UPI,67.07,2,4,15,1462.68,0.4081,Satisfied,Loyal Shopper
AMZ-102655,28,Non-Binary,Latin America,2021,4,Prime,Gold,10,394.72,39.47,30.0,3,Toys,4,3.6,2,8,29,Alexa,Cash on Delivery,22.17,31,2,464,526.34,0.5585,Neutral,Occasional Buyer
AMZ-102656,70,Male,North America,2017,8,Prime,Silver,17,647.3,38.08,47.06,8,Home & Kitchen,7,2.6,0,32,124,Smart TV,UPI,75.66,0,1,317,647.66,0.6317,Satisfied,Bargain Hunter
AMZ-102657,19,Non-Binary,South Asia,2022,3,Non-Prime,Diamond,13,538.16,41.4,7.69,1,Clothing,4,3.7,31,13,38,Mobile,UPI,14.37,36,1,613,666.14,0.5103,Dissatisfied,Occasional Buyer
AMZ-102658,61,Male,Europe,2015,10,Prime,Platinum,41,4033.61,98.38,2.44,1,Office,5,4.9,38,16,106,Tablet,Cash on Delivery,61.55,23,0,700,5208.33,0.4851,Satisfied,Loyal Shopper
AMZ-102659,68,Male,South Asia,2015,10,Prime,Diamond,20,2610.89,130.54,10.0,2,Home & Kitchen,4,4.6,44,12,151,Alexa,Debit Card,56.51,17,0,544,3669.0,0.1623,Very Satisfied,Loyal Shopper
AMZ-102660,68,Non-Binary,South Asia,2019,6,Prime,Platinum,1,86.62,86.62,100.0,1,Beauty,6,1.7,41,1,7,Smart TV,Net Banking,19.93,36,4,658,97.41,0.5273,Neutral,Inactive User
AMZ-102661,44,Male,South Asia,2021,4,Prime,Diamond,27,1990.73,73.73,0.0,0,Toys,7,4.3,37,31,81,Mobile,UPI,11.38,11,1,118,2979.17,0.8673,Satisfied,Loyal Shopper
AMZ-102662,48,Female,Southeast Asia,2023,2,Prime,Silver,10,452.7,45.27,20.0,2,Grocery,5,2.6,15,13,36,Smart TV,Credit Card,2.31,22,0,145,648.21,0.6902,Neutral,Occasional Buyer
AMZ-102663,44,Female,Middle East,2022,3,Prime,Silver,2,51.38,25.69,0.0,0,Grocery,6,1.0,37,3,6,Desktop,Cash on Delivery,31.89,34,1,245,70.48,0.4905,Dissatisfied,Inactive User
AMZ-102664,68,Male,North America,2022,3,Prime,Diamond,28,3641.95,130.07,0.0,0,Books,7,4.0,6,20,151,Desktop,Gift Card,79.94,19,1,72,5212.73,0.9518,Satisfied,Loyal Shopper
AMZ-102665,39,Non-Binary,East Asia,2021,4,Non-Prime,Gold,19,151.21,7.96,31.58,6,Grocery,2,4.0,2,63,131,Alexa,Net Banking,74.32,23,2,128,205.3,0.1797,Satisfied,Bargain Hunter
AMZ-102666,59,Female,Latin America,2019,6,Non-Prime,Diamond,37,2852.44,77.09,5.41,2,Sports,7,5.0,33,33,84,Alexa,Cash on Delivery,25.18,26,1,729,3472.0,0.4636,Very Satisfied,Loyal Shopper
AMZ-102667,44,Female,South Asia,2022,3,Prime,Diamond,12,108.58,9.05,0.0,0,Sports,9,3.0,6,19,18,Desktop,Debit Card,56.83,37,1,65,159.75,0.4171,Dissatisfied,Occasional Buyer
AMZ-102668,41,Non-Binary,South Asia,2015,10,Prime,Gold,77,2382.79,30.95,2.6,2,Grocery,6,4.3,42,12,126,Mobile,Net Banking,45.03,37,3,497,2520.42,0.476,Very Satisfied,Loyal Shopper
AMZ-102669,38,Female,Europe,2022,3,Prime,Platinum,20,781.36,39.07,45.0,9,Grocery,5,2.6,5,21,206,Alexa,Debit Card,40.45,38,3,445,858.37,0.4892,Dissatisfied,Bargain Hunter
AMZ-102670,62,Non-Binary,Europe,2018,7,Prime,Silver,73,1410.54,19.32,0.0,0,Toys,6,4.4,46,39,178,Desktop,Cash on Delivery,62.12,2,2,481,1478.02,0.3974,Very Satisfied,Loyal Shopper
AMZ-102671,28,Male,Europe,2021,4,Non-Prime,Silver,1,23.8,23.8,100.0,1,Toys,7,3.0,41,3,6,Desktop,Cash on Delivery,1.25,4,1,216,33.07,0.7759,Very Dissatisfied,Inactive User
AMZ-102672,43,Male,East Asia,2017,8,Non-Prime,Silver,30,13625.77,454.19,0.0,0,Grocery,8,3.6,26,19,53,Mobile,Amazon Pay,76.89,27,3,634,16933.24,0.7359,Satisfied,Premium Spender
AMZ-102673,45,Female,Europe,2020,5,Prime,Gold,38,3959.43,104.2,10.53,4,Electronics,1,3.1,27,7,65,Smart TV,Net Banking,11.98,10,2,167,5862.8,0.1928,Very Satisfied,Premium Spender
AMZ-102674,30,Non-Binary,Europe,2015,10,Prime,Platinum,10,81.01,8.1,0.0,0,Clothing,1,3.6,37,1,31,Mobile,Net Banking,19.61,24,1,84,86.76,0.168,Neutral,Occasional Buyer
AMZ-102675,26,Female,South Asia,2022,3,Prime,Silver,29,186.5,6.43,27.59,8,Grocery,2,3.3,1,42,171,Tablet,Net Banking,68.07,38,3,516,245.8,0.7865,Neutral,Bargain Hunter
AMZ-102676,24,Non-Binary,East Asia,2019,6,Non-Prime,Diamond,38,3141.36,82.67,2.63,1,Beauty,8,3.6,12,16,61,Smart TV,Credit Card,44.27,20,1,718,3236.09,0.0752,Satisfied,Premium Spender
AMZ-102677,21,Female,East Asia,2017,8,Prime,Silver,1,395.48,395.48,200.0,2,Beauty,3,2.2,18,16,35,Tablet,Amazon Pay,21.43,14,1,629,524.01,0.7977,Satisfied,Occasional Buyer
AMZ-102678,59,Male,Latin America,2016,9,Non-Prime,Silver,3,99.68,33.23,0.0,0,Beauty,6,1.3,38,2,18,Mobile,Gift Card,24.54,10,1,201,135.36,0.64,Dissatisfied,Inactive User
AMZ-102679,31,Male,Middle East,2017,8,Non-Prime,Platinum,1,473.41,473.41,0.0,0,Beauty,7,2.1,38,15,47,Smart TV,Amazon Pay,68.5,21,3,296,675.69,0.2323,Neutral,Occasional Buyer
AMZ-102680,42,Non-Binary,North America,2021,4,Non-Prime,Diamond,11,722.3,65.66,18.18,2,Office,7,2.8,45,90,153,Desktop,UPI,22.54,6,3,277,1034.24,0.632,Dissatisfied,Bargain Hunter
AMZ-102681,58,Non-Binary,Southeast Asia,2022,3,Prime,Gold,5,563.66,112.73,40.0,2,Electronics,9,3.8,33,18,22,Smart TV,Cash on Delivery,64.26,33,0,510,565.72,0.2971,Dissatisfied,Occasional Buyer
AMZ-102682,34,Male,Europe,2020,5,Prime,Diamond,14,269.36,19.24,57.14,8,Clothing,3,2.8,8,75,202,Mobile,Credit Card,73.08,37,2,133,279.91,0.1201,Neutral,Bargain Hunter
AMZ-102683,55,Female,North America,2022,3,Prime,Silver,4,48.66,12.16,25.0,1,Clothing,3,2.5,8,3,16,Tablet,Credit Card,79.62,38,4,222,69.13,0.4864,Neutral,Inactive User
AMZ-102684,51,Non-Binary,Southeast Asia,2021,4,Non-Prime,Diamond,45,2596.06,57.69,0.0,0,Automotive,2,4.7,34,22,94,Alexa,UPI,49.71,11,0,593,2848.78,0.6567,Very Satisfied,Loyal Shopper
AMZ-102685,37,Male,Middle East,2015,10,Non-Prime,Diamond,29,8248.21,284.42,6.9,2,Home & Kitchen,6,4.5,12,29,79,Mobile,Debit Card,45.52,14,4,78,9799.68,0.1559,Neutral,Premium Spender
AMZ-102686,70,Female,South Asia,2017,8,Prime,Gold,20,4847.85,242.39,5.0,1,Clothing,1,3.6,38,29,103,Smart TV,Net Banking,2.14,5,0,232,5358.82,0.1494,Neutral,Premium Spender
AMZ-102687,27,Male,Southeast Asia,2015,10,Prime,Diamond,18,14438.9,802.16,5.56,1,Grocery,3,4.4,3,18,74,Smart TV,Amazon Pay,79.85,37,4,192,18682.26,0.5043,Very Satisfied,Premium Spender
AMZ-102688,34,Non-Binary,Latin America,2023,2,Non-Prime,Platinum,29,2763.0,95.28,6.9,2,Home & Kitchen,7,4.4,11,10,120,Mobile,UPI,73.58,8,3,187,4024.02,0.6245,Very Satisfied,Loyal Shopper
AMZ-102689,57,Female,Europe,2021,4,Prime,Gold,16,550.79,34.42,50.0,8,Electronics,3,4.3,21,40,145,Alexa,Net Banking,31.7,3,1,111,661.95,0.6337,Dissatisfied,Bargain Hunter
AMZ-102690,47,Female,South Asia,2015,10,Prime,Silver,0,90.66,90.66,0.0,0,Clothing,1,2.0,22,4,6,Mobile,Debit Card,62.0,23,4,245,115.94,0.4776,Neutral,Inactive User
AMZ-102691,21,Male,Europe,2018,7,Prime,Platinum,16,148.14,9.26,12.5,2,Automotive,5,3.7,49,36,109,Smart TV,Amazon Pay,17.71,15,2,583,214.53,0.6719,Dissatisfied,Bargain Hunter
AMZ-102692,39,Non-Binary,Southeast Asia,2023,2,Prime,Diamond,2,255.69,127.84,0.0,0,Electronics,8,3.2,27,15,43,Mobile,Credit Card,63.22,1,3,463,375.08,0.1097,Satisfied,Occasional Buyer
AMZ-102693,43,Non-Binary,Southeast Asia,2019,6,Prime,Platinum,35,1681.86,48.05,0.0,0,Sports,4,4.5,2,18,137,Alexa,Net Banking,79.48,24,3,138,2381.2,0.2572,Satisfied,Loyal Shopper
AMZ-102694,70,Female,Europe,2020,5,Non-Prime,Diamond,17,9551.67,561.86,11.76,2,Office,7,4.3,27,14,119,Smart TV,Amazon Pay,36.44,12,2,699,10110.25,0.5025,Neutral,Premium Spender
AMZ-102695,24,Male,Southeast Asia,2020,5,Prime,Diamond,24,132.01,5.5,37.5,9,Electronics,4,3.9,5,41,140,Tablet,Cash on Delivery,38.12,1,2,542,167.35,0.4695,Satisfied,Bargain Hunter
AMZ-102696,38,Male,Southeast Asia,2020,5,Prime,Platinum,10,314.6,31.46,30.0,3,Beauty,6,4.0,32,17,20,Desktop,Gift Card,25.8,28,4,501,454.28,0.7718,Neutral,Occasional Buyer
AMZ-102697,58,Non-Binary,Latin America,2020,5,Prime,Platinum,57,4760.36,83.52,1.75,1,Office,9,4.9,49,24,154,Smart TV,UPI,15.0,4,4,43,4861.36,0.8022,Very Satisfied,Loyal Shopper
AMZ-102698,60,Female,North America,2022,3,Prime,Platinum,62,4137.18,66.73,3.23,2,Clothing,9,4.7,3,15,161,Alexa,Net Banking,13.83,23,4,393,5381.01,0.266,Satisfied,Loyal Shopper
AMZ-102699,47,Female,South Asia,2020,5,Prime,Platinum,42,8358.78,199.02,0.0,0,Office,2,3.2,3,11,52,Smart TV,Net Banking,37.63,2,4,444,12495.98,0.1458,Satisfied,Premium Spender
AMZ-102700,65,Female,Europe,2021,4,Prime,Gold,29,215.75,7.44,31.03,9,Grocery,9,4.5,16,83,133,Desktop,Gift Card,27.78,3,0,401,232.24,0.6373,Neutral,Bargain Hunter
AMZ-102701,56,Male,Southeast Asia,2020,5,Prime,Gold,31,12940.19,417.43,9.68,3,Books,7,3.7,42,26,56,Tablet,UPI,45.88,15,4,205,16740.94,0.6123,Very Satisfied,Premium Spender
AMZ-102702,70,Non-Binary,East Asia,2023,2,Non-Prime,Platinum,12,448.81,37.4,16.67,2,Office,7,3.0,17,15,44,Smart TV,Amazon Pay,77.99,20,3,391,592.0,0.3024,Satisfied,Occasional Buyer
AMZ-102703,38,Non-Binary,Southeast Asia,2022,3,Prime,Platinum,3,162.38,54.13,33.33,1,Beauty,6,3.4,7,15,27,Tablet,Cash on Delivery,63.73,11,2,290,204.26,0.1531,Dissatisfied,Occasional Buyer
AMZ-102704,43,Male,Europe,2020,5,Non-Prime,Platinum,4,128.97,32.24,50.0,2,Books,1,2.5,28,13,41,Tablet,UPI,13.05,21,1,68,191.55,0.1347,Satisfied,Occasional Buyer
AMZ-102705,60,Non-Binary,Middle East,2018,7,Non-Prime,Gold,19,753.66,39.67,42.11,8,Office,1,3.5,1,84,155,Desktop,Cash on Delivery,6.2,5,2,266,1068.8,0.106,Satisfied,Bargain Hunter
AMZ-102706,35,Non-Binary,Southeast Asia,2021,4,Prime,Gold,11,107.97,9.82,9.09,1,Office,3,2.2,37,6,12,Tablet,Gift Card,43.73,24,4,600,142.48,0.1313,Dissatisfied,Occasional Buyer
AMZ-102707,62,Non-Binary,East Asia,2019,6,Non-Prime,Gold,11,516.95,47.0,0.0,0,Clothing,1,2.2,35,15,30,Desktop,Credit Card,4.91,0,3,706,727.07,0.6276,Neutral,Occasional Buyer
AMZ-102708,22,Non-Binary,Southeast Asia,2023,2,Prime,Diamond,1,73.23,73.23,0.0,0,Home & Kitchen,6,2.9,46,0,15,Alexa,Net Banking,16.3,34,2,20,88.07,0.9666,Very Dissatisfied,Inactive User
AMZ-102709,33,Non-Binary,Middle East,2016,9,Prime,Silver,3,78.23,26.08,0.0,0,Home & Kitchen,5,2.8,0,2,12,Desktop,Credit Card,46.74,25,1,212,101.36,0.7981,Neutral,Inactive User
AMZ-102710,54,Female,South Asia,2017,8,Prime,Gold,19,126.51,6.66,10.53,2,Books,1,4.1,47,53,164,Smart TV,Cash on Delivery,72.37,31,4,196,159.77,0.1296,Dissatisfied,Bargain Hunter
AMZ-102711,44,Female,Europe,2020,5,Non-Prime,Platinum,27,176.92,6.55,14.81,4,Home & Kitchen,4,4.0,4,89,152,Tablet,Net Banking,75.18,24,4,495,177.03,0.4333,Satisfied,Bargain Hunter
AMZ-102712,51,Female,Southeast Asia,2020,5,Non-Prime,Gold,37,14105.39,381.23,10.81,4,Clothing,3,3.1,49,8,94,Mobile,Debit Card,41.52,25,1,390,14747.36,0.6877,Neutral,Premium Spender
AMZ-102713,55,Female,Europe,2022,3,Non-Prime,Diamond,7,255.22,36.46,57.14,4,Sports,2,3.2,17,79,93,Smart TV,Credit Card,22.74,11,0,562,269.47,0.2822,Neutral,Bargain Hunter
AMZ-102714,63,Non-Binary,North America,2022,3,Prime,Gold,35,4465.02,127.57,0.0,0,Beauty,2,4.0,45,39,81,Mobile,Debit Card,23.59,19,4,460,6574.46,0.0985,Very Satisfied,Loyal Shopper
AMZ-102715,34,Non-Binary,East Asia,2019,6,Prime,Platinum,21,652.82,31.09,33.33,7,Toys,8,4.2,7,21,110,Tablet,UPI,59.83,21,2,151,654.62,0.3368,Neutral,Bargain Hunter
AMZ-102716,31,Male,Europe,2023,2,Non-Prime,Platinum,2,18.18,9.09,50.0,1,Automotive,2,1.0,41,0,3,Mobile,UPI,4.49,13,3,602,23.03,0.4865,Very Dissatisfied,Inactive User
AMZ-102717,53,Non-Binary,Middle East,2019,6,Prime,Silver,24,11987.89,499.5,12.5,3,Sports,7,3.5,23,9,51,Tablet,UPI,26.69,0,4,281,13084.88,0.9381,Satisfied,Premium Spender
AMZ-102718,45,Female,Latin America,2016,9,Prime,Diamond,9,217.02,24.11,22.22,2,Toys,5,2.8,46,2,38,Desktop,Credit Card,34.02,6,2,582,318.94,0.2883,Neutral,Occasional Buyer
AMZ-102719,46,Non-Binary,Middle East,2016,9,Prime,Silver,19,231.28,12.17,10.53,2,Home & Kitchen,9,2.5,49,20,161,Tablet,Debit Card,62.17,1,4,244,252.18,0.6081,Neutral,Bargain Hunter
AMZ-102720,18,Male,Latin America,2017,8,Non-Prime,Gold,59,2574.92,43.64,0.0,0,Electronics,5,4.4,22,20,105,Desktop,Debit Card,13.19,0,3,189,3269.21,0.2359,Satisfied,Loyal Shopper
AMZ-102721,48,Female,South Asia,2017,8,Prime,Diamond,3,130.59,43.53,66.67,2,Home & Kitchen,7,2.9,41,7,14,Mobile,Credit Card,10.03,26,4,29,139.04,0.2198,Dissatisfied,Occasional Buyer
AMZ-102722,65,Non-Binary,Southeast Asia,2017,8,Non-Prime,Diamond,8,396.49,49.56,0.0,0,Grocery,2,4.0,40,3,14,Smart TV,Cash on Delivery,26.2,34,4,105,472.18,0.0308,Neutral,Occasional Buyer
AMZ-102723,20,Male,Middle East,2015,10,Non-Prime,Platinum,4,34.07,8.52,25.0,1,Clothing,2,1.5,15,4,3,Alexa,Cash on Delivery,44.76,12,0,277,48.49,0.5476,Dissatisfied,Inactive User
AMZ-102724,45,Non-Binary,North America,2023,2,Prime,Silver,1,124.75,124.75,100.0,1,Automotive,1,2.5,22,3,39,Smart TV,Amazon Pay,40.14,8,4,352,167.58,0.4296,Dissatisfied,Occasional Buyer
AMZ-102725,44,Female,South Asia,2020,5,Prime,Platinum,12,377.09,31.42,33.33,4,Home & Kitchen,4,2.7,3,33,226,Tablet,Credit Card,30.67,26,3,215,437.07,0.4151,Satisfied,Bargain Hunter
AMZ-102726,28,Non-Binary,East Asia,2015,10,Prime,Silver,46,913.02,19.85,4.35,2,Clothing,6,3.8,36,44,141,Desktop,Cash on Delivery,20.3,31,2,375,1031.1,0.7215,Very Satisfied,Loyal Shopper
AMZ-102727,43,Female,Southeast Asia,2019,6,Prime,Platinum,3,77.05,25.68,33.33,1,Clothing,8,2.0,43,3,7,Smart TV,Cash on Delivery,10.12,22,0,499,99.93,0.535,Neutral,Inactive User
AMZ-102728,27,Male,South Asia,2016,9,Prime,Gold,13,384.14,29.55,15.38,2,Grocery,8,3.0,6,18,25,Desktop,UPI,64.62,26,2,519,499.48,0.1414,Satisfied,Occasional Buyer
AMZ-102729,48,Male,North America,2020,5,Prime,Platinum,46,4820.6,104.8,4.35,2,Toys,1,4.1,14,25,147,Alexa,Credit Card,44.78,3,3,116,6788.77,0.9931,Very Satisfied,Loyal Shopper
AMZ-102730,60,Male,South Asia,2015,10,Prime,Gold,40,2383.56,59.59,0.0,0,Home & Kitchen,5,4.8,5,16,62,Tablet,Gift Card,76.47,22,0,600,2661.6,0.003,Very Satisfied,Loyal Shopper
AMZ-102731,40,Male,Latin America,2016,9,Non-Prime,Silver,47,6724.07,143.07,8.51,4,Toys,3,4.3,17,5,110,Smart TV,Amazon Pay,9.63,13,0,364,6990.15,0.6047,Neutral,Premium Spender
AMZ-102732,56,Female,South Asia,2021,4,Prime,Platinum,13,450.9,34.68,69.23,9,Beauty,1,3.7,33,28,160,Desktop,Net Banking,58.53,28,2,637,664.13,0.8794,Satisfied,Bargain Hunter
AMZ-102733,35,Female,Latin America,2018,7,Prime,Gold,20,529.53,26.48,45.0,9,Electronics,9,3.1,32,77,162,Mobile,Debit Card,9.89,33,1,641,704.29,0.8611,Neutral,Bargain Hunter
AMZ-102734,52,Female,South Asia,2021,4,Prime,Silver,42,1431.17,34.08,2.38,1,Home & Kitchen,1,4.9,40,23,128,Tablet,Net Banking,35.17,39,4,391,1873.63,0.4358,Satisfied,Loyal Shopper
AMZ-102735,62,Male,Middle East,2017,8,Prime,Diamond,61,4374.42,71.71,0.0,0,Books,3,3.6,34,19,129,Alexa,Cash on Delivery,3.26,24,4,523,4700.31,0.6105,Very Satisfied,Loyal Shopper
AMZ-102736,64,Female,Latin America,2019,6,Prime,Gold,29,253.0,8.72,6.9,2,Clothing,4,2.7,23,68,172,Tablet,Credit Card,0.56,3,2,653,284.88,0.1967,Neutral,Bargain Hunter
AMZ-102737,28,Female,East Asia,2015,10,Non-Prime,Diamond,2,246.76,123.38,0.0,0,Sports,5,2.7,48,19,40,Alexa,Gift Card,8.21,7,0,457,277.78,0.1943,Neutral,Occasional Buyer
AMZ-102738,21,Non-Binary,Latin America,2019,6,Non-Prime,Diamond,27,714.57,26.47,25.93,7,Beauty,2,2.5,38,28,112,Tablet,Gift Card,65.99,33,1,338,1011.69,0.7355,Satisfied,Bargain Hunter
AMZ-102739,32,Non-Binary,East Asia,2015,10,Prime,Platinum,15,432.31,28.82,40.0,6,Electronics,2,3.1,16,35,101,Smart TV,Amazon Pay,58.08,31,1,67,472.11,0.0413,Dissatisfied,Bargain Hunter
AMZ-102740,52,Non-Binary,East Asia,2022,3,Prime,Gold,2,25.06,12.53,50.0,1,Automotive,3,1.9,24,2,12,Desktop,Amazon Pay,52.86,5,1,611,34.21,0.6573,Dissatisfied,Inactive User
AMZ-102741,40,Male,South Asia,2023,2,Prime,Silver,0,71.38,71.38,100.0,1,Office,4,1.1,40,0,0,Tablet,Gift Card,78.22,34,1,264,96.37,0.1955,Dissatisfied,Inactive User
AMZ-102742,59,Female,Latin America,2018,7,Prime,Gold,39,3480.91,89.25,10.26,4,Home & Kitchen,1,4.9,35,5,114,Smart TV,Debit Card,19.14,32,0,348,4900.74,0.2643,Very Satisfied,Premium Spender
AMZ-102743,40,Non-Binary,East Asia,2022,3,Prime,Gold,42,4968.16,118.29,2.38,1,Books,6,4.3,48,38,87,Desktop,Credit Card,48.53,26,3,451,5373.1,0.3169,Satisfied,Loyal Shopper
AMZ-102744,22,Male,Middle East,2022,3,Prime,Silver,7,561.14,80.16,100.0,7,Home & Kitchen,5,3.6,14,59,155,Tablet,Net Banking,62.0,10,1,728,831.89,0.6227,Neutral,Bargain Hunter
AMZ-102745,47,Non-Binary,Middle East,2016,9,Prime,Silver,4,27.37,6.84,25.0,1,Automotive,6,2.7,3,2,19,Mobile,Cash on Delivery,69.46,3,1,501,33.14,0.5636,Very Dissatisfied,Inactive User
AMZ-102746,55,Non-Binary,North America,2020,5,Non-Prime,Gold,18,14922.54,829.03,16.67,3,Office,6,4.1,19,15,81,Desktop,Amazon Pay,10.88,37,3,220,19423.89,0.8547,Neutral,Premium Spender
AMZ-102747,39,Non-Binary,Middle East,2019,6,Prime,Platinum,27,280.95,10.41,11.11,3,Clothing,7,2.7,17,33,99,Alexa,Amazon Pay,71.34,19,0,34,357.15,0.4314,Dissatisfied,Bargain Hunter
AMZ-102748,40,Male,South Asia,2018,7,Prime,Gold,23,610.74,26.55,13.04,3,Automotive,2,4.0,25,93,199,Smart TV,Net Banking,78.93,14,1,658,655.16,0.3006,Satisfied,Bargain Hunter
AMZ-102749,50,Male,Middle East,2023,2,Prime,Gold,13,171.62,13.2,15.38,2,Clothing,8,3.1,31,18,57,Mobile,Amazon Pay,19.64,18,2,353,185.58,0.6254,Neutral,Occasional Buyer
AMZ-102750,60,Male,North America,2021,4,Prime,Gold,3,50.1,16.7,33.33,1,Toys,8,3.2,46,15,27,Tablet,Net Banking,76.14,13,1,716,51.94,0.0115,Neutral,Occasional Buyer
AMZ-102751,46,Non-Binary,Southeast Asia,2017,8,Prime,Gold,9,215.93,23.99,22.22,2,Electronics,6,2.2,36,18,31,Alexa,Cash on Delivery,56.3,20,1,670,227.23,0.2915,Satisfied,Occasional Buyer
AMZ-102752,70,Female,Europe,2020,5,Prime,Diamond,79,2545.6,32.22,1.27,1,Electronics,2,4.9,32,24,128,Tablet,UPI,51.21,23,2,390,2990.95,0.1468,Very Satisfied,Loyal Shopper
AMZ-102753,35,Non-Binary,Middle East,2020,5,Non-Prime,Platinum,4,11.24,2.81,0.0,0,Electronics,3,2.9,14,3,12,Tablet,Gift Card,14.24,16,4,277,15.47,0.2887,Very Dissatisfied,Inactive User
AMZ-102754,51,Male,East Asia,2022,3,Prime,Diamond,25,162.46,6.5,12.0,3,Grocery,1,4.3,37,45,104,Tablet,Credit Card,47.74,28,4,17,164.26,0.1853,Neutral,Bargain Hunter
AMZ-102755,56,Male,East Asia,2018,7,Non-Prime,Diamond,1,26.63,26.63,0.0,0,Automotive,4,2.6,7,3,7,Tablet,UPI,18.0,18,3,26,35.87,0.9454,Very Dissatisfied,Inactive User
AMZ-102756,59,Female,Latin America,2018,7,Non-Prime,Gold,45,4527.82,100.62,2.22,1,Clothing,9,4.5,6,40,154,Alexa,Net Banking,61.42,19,2,513,4802.6,0.4026,Satisfied,Loyal Shopper
AMZ-102757,44,Male,Europe,2017,8,Prime,Diamond,2,214.75,107.38,50.0,1,Automotive,3,3.2,35,16,47,Smart TV,Amazon Pay,79.51,2,0,168,225.2,0.9545,Dissatisfied,Occasional Buyer
AMZ-102758,58,Female,Middle East,2017,8,Prime,Silver,71,1981.09,27.9,0.0,0,Toys,1,4.1,27,36,96,Mobile,Gift Card,70.54,6,4,543,2329.02,0.7507,Very Satisfied,Loyal Shopper
AMZ-102759,20,Male,South Asia,2020,5,Non-Prime,Gold,10,219.93,21.99,0.0,0,Electronics,3,2.7,9,14,53,Tablet,UPI,5.7,0,0,144,257.75,0.0556,Satisfied,Occasional Buyer
AMZ-102760,39,Non-Binary,Europe,2022,3,Prime,Silver,49,2420.74,49.4,2.04,1,Beauty,4,5.0,33,22,60,Smart TV,Debit Card,70.85,36,0,534,3535.3,0.5942,Very Satisfied,Loyal Shopper
AMZ-102761,20,Non-Binary,Europe,2018,7,Prime,Diamond,17,129.34,7.61,52.94,9,Home & Kitchen,2,3.3,22,20,166,Smart TV,Debit Card,60.56,12,1,516,171.26,0.3476,Neutral,Bargain Hunter
AMZ-102762,50,Non-Binary,East Asia,2020,5,Prime,Diamond,25,9703.1,388.12,4.0,1,Clothing,9,4.4,7,29,50,Alexa,Net Banking,44.35,31,4,22,10221.54,0.057,Very Satisfied,Premium Spender
AMZ-102763,68,Male,North America,2023,2,Prime,Diamond,4,560.23,140.06,25.0,1,Books,2,2.4,3,17,23,Tablet,Net Banking,32.79,35,4,645,717.17,0.325,Satisfied,Occasional Buyer
AMZ-102764,32,Non-Binary,North America,2015,10,Non-Prime,Platinum,3,569.41,189.8,33.33,1,Books,8,3.4,3,11,12,Desktop,Debit Card,69.82,3,2,534,615.26,0.5961,Satisfied,Occasional Buyer
AMZ-102765,30,Non-Binary,Middle East,2018,7,Prime,Silver,16,393.0,24.56,50.0,8,Sports,2,2.5,20,75,92,Alexa,UPI,23.69,27,2,205,426.24,0.4777,Neutral,Bargain Hunter
AMZ-102766,66,Male,East Asia,2020,5,Non-Prime,Silver,70,2705.54,38.65,0.0,0,Clothing,5,4.4,29,10,140,Desktop,Credit Card,14.79,12,3,100,2867.2,0.3992,Very Satisfied,Loyal Shopper
AMZ-102767,48,Female,Latin America,2022,3,Prime,Silver,59,3543.74,60.06,1.69,1,Beauty,7,4.2,16,45,66,Alexa,Debit Card,25.59,33,1,104,3795.71,0.4867,Very Satisfied,Loyal Shopper
AMZ-102768,50,Female,Middle East,2018,7,Prime,Diamond,48,3356.29,69.92,0.0,0,Sports,6,3.5,48,19,51,Mobile,Credit Card,52.45,12,3,256,4111.23,0.573,Very Satisfied,Premium Spender
AMZ-102769,21,Non-Binary,Europe,2016,9,Prime,Silver,1,30.67,30.67,100.0,1,Toys,2,1.3,30,4,19,Tablet,Amazon Pay,47.6,13,4,580,36.75,0.5909,Dissatisfied,Inactive User
AMZ-102770,55,Male,East Asia,2016,9,Prime,Gold,48,1485.48,30.95,0.0,0,Office,3,4.4,31,12,78,Alexa,Gift Card,35.21,38,3,372,1558.02,0.2297,Very Satisfied,Loyal Shopper
AMZ-102771,70,Non-Binary,Southeast Asia,2022,3,Prime,Platinum,45,7007.65,155.73,6.67,3,Grocery,5,3.5,18,21,101,Tablet,Cash on Delivery,4.77,33,0,344,7133.39,0.4244,Very Satisfied,Premium Spender
AMZ-102772,45,Female,Europe,2022,3,Prime,Platinum,29,5124.86,176.72,6.9,2,Books,4,3.2,23,20,80,Alexa,Gift Card,31.39,8,1,31,5456.0,0.129,Very Satisfied,Premium Spender
AMZ-102773,25,Female,Latin America,2018,7,Prime,Silver,40,2389.35,59.73,5.0,2,Office,3,3.5,28,36,169,Desktop,Net Banking,24.51,21,2,393,3277.76,0.7005,Very Satisfied,Loyal Shopper
AMZ-102774,68,Male,North America,2018,7,Prime,Gold,36,11840.21,328.89,8.33,3,Electronics,7,3.4,23,17,101,Tablet,Net Banking,12.02,32,4,673,14723.14,0.0643,Satisfied,Premium Spender
AMZ-102775,60,Female,South Asia,2017,8,Non-Prime,Platinum,8,670.8,83.85,100.0,8,Grocery,1,3.5,41,80,132,Desktop,Cash on Delivery,10.55,32,3,56,818.38,0.9803,Neutral,Bargain Hunter
AMZ-102776,39,Non-Binary,Southeast Asia,2019,6,Non-Prime,Silver,8,223.33,27.92,62.5,5,Books,3,4.1,46,58,142,Smart TV,Cash on Delivery,58.01,15,0,82,269.64,0.8744,Satisfied,Bargain Hunter
AMZ-102777,25,Male,East Asia,2021,4,Prime,Platinum,1,35.96,35.96,100.0,1,Office,7,2.5,24,2,9,Alexa,Credit Card,67.06,29,0,540,45.55,0.3911,Very Dissatisfied,Inactive User
AMZ-102778,35,Male,Latin America,2020,5,Non-Prime,Silver,33,4544.95,137.73,6.06,2,Electronics,2,4.4,33,43,138,Desktop,Gift Card,14.63,38,4,529,5101.88,0.2109,Very Satisfied,Loyal Shopper
AMZ-102779,19,Male,Latin America,2015,10,Non-Prime,Gold,32,3792.97,118.53,3.12,1,Electronics,8,3.3,47,25,67,Mobile,Credit Card,46.92,17,1,495,5346.33,0.66,Neutral,Premium Spender
AMZ-102780,56,Non-Binary,South Asia,2018,7,Non-Prime,Platinum,4,347.16,86.79,75.0,3,Home & Kitchen,7,2.9,16,13,43,Alexa,Gift Card,33.98,29,1,469,363.14,0.7387,Neutral,Occasional Buyer
AMZ-102781,32,Male,Europe,2015,10,Non-Prime,Silver,35,2214.52,63.27,0.0,0,Beauty,3,4.5,46,44,81,Desktop,Amazon Pay,5.31,34,2,150,2945.06,0.375,Very Satisfied,Loyal Shopper
AMZ-102782,37,Non-Binary,Latin America,2022,3,Prime,Platinum,30,1693.55,56.45,0.0,0,Grocery,1,4.0,14,30,121,Desktop,Gift Card,31.24,2,1,286,2015.38,0.5424,Very Satisfied,Loyal Shopper
AMZ-102783,32,Non-Binary,East Asia,2020,5,Non-Prime,Silver,3,36.8,12.27,0.0,0,Electronics,4,1.1,26,3,7,Smart TV,Gift Card,29.42,30,0,445,38.3,0.0579,Dissatisfied,Inactive User
AMZ-102784,70,Female,South Asia,2020,5,Prime,Diamond,0,6.4,6.4,100.0,1,Home & Kitchen,5,1.3,3,3,7,Desktop,Debit Card,41.43,28,3,58,7.05,0.5838,Neutral,Inactive User
AMZ-102785,18,Non-Binary,Middle East,2020,5,Prime,Gold,2,28.74,14.37,0.0,0,Home & Kitchen,4,2.0,40,1,12,Smart TV,Gift Card,35.65,14,4,526,35.15,0.7328,Dissatisfied,Inactive User
AMZ-102786,63,Female,Latin America,2016,9,Prime,Diamond,20,367.07,18.35,30.0,6,Clothing,3,3.6,37,49,116,Smart TV,Gift Card,20.39,16,2,120,396.17,0.4658,Dissatisfied,Bargain Hunter
AMZ-102787,28,Female,Middle East,2021,4,Prime,Silver,27,460.01,17.04,14.81,4,Electronics,3,3.3,1,69,97,Mobile,Debit Card,38.08,27,0,295,570.65,0.4831,Neutral,Bargain Hunter
AMZ-102788,33,Male,South Asia,2016,9,Non-Prime,Gold,60,1537.42,25.62,0.0,0,Books,1,4.2,33,26,154,Alexa,Cash on Delivery,61.86,0,2,355,2290.33,0.4234,Very Satisfied,Loyal Shopper
AMZ-102789,26,Male,Europe,2015,10,Prime,Diamond,1,34.6,34.6,0.0,0,Office,1,2.5,49,2,11,Mobile,UPI,8.63,2,3,247,45.99,0.5454,Neutral,Inactive User
AMZ-102790,63,Non-Binary,East Asia,2020,5,Non-Prime,Silver,43,9467.21,220.17,4.65,2,Toys,3,3.7,39,15,109,Smart TV,Gift Card,26.25,15,1,6,13168.1,0.7005,Neutral,Premium Spender
AMZ-102791,49,Non-Binary,North America,2021,4,Prime,Platinum,20,8210.32,410.52,15.0,3,Office,9,4.4,14,6,100,Desktop,Credit Card,70.78,27,4,100,8350.06,0.2054,Satisfied,Premium Spender
AMZ-102792,38,Male,East Asia,2019,6,Non-Prime,Platinum,0,11.33,11.33,100.0,1,Home & Kitchen,5,2.7,48,0,10,Mobile,UPI,51.45,9,3,352,15.02,0.3914,Neutral,Inactive User
AMZ-102793,65,Non-Binary,Southeast Asia,2020,5,Prime,Silver,31,3139.72,101.28,0.0,0,Automotive,6,3.6,2,45,113,Alexa,Net Banking,60.05,7,4,589,4230.9,0.5418,Satisfied,Loyal Shopper
AMZ-102794,27,Non-Binary,Southeast Asia,2023,2,Non-Prime,Gold,15,145.92,9.73,33.33,5,Grocery,9,2.8,16,44,225,Tablet,Amazon Pay,0.49,2,0,179,167.14,0.0034,Satisfied,Bargain Hunter
AMZ-102795,55,Non-Binary,Latin America,2022,3,Prime,Gold,44,4714.48,107.15,9.09,4,Toys,3,4.4,15,25,66,Smart TV,Amazon Pay,25.31,7,0,515,6447.39,0.1831,Satisfied,Premium Spender
AMZ-102796,19,Female,East Asia,2022,3,Prime,Platinum,49,5140.02,104.9,0.0,0,Office,5,3.3,47,21,91,Mobile,Debit Card,32.08,21,2,231,5372.28,0.4645,Very Satisfied,Premium Spender
AMZ-102797,46,Male,Europe,2022,3,Non-Prime,Gold,1,102.42,102.42,200.0,2,Beauty,8,2.4,21,18,33,Tablet,Debit Card,55.59,1,3,583,152.0,0.6375,Dissatisfied,Occasional Buyer
AMZ-102798,18,Non-Binary,Southeast Asia,2015,10,Non-Prime,Silver,3,2.86,0.95,33.33,1,Automotive,4,2.8,32,0,3,Tablet,Debit Card,47.58,1,0,534,2.99,0.4931,Very Dissatisfied,Inactive User
AMZ-102799,50,Male,Southeast Asia,2019,6,Prime,Diamond,1,80.45,80.45,0.0,0,Clothing,5,1.5,23,0,18,Alexa,Gift Card,2.62,11,3,121,115.12,0.616,Neutral,Inactive User
AMZ-102800,26,Female,North America,2020,5,Prime,Diamond,15,5306.71,353.78,13.33,2,Automotive,8,5.0,21,23,71,Mobile,UPI,21.97,31,1,337,6461.21,0.3915,Very Satisfied,Premium Spender
AMZ-102801,61,Non-Binary,Southeast Asia,2016,9,Prime,Diamond,6,711.63,118.61,116.67,7,Sports,2,4.4,37,23,234,Alexa,Amazon Pay,6.83,7,3,180,975.66,0.6174,Dissatisfied,Bargain Hunter
AMZ-102802,53,Female,Southeast Asia,2018,7,Prime,Silver,1,70.26,70.26,0.0,0,Grocery,5,2.6,2,4,12,Desktop,Cash on Delivery,75.06,19,3,275,72.95,0.1947,Neutral,Inactive User
AMZ-102803,57,Female,North America,2017,8,Prime,Diamond,2,15.91,7.96,50.0,1,Home & Kitchen,6,2.7,43,3,8,Tablet,Cash on Delivery,54.28,13,0,323,16.41,0.3179,Neutral,Inactive User
AMZ-102804,69,Non-Binary,Europe,2021,4,Prime,Diamond,28,3461.2,123.61,14.29,4,Office,1,4.8,21,28,88,Alexa,Cash on Delivery,2.29,10,1,278,3806.83,0.7567,Very Satisfied,Premium Spender
AMZ-102805,57,Female,Europe,2017,8,Non-Prime,Silver,1,24.46,24.46,100.0,1,Sports,5,1.8,10,3,12,Tablet,Amazon Pay,67.24,35,2,393,25.37,0.4157,Dissatisfied,Inactive User
AMZ-102806,54,Male,Latin America,2015,10,Non-Prime,Diamond,22,567.41,25.79,9.09,2,Electronics,9,3.0,16,46,119,Tablet,Debit Card,13.56,2,3,548,613.25,0.8156,Dissatisfied,Bargain Hunter
AMZ-102807,39,Male,Southeast Asia,2020,5,Prime,Diamond,24,378.26,15.76,37.5,9,Electronics,2,4.0,28,27,224,Smart TV,Gift Card,60.81,4,0,632,413.04,0.5152,Neutral,Bargain Hunter
AMZ-102808,68,Non-Binary,North America,2018,7,Prime,Gold,9,567.45,63.05,22.22,2,Sports,1,2.6,25,16,51,Alexa,Cash on Delivery,3.75,14,1,283,599.54,0.5315,Satisfied,Occasional Buyer
AMZ-102809,27,Non-Binary,North America,2020,5,Prime,Silver,4,549.75,137.44,75.0,3,Grocery,6,2.5,22,10,47,Alexa,UPI,59.38,8,0,506,550.94,0.2329,Dissatisfied,Occasional Buyer
AMZ-102810,19,Non-Binary,East Asia,2016,9,Prime,Platinum,2,44.51,22.25,0.0,0,Automotive,5,2.5,45,2,10,Tablet,Net Banking,16.21,9,1,401,49.44,0.5159,Dissatisfied,Inactive User
AMZ-102811,20,Male,Middle East,2023,2,Non-Prime,Diamond,0,40.76,40.76,0.0,0,Sports,5,2.3,9,3,6,Mobile,UPI,11.09,35,0,26,60.58,0.6372,Neutral,Inactive User
AMZ-102812,28,Male,North America,2016,9,Prime,Diamond,1,481.68,481.68,200.0,2,Beauty,5,3.7,25,7,11,Mobile,Credit Card,24.07,16,2,269,618.51,0.0073,Dissatisfied,Occasional Buyer
AMZ-102813,60,Male,Latin America,2019,6,Prime,Diamond,8,472.63,59.08,62.5,5,Toys,5,4.0,1,30,98,Mobile,UPI,39.51,12,4,650,543.87,0.8887,Neutral,Bargain Hunter
AMZ-102814,18,Non-Binary,South Asia,2018,7,Prime,Platinum,4,82.8,20.7,25.0,1,Toys,4,1.5,14,0,1,Tablet,Credit Card,56.7,5,0,454,87.33,0.2988,Very Dissatisfied,Inactive User
AMZ-102815,38,Non-Binary,South Asia,2023,2,Prime,Platinum,0,32.0,32.0,0.0,0,Toys,5,1.8,39,3,14,Smart TV,UPI,49.55,30,0,714,42.41,0.1619,Very Dissatisfied,Inactive User
AMZ-102816,62,Female,Latin America,2016,9,Prime,Silver,5,729.81,145.96,60.0,3,Grocery,5,3.0,0,97,193,Smart TV,Debit Card,32.7,9,2,209,939.09,0.3254,Dissatisfied,Bargain Hunter
AMZ-102817,26,Male,North America,2016,9,Prime,Gold,47,9134.48,194.35,8.51,4,Toys,2,4.4,36,20,70,Tablet,Net Banking,2.72,16,1,511,12770.6,0.5886,Very Satisfied,Premium Spender
AMZ-102818,39,Male,Europe,2016,9,Prime,Platinum,17,497.68,29.28,52.94,9,Sports,1,3.5,23,71,214,Desktop,UPI,44.51,28,4,504,716.56,0.1657,Neutral,Bargain Hunter
AMZ-102819,33,Female,Southeast Asia,2023,2,Prime,Platinum,3,20.61,6.87,0.0,0,Toys,4,2.4,9,2,6,Alexa,Gift Card,49.53,32,1,43,20.7,0.6519,Dissatisfied,Inactive User
AMZ-102820,35,Female,North America,2022,3,Prime,Gold,9,552.95,61.44,22.22,2,Clothing,6,2.6,41,5,40,Mobile,Amazon Pay,24.81,27,2,539,625.89,0.2378,Neutral,Occasional Buyer
AMZ-102821,19,Non-Binary,Southeast Asia,2015,10,Prime,Gold,8,295.67,36.96,37.5,3,Beauty,7,3.6,32,19,41,Smart TV,Cash on Delivery,8.46,0,1,16,320.6,0.4798,Satisfied,Occasional Buyer
AMZ-102822,69,Male,North America,2017,8,Non-Prime,Silver,68,3323.12,48.87,0.0,0,Beauty,5,4.3,4,18,119,Desktop,Debit Card,6.32,20,1,720,4881.44,0.7936,Very Satisfied,Loyal Shopper
AMZ-102823,51,Male,Europe,2016,9,Prime,Platinum,5,351.86,70.37,40.0,2,Automotive,4,2.5,20,8,10,Smart TV,Amazon Pay,4.2,10,2,91,493.67,0.346,Dissatisfied,Occasional Buyer
AMZ-102824,41,Non-Binary,East Asia,2022,3,Prime,Platinum,2,98.83,49.41,50.0,1,Office,7,1.2,39,2,9,Desktop,UPI,69.03,5,3,590,139.64,0.1766,Very Dissatisfied,Inactive User
AMZ-102825,66,Male,North America,2023,2,Prime,Gold,45,10791.52,239.81,4.44,2,Beauty,2,4.8,36,25,107,Mobile,Gift Card,8.89,22,1,229,12451.05,0.3286,Neutral,Premium Spender
AMZ-102826,64,Female,Europe,2023,2,Non-Prime,Platinum,12,669.69,55.81,58.33,7,Home & Kitchen,3,4.0,15,34,222,Mobile,Debit Card,3.65,22,3,468,855.9,0.3581,Neutral,Bargain Hunter
AMZ-102827,21,Male,Latin America,2016,9,Prime,Diamond,1,96.58,96.58,100.0,1,Clothing,3,2.3,13,3,13,Desktop,Credit Card,68.82,14,1,19,99.17,0.6343,Dissatisfied,Inactive User
AMZ-102828,39,Female,South Asia,2017,8,Non-Prime,Gold,15,103.47,6.9,46.67,7,Automotive,5,4.1,40,42,162,Smart TV,Debit Card,73.82,33,3,44,137.9,0.5171,Dissatisfied,Bargain Hunter
AMZ-102829,56,Non-Binary,Latin America,2019,6,Non-Prime,Gold,19,10521.92,553.79,10.53,2,Office,2,3.9,23,23,69,Tablet,UPI,5.06,29,2,540,10802.05,0.3304,Neutral,Premium Spender
AMZ-102830,69,Non-Binary,Europe,2021,4,Non-Prime,Platinum,11,580.22,52.75,0.0,0,Clothing,5,2.6,22,9,49,Desktop,UPI,72.33,31,3,57,799.24,0.1455,Satisfied,Occasional Buyer
AMZ-102831,27,Non-Binary,East Asia,2016,9,Prime,Gold,5,381.26,76.25,60.0,3,Beauty,4,2.8,26,16,32,Mobile,Gift Card,46.74,23,2,163,448.3,0.7595,Neutral,Occasional Buyer
AMZ-102832,56,Female,Southeast Asia,2023,2,Prime,Silver,20,545.24,27.26,25.0,5,Automotive,4,4.0,23,36,209,Mobile,Credit Card,50.46,1,1,37,677.01,0.9966,Dissatisfied,Bargain Hunter
AMZ-102833,71,Non-Binary,East Asia,2023,2,Non-Prime,Silver,11,83.61,7.6,9.09,1,Beauty,6,3.1,47,6,14,Tablet,UPI,61.21,30,4,372,112.16,0.6076,Neutral,Occasional Buyer
AMZ-102834,51,Female,Southeast Asia,2023,2,Prime,Platinum,26,247.41,9.52,34.62,9,Automotive,9,3.2,35,65,223,Desktop,Cash on Delivery,25.29,0,1,400,361.18,0.178,Satisfied,Bargain Hunter
AMZ-102835,65,Male,Europe,2015,10,Prime,Platinum,11,143.83,13.08,0.0,0,Automotive,6,2.8,44,6,55,Alexa,Net Banking,46.56,15,2,164,155.59,0.0697,Satisfied,Occasional Buyer
AMZ-102836,59,Female,North America,2023,2,Prime,Platinum,5,428.36,85.67,40.0,2,Office,7,4.0,3,11,44,Smart TV,Debit Card,54.56,24,0,433,478.95,0.804,Neutral,Occasional Buyer
AMZ-102837,38,Non-Binary,South Asia,2019,6,Prime,Platinum,10,426.07,42.61,20.0,2,Home & Kitchen,8,2.3,21,7,11,Smart TV,UPI,36.2,29,3,419,561.78,0.4575,Dissatisfied,Occasional Buyer
AMZ-102838,38,Male,South Asia,2020,5,Prime,Gold,0,93.93,93.93,100.0,1,Toys,8,1.7,4,4,2,Mobile,Cash on Delivery,25.0,30,1,255,139.6,0.9365,Dissatisfied,Inactive User
AMZ-102839,35,Male,South Asia,2020,5,Non-Prime,Gold,10,792.96,79.3,50.0,5,Toys,8,3.1,6,46,180,Mobile,UPI,47.48,13,4,665,1018.62,0.4879,Dissatisfied,Bargain Hunter
AMZ-102840,52,Non-Binary,South Asia,2021,4,Non-Prime,Silver,37,10842.6,293.04,2.7,1,Beauty,9,3.3,11,28,92,Desktop,Gift Card,24.08,34,3,592,16033.2,0.2893,Very Satisfied,Premium Spender
AMZ-102841,71,Male,North America,2019,6,Prime,Diamond,3,11.69,3.9,33.33,1,Clothing,7,1.4,9,0,10,Tablet,Net Banking,36.76,0,1,716,13.14,0.0777,Very Dissatisfied,Inactive User
AMZ-102842,29,Male,North America,2020,5,Prime,Platinum,28,349.08,12.47,28.57,8,Toys,6,3.4,33,32,220,Tablet,Cash on Delivery,25.1,17,0,533,454.23,0.4277,Satisfied,Bargain Hunter
AMZ-102843,45,Non-Binary,South Asia,2019,6,Prime,Silver,31,3457.68,111.54,0.0,0,Books,1,4.5,4,32,178,Alexa,UPI,26.09,9,4,397,3711.97,0.3958,Satisfied,Loyal Shopper
AMZ-102844,57,Female,Latin America,2020,5,Prime,Gold,17,111.13,6.54,41.18,7,Sports,5,3.4,16,70,204,Tablet,Cash on Delivery,39.76,27,1,510,121.03,0.7588,Satisfied,Bargain Hunter
AMZ-102845,40,Male,Latin America,2016,9,Prime,Diamond,32,12489.38,390.29,3.12,1,Toys,1,3.6,15,20,57,Desktop,UPI,16.89,5,0,79,17084.35,0.5505,Neutral,Premium Spender
AMZ-102846,43,Male,Europe,2020,5,Prime,Gold,20,7395.88,369.79,15.0,3,Toys,3,4.6,48,26,65,Desktop,UPI,3.26,7,0,702,9197.74,0.6952,Very Satisfied,Premium Spender
AMZ-102847,52,Female,Southeast Asia,2022,3,Non-Prime,Diamond,2,88.81,44.41,50.0,1,Sports,6,1.6,45,4,3,Tablet,Credit Card,67.67,31,2,464,112.3,0.3467,Neutral,Inactive User
AMZ-102848,61,Non-Binary,Middle East,2022,3,Prime,Silver,2,32.97,16.48,0.0,0,Books,6,2.7,1,2,13,Mobile,UPI,71.67,9,0,504,36.94,0.8204,Neutral,Inactive User
AMZ-102849,18,Female,Southeast Asia,2021,4,Prime,Silver,2,3.79,1.9,0.0,0,Grocery,1,1.1,45,4,4,Desktop,Cash on Delivery,44.29,37,2,593,4.55,0.7823,Neutral,Inactive User
AMZ-102850,29,Male,Latin America,2018,7,Prime,Diamond,9,169.29,18.81,22.22,2,Grocery,4,3.1,46,10,38,Tablet,Amazon Pay,24.97,38,3,616,187.38,0.6279,Neutral,Occasional Buyer
AMZ-102851,19,Female,Europe,2016,9,Non-Prime,Platinum,57,4230.41,74.22,1.75,1,Office,8,4.1,47,10,126,Alexa,Net Banking,55.47,18,3,169,6324.18,0.4106,Satisfied,Loyal Shopper
AMZ-102852,60,Female,Southeast Asia,2017,8,Prime,Platinum,23,5786.13,251.57,13.04,3,Automotive,8,4.7,33,21,75,Tablet,Net Banking,64.54,35,1,651,5794.39,0.5595,Very Satisfied,Premium Spender
AMZ-102853,68,Non-Binary,South Asia,2021,4,Non-Prime,Silver,2,51.01,25.5,0.0,0,Office,7,2.9,49,1,11,Mobile,Debit Card,47.17,24,3,547,73.27,0.6926,Very Dissatisfied,Inactive User
AMZ-102854,62,Female,Latin America,2023,2,Non-Prime,Diamond,58,3711.84,64.0,1.72,1,Grocery,5,4.3,20,40,119,Alexa,Net Banking,5.95,20,3,353,5200.99,0.8845,Very Satisfied,Loyal Shopper
AMZ-102855,48,Female,Middle East,2018,7,Non-Prime,Gold,9,360.3,40.03,66.67,6,Office,7,4.4,44,29,200,Smart TV,Credit Card,69.28,19,1,676,524.57,0.4656,Neutral,Bargain Hunter
AMZ-102856,70,Female,East Asia,2023,2,Non-Prime,Platinum,45,12691.97,282.04,8.89,4,Sports,9,3.6,48,26,108,Tablet,Cash on Delivery,66.89,3,0,209,16593.19,0.6577,Satisfied,Premium Spender
AMZ-102857,52,Male,Southeast Asia,2015,10,Prime,Gold,5,206.93,41.39,140.0,7,Grocery,9,3.4,49,95,170,Smart TV,UPI,52.85,5,2,5,292.65,0.6709,Satisfied,Bargain Hunter
AMZ-102858,66,Male,Latin America,2023,2,Prime,Silver,17,651.4,38.32,23.53,4,Home & Kitchen,2,3.8,6,84,157,Alexa,UPI,22.99,21,4,304,827.24,0.2484,Neutral,Bargain Hunter
AMZ-102859,28,Non-Binary,North America,2020,5,Prime,Gold,11,559.38,50.85,18.18,2,Office,5,2.6,21,13,59,Smart TV,Cash on Delivery,5.49,38,4,30,745.39,0.0559,Dissatisfied,Occasional Buyer
AMZ-102860,70,Female,Europe,2015,10,Non-Prime,Silver,0,12.78,12.78,0.0,0,Electronics,4,2.9,5,4,19,Alexa,Net Banking,57.35,30,2,709,17.32,0.613,Dissatisfied,Inactive User
AMZ-102861,31,Male,East Asia,2020,5,Prime,Diamond,3,11.3,3.77,0.0,0,Automotive,4,1.7,7,1,6,Alexa,Credit Card,16.82,32,1,230,14.71,0.7761,Neutral,Inactive User
AMZ-102862,66,Male,Middle East,2015,10,Prime,Diamond,14,513.39,36.67,21.43,3,Office,9,3.6,45,5,50,Desktop,Debit Card,46.59,30,2,450,663.63,0.6993,Dissatisfied,Occasional Buyer
AMZ-102863,40,Non-Binary,East Asia,2018,7,Non-Prime,Platinum,14,505.78,36.13,0.0,0,Grocery,6,3.1,49,9,58,Alexa,Cash on Delivery,21.28,6,3,600,652.29,0.8688,Neutral,Occasional Buyer
AMZ-102864,31,Female,Latin America,2019,6,Prime,Platinum,18,148.8,8.27,11.11,2,Home & Kitchen,7,3.6,27,96,133,Desktop,Net Banking,62.13,18,2,345,180.41,0.8384,Dissatisfied,Bargain Hunter
AMZ-102865,28,Non-Binary,Latin America,2017,8,Prime,Silver,46,9878.89,214.76,6.52,3,Office,1,4.7,20,11,87,Desktop,Cash on Delivery,26.29,33,0,579,11179.2,0.0709,Satisfied,Premium Spender
AMZ-102866,50,Male,South Asia,2016,9,Non-Prime,Gold,1,51.45,51.45,0.0,0,Office,9,2.4,1,1,15,Smart TV,Amazon Pay,79.73,2,0,279,54.42,0.5564,Dissatisfied,Inactive User
AMZ-102867,55,Female,North America,2021,4,Prime,Diamond,52,4603.09,88.52,0.0,0,Electronics,3,3.6,11,42,117,Alexa,Credit Card,40.94,9,2,686,6611.56,0.9595,Satisfied,Loyal Shopper
AMZ-102868,34,Non-Binary,East Asia,2017,8,Prime,Silver,4,2.33,0.58,0.0,0,Electronics,1,1.8,21,3,4,Tablet,Amazon Pay,70.55,19,1,153,3.1,0.6334,Very Dissatisfied,Inactive User
AMZ-102869,48,Female,South Asia,2019,6,Non-Prime,Diamond,21,502.68,23.94,19.05,4,Home & Kitchen,3,3.0,3,90,221,Smart TV,Credit Card,25.02,21,2,726,696.97,0.7929,Neutral,Bargain Hunter
AMZ-102870,43,Non-Binary,Southeast Asia,2019,6,Prime,Diamond,11,145.4,13.22,18.18,2,Toys,1,2.5,29,15,12,Desktop,Gift Card,77.1,13,1,11,180.35,0.084,Satisfied,Occasional Buyer
AMZ-102871,33,Non-Binary,Europe,2020,5,Non-Prime,Diamond,5,778.75,155.75,120.0,6,Office,1,4.1,33,98,148,Desktop,Debit Card,8.15,27,2,485,834.02,0.4678,Neutral,Bargain Hunter
AMZ-102872,63,Non-Binary,North America,2020,5,Non-Prime,Silver,13,109.83,8.45,0.0,0,Beauty,8,3.9,46,8,55,Alexa,Amazon Pay,59.11,34,1,607,121.93,0.9311,Neutral,Occasional Buyer
AMZ-102873,65,Female,Latin America,2021,4,Prime,Diamond,37,3226.81,87.21,5.41,2,Home & Kitchen,8,3.5,45,22,70,Mobile,Net Banking,38.31,2,1,511,4251.32,0.9211,Satisfied,Premium Spender
AMZ-102874,43,Female,South Asia,2022,3,Non-Prime,Diamond,3,171.89,57.3,33.33,1,Office,8,3.6,46,3,52,Desktop,Amazon Pay,41.77,17,1,715,193.24,0.0547,Dissatisfied,Occasional Buyer
AMZ-102875,57,Male,Southeast Asia,2020,5,Prime,Gold,8,408.03,51.0,12.5,1,Toys,9,3.4,9,14,58,Alexa,Credit Card,38.48,32,4,623,506.16,0.2102,Neutral,Occasional Buyer
AMZ-102876,71,Female,Southeast Asia,2022,3,Prime,Diamond,58,3748.93,64.64,3.45,2,Electronics,2,4.4,48,12,96,Desktop,UPI,75.82,10,0,424,4485.92,0.5815,Very Satisfied,Loyal Shopper
AMZ-102877,54,Non-Binary,Southeast Asia,2018,7,Prime,Silver,4,64.37,16.09,25.0,1,Beauty,2,1.3,25,3,11,Desktop,Amazon Pay,25.12,23,1,549,82.37,0.8798,Very Dissatisfied,Inactive User
AMZ-102878,50,Female,East Asia,2021,4,Prime,Platinum,54,1244.57,23.05,3.7,2,Books,1,3.8,7,41,82,Smart TV,Credit Card,72.3,17,3,568,1339.01,0.1839,Very Satisfied,Loyal Shopper
AMZ-102879,24,Non-Binary,Latin America,2021,4,Prime,Platinum,27,535.86,19.85,7.41,2,Home & Kitchen,2,3.1,0,47,145,Tablet,UPI,53.27,28,1,350,791.77,0.2259,Neutral,Bargain Hunter
AMZ-102880,54,Female,North America,2018,7,Prime,Silver,9,352.53,39.17,11.11,1,Electronics,9,2.5,37,14,58,Desktop,Net Banking,60.89,2,3,609,437.59,0.1339,Dissatisfied,Occasional Buyer
AMZ-102881,57,Male,South Asia,2023,2,Prime,Gold,3,47.05,15.68,0.0,0,Electronics,4,1.3,31,0,10,Tablet,Debit Card,63.91,16,2,660,47.93,0.4723,Neutral,Inactive User
AMZ-102882,35,Male,Southeast Asia,2023,2,Prime,Silver,19,4838.03,254.63,5.26,1,Sports,7,3.5,41,12,111,Tablet,Net Banking,27.75,2,1,573,6578.31,0.4136,Neutral,Premium Spender
AMZ-102883,46,Male,Middle East,2020,5,Non-Prime,Gold,4,549.16,137.29,75.0,3,Office,1,3.7,19,5,28,Tablet,Cash on Delivery,10.1,9,4,239,695.27,0.7767,Dissatisfied,Occasional Buyer
AMZ-102884,53,Non-Binary,Southeast Asia,2023,2,Non-Prime,Silver,46,1221.62,26.56,0.0,0,Toys,5,3.8,17,29,174,Smart TV,Gift Card,5.53,9,3,146,1779.7,0.1858,Very Satisfied,Loyal Shopper
AMZ-102885,48,Non-Binary,East Asia,2023,2,Non-Prime,Silver,13,235.57,18.12,15.38,2,Office,6,2.8,34,5,11,Desktop,Debit Card,4.86,22,2,79,299.72,0.9608,Satisfied,Occasional Buyer
AMZ-102886,60,Female,Middle East,2022,3,Non-Prime,Diamond,1,59.82,59.82,0.0,0,Sports,2,2.7,6,3,0,Tablet,Cash on Delivery,10.5,24,1,556,68.94,0.9841,Neutral,Inactive User
AMZ-102887,46,Non-Binary,South Asia,2022,3,Prime,Diamond,4,402.82,100.7,75.0,3,Clothing,1,3.1,28,11,43,Smart TV,Credit Card,43.66,0,3,580,462.78,0.2162,Neutral,Occasional Buyer
AMZ-102888,62,Male,North America,2017,8,Non-Prime,Diamond,16,10384.35,649.02,12.5,2,Grocery,8,3.7,2,14,68,Alexa,Credit Card,2.51,13,4,470,12783.64,0.238,Neutral,Premium Spender
AMZ-102889,20,Female,East Asia,2022,3,Non-Prime,Silver,26,179.13,6.89,30.77,8,Home & Kitchen,3,3.1,44,96,117,Tablet,Debit Card,31.54,3,3,71,228.78,0.7647,Satisfied,Bargain Hunter
AMZ-102890,50,Non-Binary,North America,2023,2,Non-Prime,Diamond,1,64.05,64.05,0.0,0,Home & Kitchen,6,2.2,33,1,11,Alexa,Gift Card,68.97,25,4,474,77.14,0.0451,Neutral,Inactive User
AMZ-102891,47,Non-Binary,Europe,2017,8,Non-Prime,Gold,36,11111.93,308.66,2.78,1,Home & Kitchen,7,3.2,16,27,84,Desktop,Gift Card,2.0,6,3,496,15866.99,0.592,Very Satisfied,Premium Spender
AMZ-102892,40,Female,North America,2016,9,Prime,Silver,4,564.7,141.18,0.0,0,Home & Kitchen,3,3.8,37,15,57,Mobile,UPI,27.1,15,4,280,697.77,0.798,Dissatisfied,Occasional Buyer
AMZ-102893,42,Male,Europe,2021,4,Prime,Diamond,18,605.3,33.63,11.11,2,Electronics,3,3.1,38,27,137,Desktop,UPI,47.0,19,2,140,655.98,0.0479,Dissatisfied,Bargain Hunter
AMZ-102894,61,Male,Europe,2019,6,Prime,Gold,20,973.82,48.69,5.0,1,Electronics,4,3.8,13,25,115,Tablet,Credit Card,7.24,16,3,430,1050.37,0.8407,Satisfied,Loyal Shopper
AMZ-102895,48,Male,Middle East,2020,5,Prime,Platinum,57,4653.29,81.64,0.0,0,Automotive,7,4.0,26,43,155,Smart TV,Debit Card,37.93,26,4,479,6768.95,0.5678,Very Satisfied,Loyal Shopper
AMZ-102896,22,Female,North America,2019,6,Prime,Silver,6,701.73,116.95,133.33,8,Automotive,3,3.9,18,21,155,Alexa,Cash on Delivery,50.8,34,0,145,739.11,0.9245,Satisfied,Bargain Hunter
AMZ-102897,23,Non-Binary,South Asia,2020,5,Prime,Platinum,5,579.62,115.92,60.0,3,Beauty,2,2.5,9,6,30,Desktop,Cash on Delivery,10.47,2,1,199,804.24,0.2679,Neutral,Occasional Buyer
AMZ-102898,37,Male,North America,2019,6,Non-Prime,Diamond,2,2.25,1.12,50.0,1,Office,4,2.2,20,2,11,Tablet,Credit Card,23.99,3,3,458,2.74,0.9252,Neutral,Inactive User
AMZ-102899,21,Female,Middle East,2017,8,Prime,Silver,25,2469.26,98.77,0.0,0,Office,4,3.8,12,37,112,Alexa,Gift Card,25.37,10,4,139,3239.85,0.2519,Very Satisfied,Loyal Shopper
AMZ-102900,58,Female,East Asia,2018,7,Non-Prime,Diamond,75,3479.33,46.39,0.0,0,Home & Kitchen,4,4.6,48,35,132,Desktop,Debit Card,68.58,21,4,318,3539.21,0.7233,Satisfied,Loyal Shopper
AMZ-102901,55,Female,East Asia,2022,3,Prime,Gold,6,544.5,90.75,50.0,3,Clothing,2,2.1,28,2,11,Tablet,Credit Card,77.49,5,0,405,676.3,0.4106,Neutral,Occasional Buyer
AMZ-102902,19,Non-Binary,Latin America,2017,8,Prime,Gold,5,279.22,55.84,20.0,1,Toys,6,2.1,7,12,46,Mobile,Credit Card,20.17,37,2,639,390.68,0.6934,Satisfied,Occasional Buyer
AMZ-102903,43,Male,North America,2022,3,Prime,Platinum,0,55.19,55.19,100.0,1,Toys,7,1.2,1,2,9,Alexa,Gift Card,41.43,32,3,228,69.62,0.2284,Neutral,Inactive User
AMZ-102904,37,Female,South Asia,2017,8,Prime,Diamond,7,719.86,102.84,100.0,7,Electronics,7,3.3,8,41,129,Desktop,UPI,48.55,17,0,309,918.25,0.8622,Dissatisfied,Bargain Hunter
AMZ-102905,57,Non-Binary,Latin America,2016,9,Prime,Silver,27,8952.74,331.58,7.41,2,Clothing,2,4.4,2,11,116,Mobile,Credit Card,24.56,22,3,707,9119.11,0.7912,Neutral,Premium Spender
AMZ-102906,21,Male,Southeast Asia,2018,7,Prime,Gold,2,67.35,33.67,50.0,1,Books,3,2.6,28,4,11,Alexa,Amazon Pay,60.2,32,2,288,78.63,0.7855,Very Dissatisfied,Inactive User
AMZ-102907,56,Non-Binary,Middle East,2018,7,Prime,Silver,55,2269.83,41.27,1.82,1,Beauty,2,3.8,21,34,152,Smart TV,Gift Card,32.44,35,2,309,2676.48,0.1934,Satisfied,Loyal Shopper
AMZ-102908,59,Male,North America,2015,10,Prime,Diamond,1,29.51,29.51,0.0,0,Home & Kitchen,5,2.9,5,1,14,Desktop,Amazon Pay,18.84,35,0,240,31.17,0.1349,Very Dissatisfied,Inactive User
AMZ-102909,68,Male,East Asia,2023,2,Prime,Gold,1,99.1,99.1,0.0,0,Office,8,2.9,45,0,3,Smart TV,Credit Card,48.02,30,2,610,119.57,0.8554,Dissatisfied,Inactive User
AMZ-102910,48,Non-Binary,Southeast Asia,2022,3,Prime,Gold,50,2454.05,49.08,2.0,1,Books,4,4.8,5,10,77,Mobile,Debit Card,6.0,0,2,294,2727.49,0.531,Very Satisfied,Loyal Shopper
AMZ-102911,34,Non-Binary,North America,2015,10,Non-Prime,Diamond,1,9.45,9.45,100.0,1,Books,5,1.2,20,0,14,Smart TV,Gift Card,40.86,34,3,306,12.78,0.0265,Very Dissatisfied,Inactive User
AMZ-102912,26,Male,North America,2020,5,Prime,Platinum,74,2297.24,31.04,0.0,0,Sports,4,4.1,0,41,88,Smart TV,Cash on Delivery,11.39,34,3,229,3142.24,0.9594,Very Satisfied,Loyal Shopper
AMZ-102913,57,Male,Middle East,2016,9,Prime,Silver,25,745.88,29.84,8.0,2,Automotive,8,3.6,41,81,145,Mobile,Gift Card,41.07,33,1,597,1053.01,0.2989,Satisfied,Bargain Hunter
AMZ-102914,30,Male,Southeast Asia,2015,10,Prime,Gold,3,594.04,198.01,100.0,3,Home & Kitchen,9,3.0,32,12,31,Tablet,Amazon Pay,12.57,18,0,33,616.61,0.8077,Dissatisfied,Occasional Buyer
AMZ-102915,47,Female,South Asia,2015,10,Prime,Diamond,20,2641.07,132.05,0.0,0,Electronics,3,4.2,0,31,94,Desktop,Amazon Pay,65.79,31,4,13,3183.6,0.8605,Very Satisfied,Loyal Shopper
AMZ-102916,63,Non-Binary,Europe,2019,6,Prime,Gold,41,2314.62,56.45,0.0,0,Electronics,5,4.5,24,48,125,Alexa,Amazon Pay,50.87,9,4,600,2719.77,0.0888,Very Satisfied,Loyal Shopper
AMZ-102917,18,Female,East Asia,2017,8,Prime,Gold,5,496.94,99.39,0.0,0,Toys,8,3.3,11,15,53,Alexa,Credit Card,12.31,13,0,489,648.81,0.2944,Satisfied,Occasional Buyer
AMZ-102918,18,Female,Latin America,2016,9,Non-Prime,Platinum,64,2218.17,34.66,3.12,2,Beauty,4,4.0,39,32,143,Mobile,Debit Card,28.8,25,2,99,3000.37,0.0079,Very Satisfied,Loyal Shopper
AMZ-102919,41,Female,North America,2022,3,Non-Prime,Diamond,64,2894.87,45.23,1.56,1,Office,6,4.1,48,20,73,Tablet,Net Banking,26.98,20,0,674,3039.07,0.284,Satisfied,Loyal Shopper
AMZ-102920,36,Non-Binary,South Asia,2019,6,Prime,Platinum,4,93.62,23.41,25.0,1,Beauty,8,1.2,12,0,12,Alexa,UPI,13.26,31,4,136,95.96,0.5541,Dissatisfied,Inactive User
AMZ-102921,66,Female,North America,2019,6,Prime,Silver,8,316.37,39.55,12.5,1,Books,2,3.2,27,3,43,Alexa,Net Banking,22.27,10,1,429,388.42,0.4984,Neutral,Occasional Buyer
AMZ-102922,58,Non-Binary,Middle East,2015,10,Prime,Gold,23,730.22,31.75,34.78,8,Toys,8,3.2,39,21,114,Alexa,Gift Card,37.24,26,2,471,1059.85,0.777,Satisfied,Bargain Hunter
AMZ-102923,65,Non-Binary,East Asia,2015,10,Non-Prime,Diamond,6,183.36,30.56,16.67,1,Sports,9,3.8,38,11,10,Smart TV,UPI,26.95,33,2,497,191.56,0.4124,Satisfied,Occasional Buyer
AMZ-102924,29,Non-Binary,Southeast Asia,2021,4,Prime,Gold,47,13426.91,285.68,4.26,2,Automotive,2,4.4,41,28,48,Smart TV,Credit Card,49.37,37,2,314,17559.81,0.4207,Very Satisfied,Premium Spender
AMZ-102925,27,Non-Binary,Europe,2016,9,Prime,Diamond,9,262.38,29.15,88.89,8,Sports,4,4.1,23,67,183,Mobile,UPI,22.53,12,1,469,308.45,0.8851,Dissatisfied,Bargain Hunter
AMZ-102926,61,Non-Binary,Middle East,2023,2,Prime,Silver,37,2550.37,68.93,0.0,0,Office,4,4.6,24,29,144,Mobile,Gift Card,12.63,35,2,423,2848.89,0.903,Satisfied,Loyal Shopper
AMZ-102927,34,Non-Binary,South Asia,2017,8,Prime,Diamond,12,503.51,41.96,16.67,2,Sports,8,3.5,37,13,29,Mobile,Credit Card,31.75,31,0,618,521.94,0.1806,Satisfied,Occasional Buyer
AMZ-102928,69,Non-Binary,Latin America,2016,9,Non-Prime,Gold,38,10366.87,272.81,10.53,4,Toys,9,4.1,4,6,105,Alexa,Net Banking,0.74,38,4,263,11859.68,0.4472,Very Satisfied,Premium Spender
AMZ-102929,71,Female,South Asia,2016,9,Prime,Platinum,56,2446.33,43.68,3.57,2,Grocery,1,4.0,28,33,156,Smart TV,Amazon Pay,77.57,37,4,150,3244.48,0.1581,Very Satisfied,Loyal Shopper
AMZ-102930,55,Non-Binary,South Asia,2018,7,Prime,Gold,32,14571.99,455.37,6.25,2,Office,5,4.8,3,27,52,Alexa,Gift Card,78.19,12,4,486,21556.44,0.8125,Satisfied,Premium Spender
AMZ-102931,27,Female,South Asia,2021,4,Prime,Silver,8,268.16,33.52,12.5,1,Clothing,8,3.0,39,3,52,Mobile,Debit Card,29.51,30,1,245,359.39,0.2356,Dissatisfied,Occasional Buyer
AMZ-102932,19,Non-Binary,Latin America,2018,7,Prime,Silver,21,4698.5,223.74,0.0,0,Beauty,8,4.4,0,11,158,Tablet,Credit Card,79.77,25,3,644,5881.06,0.2637,Satisfied,Loyal Shopper
AMZ-102933,59,Male,North America,2018,7,Prime,Silver,73,3203.87,43.89,1.37,1,Grocery,9,4.0,35,30,167,Alexa,Gift Card,75.46,4,0,322,4484.0,0.543,Very Satisfied,Loyal Shopper
AMZ-102934,36,Non-Binary,Latin America,2019,6,Prime,Diamond,30,1701.35,56.71,6.67,2,Home & Kitchen,2,4.0,27,19,126,Alexa,Credit Card,73.85,23,0,260,2167.04,0.5884,Satisfied,Loyal Shopper
AMZ-102935,21,Male,Middle East,2016,9,Non-Prime,Silver,4,57.16,14.29,0.0,0,Books,3,1.4,27,4,1,Tablet,Credit Card,24.66,5,2,724,84.53,0.2721,Dissatisfied,Inactive User
AMZ-102936,38,Male,Middle East,2019,6,Prime,Diamond,37,6076.86,164.24,5.41,2,Office,2,4.1,4,16,42,Desktop,Cash on Delivery,38.26,16,3,0,7924.92,0.9941,Satisfied,Premium Spender
AMZ-102937,21,Non-Binary,Southeast Asia,2018,7,Prime,Diamond,44,2954.33,67.14,4.55,2,Office,4,5.0,11,40,148,Alexa,Cash on Delivery,46.35,28,3,103,3066.68,0.5561,Very Satisfied,Loyal Shopper
AMZ-102938,19,Female,Latin America,2018,7,Non-Prime,Silver,2,85.71,42.85,50.0,1,Toys,8,2.2,17,1,8,Mobile,UPI,72.75,6,2,405,118.0,0.2911,Neutral,Inactive User
AMZ-102939,31,Non-Binary,East Asia,2020,5,Prime,Diamond,1,149.52,149.52,0.0,0,Automotive,4,3.9,30,17,51,Tablet,Gift Card,65.99,26,1,475,211.86,0.7624,Dissatisfied,Occasional Buyer
AMZ-102940,41,Male,North America,2023,2,Non-Prime,Platinum,74,3814.67,51.55,2.7,2,Home & Kitchen,1,4.2,27,33,60,Desktop,Gift Card,1.16,3,4,155,4087.14,0.8383,Very Satisfied,Loyal Shopper
AMZ-102941,40,Non-Binary,East Asia,2021,4,Prime,Diamond,24,338.94,14.12,20.83,5,Books,7,4.5,47,91,227,Mobile,UPI,51.94,16,1,585,389.36,0.1303,Neutral,Bargain Hunter
AMZ-102942,32,Male,Latin America,2017,8,Non-Prime,Platinum,20,127.0,6.35,45.0,9,Sports,3,2.8,1,55,186,Tablet,UPI,41.42,34,2,580,187.82,0.19,Satisfied,Bargain Hunter
AMZ-102943,46,Male,North America,2021,4,Prime,Platinum,20,2786.23,139.31,0.0,0,Electronics,3,4.0,41,29,175,Mobile,Amazon Pay,44.95,26,0,474,3608.88,0.5713,Satisfied,Loyal Shopper
AMZ-102944,33,Male,Europe,2023,2,Prime,Diamond,50,1607.66,32.15,0.0,0,Electronics,8,4.8,41,20,163,Smart TV,Amazon Pay,25.28,8,0,409,2344.06,0.5422,Satisfied,Loyal Shopper
AMZ-102945,24,Non-Binary,Middle East,2021,4,Prime,Platinum,27,3969.94,147.03,14.81,4,Office,9,3.6,47,24,81,Tablet,Cash on Delivery,11.87,34,4,554,5630.66,0.5388,Very Satisfied,Premium Spender
AMZ-102946,62,Female,South Asia,2018,7,Non-Prime,Silver,20,8363.08,418.15,0.0,0,Books,1,3.0,24,18,60,Mobile,UPI,12.29,8,0,499,12518.23,0.5731,Neutral,Premium Spender
AMZ-102947,59,Non-Binary,Latin America,2020,5,Prime,Gold,34,1291.94,38.0,2.94,1,Grocery,7,4.3,40,19,138,Mobile,Net Banking,45.58,0,0,722,1703.74,0.3177,Satisfied,Loyal Shopper
AMZ-102948,27,Male,Latin America,2020,5,Prime,Diamond,3,76.91,25.64,0.0,0,Office,2,2.4,38,4,18,Tablet,Credit Card,66.44,2,4,80,103.18,0.3744,Dissatisfied,Inactive User
AMZ-102949,43,Male,North America,2015,10,Non-Prime,Platinum,44,4661.82,105.95,4.55,2,Grocery,2,3.9,21,33,127,Mobile,Gift Card,17.79,36,1,650,5955.82,0.9327,Satisfied,Loyal Shopper
AMZ-102950,29,Female,South Asia,2021,4,Prime,Gold,7,564.92,80.7,14.29,1,Beauty,4,4.0,3,5,24,Desktop,Gift Card,7.94,13,2,57,638.86,0.4197,Satisfied,Occasional Buyer
AMZ-102951,62,Male,Europe,2017,8,Prime,Silver,1,290.87,290.87,0.0,0,Electronics,3,3.3,48,17,26,Tablet,Credit Card,56.7,31,0,399,314.62,0.7335,Neutral,Occasional Buyer
AMZ-102952,50,Non-Binary,South Asia,2016,9,Non-Prime,Platinum,53,4667.52,88.07,0.0,0,Books,9,4.9,17,27,72,Alexa,Credit Card,35.98,34,4,715,4772.23,0.7393,Very Satisfied,Loyal Shopper
AMZ-102953,22,Non-Binary,South Asia,2021,4,Non-Prime,Platinum,21,10566.29,503.16,14.29,3,Beauty,8,4.4,19,21,96,Alexa,Credit Card,3.77,22,4,198,11162.22,0.6509,Satisfied,Premium Spender
AMZ-102954,24,Female,North America,2019,6,Prime,Silver,6,351.56,58.59,33.33,2,Automotive,7,3.9,6,9,51,Alexa,Debit Card,42.22,35,3,524,416.26,0.4127,Satisfied,Occasional Buyer
AMZ-102955,43,Female,Southeast Asia,2018,7,Prime,Silver,41,2399.47,58.52,4.88,2,Electronics,8,4.6,27,47,146,Mobile,Debit Card,55.54,16,0,465,3363.17,0.8411,Very Satisfied,Loyal Shopper
AMZ-102956,64,Non-Binary,South Asia,2023,2,Prime,Silver,3,65.72,21.91,33.33,1,Electronics,9,1.9,46,1,3,Mobile,Net Banking,15.53,2,0,76,80.53,0.8261,Dissatisfied,Inactive User
AMZ-102957,35,Male,Middle East,2016,9,Non-Prime,Diamond,37,4691.68,126.8,5.41,2,Books,4,4.6,32,42,125,Tablet,Credit Card,39.49,5,4,672,5126.6,0.2109,Very Satisfied,Loyal Shopper
AMZ-102958,34,Non-Binary,Europe,2021,4,Non-Prime,Platinum,24,2355.65,98.15,4.17,1,Electronics,1,4.6,19,34,100,Smart TV,Net Banking,24.84,34,1,462,3132.55,0.0446,Very Satisfied,Loyal Shopper
AMZ-102959,20,Female,South Asia,2020,5,Non-Prime,Platinum,40,12447.72,311.19,7.5,3,Sports,6,4.0,39,15,113,Smart TV,Net Banking,28.02,18,4,246,17942.54,0.1227,Neutral,Premium Spender
AMZ-102960,55,Non-Binary,South Asia,2023,2,Prime,Diamond,29,452.87,15.62,24.14,7,Toys,2,3.3,19,56,197,Desktop,Cash on Delivery,68.56,8,4,336,495.57,0.0406,Satisfied,Bargain Hunter
AMZ-102961,41,Male,North America,2018,7,Non-Prime,Silver,1,260.87,260.87,100.0,1,Beauty,6,3.6,43,12,26,Desktop,Credit Card,4.49,18,1,418,319.83,0.3331,Dissatisfied,Occasional Buyer
AMZ-102962,37,Non-Binary,Latin America,2023,2,Non-Prime,Gold,11,297.86,27.08,9.09,1,Sports,1,2.8,16,14,53,Smart TV,Cash on Delivery,45.03,10,2,445,318.77,0.3526,Dissatisfied,Occasional Buyer
AMZ-102963,24,Male,Europe,2017,8,Non-Prime,Diamond,71,1081.54,15.23,2.82,2,Books,1,3.6,28,17,125,Smart TV,Gift Card,43.4,34,0,234,1132.87,0.0982,Satisfied,Loyal Shopper
AMZ-102964,18,Male,Europe,2020,5,Prime,Gold,0,43.47,43.47,0.0,0,Automotive,9,2.1,45,0,17,Desktop,Gift Card,41.75,16,1,284,65.11,0.4216,Dissatisfied,Inactive User
AMZ-102965,19,Non-Binary,Southeast Asia,2022,3,Prime,Diamond,26,4422.39,170.09,7.69,2,Beauty,8,4.8,25,24,91,Smart TV,Debit Card,3.22,6,3,660,5107.92,0.3863,Satisfied,Premium Spender
AMZ-102966,42,Male,Middle East,2021,4,Prime,Diamond,53,2869.15,54.13,0.0,0,Grocery,5,4.4,14,26,178,Smart TV,UPI,38.26,31,0,707,3145.7,0.0524,Satisfied,Loyal Shopper
AMZ-102967,66,Female,Southeast Asia,2023,2,Prime,Silver,3,370.78,123.59,0.0,0,Clothing,2,2.4,13,14,32,Alexa,Credit Card,28.78,15,2,507,522.88,0.4631,Satisfied,Occasional Buyer
AMZ-102968,57,Male,North America,2019,6,Prime,Silver,77,2382.4,30.94,0.0,0,Grocery,4,4.0,12,31,137,Tablet,UPI,12.39,31,0,439,2712.57,0.0792,Satisfied,Loyal Shopper
AMZ-102969,65,Female,South Asia,2022,3,Prime,Gold,0,88.66,88.66,100.0,1,Beauty,6,1.2,31,0,2,Tablet,Cash on Delivery,22.32,33,0,439,112.1,0.1209,Very Dissatisfied,Inactive User
AMZ-102970,70,Male,Europe,2019,6,Non-Prime,Diamond,44,4348.0,98.82,0.0,0,Toys,3,3.7,13,41,139,Alexa,Debit Card,57.4,19,1,435,5832.75,0.3254,Satisfied,Loyal Shopper
AMZ-102971,36,Male,Europe,2019,6,Non-Prime,Diamond,19,518.62,27.3,36.84,7,Sports,4,4.2,21,66,104,Alexa,Net Banking,62.86,14,1,157,549.56,0.522,Neutral,Bargain Hunter
AMZ-102972,22,Female,Europe,2018,7,Non-Prime,Gold,14,223.23,15.94,7.14,1,Electronics,3,3.6,28,2,28,Smart TV,Net Banking,28.34,11,4,138,261.34,0.1465,Neutral,Occasional Buyer
AMZ-102973,52,Non-Binary,East Asia,2017,8,Prime,Silver,7,254.33,36.33,28.57,2,Books,3,4.0,38,3,53,Alexa,Gift Card,59.63,20,3,717,280.11,0.9134,Dissatisfied,Occasional Buyer
AMZ-102974,57,Non-Binary,South Asia,2023,2,Prime,Gold,70,2970.88,42.44,1.43,1,Electronics,8,4.9,34,14,121,Smart TV,Debit Card,31.12,32,1,460,3602.89,0.539,Very Satisfied,Loyal Shopper
AMZ-102975,39,Female,Latin America,2019,6,Non-Prime,Platinum,11,397.88,36.17,0.0,0,Grocery,9,3.9,36,10,14,Alexa,Cash on Delivery,41.34,20,2,220,586.27,0.9323,Neutral,Occasional Buyer
AMZ-102976,65,Non-Binary,Middle East,2019,6,Prime,Diamond,24,1050.43,43.77,8.33,2,Grocery,9,4.0,4,24,65,Mobile,Gift Card,25.85,22,2,34,1126.27,0.8828,Very Satisfied,Loyal Shopper
AMZ-102977,60,Male,Europe,2021,4,Prime,Silver,26,12220.79,470.03,15.38,4,Electronics,1,3.9,23,27,93,Desktop,Credit Card,4.63,30,1,46,16670.99,0.9649,Neutral,Premium Spender
AMZ-102978,42,Female,South Asia,2019,6,Non-Prime,Platinum,67,4608.56,68.78,2.99,2,Books,7,4.4,39,28,140,Desktop,Debit Card,43.3,13,4,59,5802.56,0.112,Satisfied,Loyal Shopper
AMZ-102979,45,Non-Binary,Southeast Asia,2022,3,Prime,Platinum,28,322.65,11.52,7.14,2,Office,2,4.2,28,42,203,Alexa,Gift Card,6.67,7,3,352,469.07,0.5461,Neutral,Bargain Hunter
AMZ-102980,22,Female,South Asia,2020,5,Prime,Diamond,29,410.03,14.14,31.03,9,Electronics,4,3.6,22,97,228,Mobile,Debit Card,12.56,18,4,406,467.0,0.7225,Neutral,Bargain Hunter
AMZ-102981,53,Non-Binary,South Asia,2015,10,Prime,Diamond,56,4774.89,85.27,0.0,0,Grocery,7,4.8,38,41,60,Alexa,UPI,53.79,24,3,545,6993.24,0.5181,Very Satisfied,Loyal Shopper
AMZ-102982,41,Male,North America,2017,8,Prime,Silver,3,91.7,30.57,0.0,0,Electronics,2,1.8,10,2,12,Desktop,Amazon Pay,48.12,8,3,246,108.94,0.1392,Dissatisfied,Inactive User
AMZ-102983,33,Male,North America,2020,5,Non-Prime,Diamond,39,7313.4,187.52,2.56,1,Books,5,5.0,1,5,118,Alexa,Cash on Delivery,61.27,14,1,218,9483.95,0.7152,Satisfied,Premium Spender
AMZ-102984,71,Non-Binary,Southeast Asia,2022,3,Prime,Silver,38,3329.09,87.61,7.89,3,Toys,2,4.9,31,29,49,Desktop,Cash on Delivery,43.83,8,0,216,4880.06,0.3136,Very Satisfied,Premium Spender
AMZ-102985,37,Non-Binary,Middle East,2018,7,Prime,Platinum,14,307.94,22.0,21.43,3,Books,1,2.3,26,10,42,Alexa,Net Banking,41.09,13,3,257,320.7,0.2908,Satisfied,Occasional Buyer
AMZ-102986,48,Female,East Asia,2017,8,Non-Prime,Platinum,9,187.61,20.85,22.22,2,Beauty,6,2.1,20,8,14,Mobile,Net Banking,10.67,13,0,618,215.02,0.3997,Satisfied,Occasional Buyer
AMZ-102987,43,Male,Southeast Asia,2019,6,Prime,Gold,14,176.82,12.63,50.0,7,Beauty,3,4.1,37,81,191,Alexa,Debit Card,34.61,38,4,556,229.84,0.1686,Neutral,Bargain Hunter
AMZ-102988,48,Female,South Asia,2020,5,Non-Prime,Diamond,24,198.59,8.27,33.33,8,Grocery,4,3.8,12,63,133,Mobile,Gift Card,52.35,39,4,490,227.76,0.0611,Neutral,Bargain Hunter
AMZ-102989,66,Non-Binary,East Asia,2023,2,Prime,Gold,72,2830.24,39.31,0.0,0,Automotive,7,3.9,39,33,82,Mobile,Gift Card,31.65,9,0,315,3852.23,0.1542,Satisfied,Loyal Shopper
AMZ-102990,37,Male,Middle East,2020,5,Non-Prime,Silver,23,583.91,25.39,21.74,5,Office,1,3.2,13,57,147,Smart TV,Cash on Delivery,16.04,19,2,685,730.13,0.1967,Satisfied,Bargain Hunter
AMZ-102991,39,Male,Latin America,2022,3,Non-Prime,Diamond,28,1723.76,61.56,3.57,1,Sports,6,3.5,26,22,103,Smart TV,Gift Card,64.02,38,4,64,2571.89,0.3158,Very Satisfied,Loyal Shopper
AMZ-102992,70,Male,Southeast Asia,2023,2,Prime,Gold,8,527.62,65.95,100.0,8,Electronics,6,2.7,46,22,133,Smart TV,Gift Card,34.81,3,4,512,652.95,0.7546,Dissatisfied,Bargain Hunter
AMZ-102993,33,Male,South Asia,2020,5,Prime,Silver,2,15.33,7.67,50.0,1,Grocery,5,2.5,0,4,8,Tablet,Cash on Delivery,25.82,22,4,306,17.91,0.9511,Dissatisfied,Inactive User
AMZ-102994,50,Non-Binary,North America,2017,8,Prime,Gold,12,493.9,41.16,25.0,3,Sports,7,2.5,11,7,22,Tablet,Debit Card,73.72,20,3,251,588.88,0.6041,Dissatisfied,Occasional Buyer
AMZ-102995,47,Female,South Asia,2021,4,Prime,Silver,21,3814.63,181.65,0.0,0,Toys,7,4.8,27,47,159,Alexa,Credit Card,38.53,35,1,220,5601.26,0.7947,Very Satisfied,Loyal Shopper
AMZ-102996,64,Non-Binary,East Asia,2020,5,Prime,Platinum,25,6414.05,256.56,12.0,3,Automotive,6,4.4,23,5,98,Tablet,Gift Card,12.0,31,4,477,7141.59,0.5749,Very Satisfied,Premium Spender
AMZ-102997,33,Female,East Asia,2021,4,Prime,Platinum,17,9265.21,545.01,0.0,0,Books,2,4.8,6,8,41,Smart TV,UPI,78.26,30,3,376,9436.93,0.9477,Satisfied,Premium Spender
AMZ-102998,19,Non-Binary,East Asia,2021,4,Prime,Gold,11,367.42,33.4,18.18,2,Books,6,3.5,8,96,184,Tablet,Credit Card,24.69,31,0,74,424.89,0.542,Neutral,Bargain Hunter
AMZ-102999,19,Female,East Asia,2020,5,Prime,Diamond,29,629.45,21.71,27.59,8,Books,5,4.3,18,28,210,Mobile,Gift Card,60.46,4,4,317,921.1,0.6987,Satisfied,Bargain Hunter
AMZ-103000,52,Male,Europe,2021,4,Prime,Platinum,22,199.29,9.06,31.82,7,Clothing,1,3.2,9,51,202,Tablet,Cash on Delivery,67.87,5,3,701,242.53,0.3728,Neutral,Bargain Hunter
AMZ-103001,53,Non-Binary,Middle East,2023,2,Prime,Gold,35,1121.78,32.05,0.0,0,Sports,7,4.5,14,23,126,Alexa,Cash on Delivery,63.03,19,2,645,1638.1,0.2351,Very Satisfied,Loyal Shopper
AMZ-103002,71,Male,South Asia,2020,5,Prime,Silver,3,203.02,67.67,33.33,1,Sports,2,3.3,45,2,20,Mobile,Net Banking,64.16,12,1,570,301.89,0.8327,Satisfied,Occasional Buyer
AMZ-103003,38,Male,East Asia,2022,3,Prime,Platinum,31,11086.91,357.64,3.23,1,Home & Kitchen,1,4.5,16,28,62,Mobile,Debit Card,32.65,14,2,664,15010.53,0.5971,Very Satisfied,Premium Spender
AMZ-103004,52,Male,Southeast Asia,2017,8,Prime,Platinum,20,522.71,26.14,40.0,8,Grocery,2,3.2,35,27,158,Smart TV,Net Banking,10.42,14,4,707,595.01,0.2058,Satisfied,Bargain Hunter
AMZ-103005,26,Non-Binary,East Asia,2017,8,Prime,Gold,12,212.45,17.7,0.0,0,Office,2,2.6,14,6,18,Tablet,Debit Card,16.42,13,2,551,229.9,0.3972,Dissatisfied,Occasional Buyer
AMZ-103006,42,Male,North America,2023,2,Prime,Platinum,4,148.67,37.17,50.0,2,Electronics,7,2.1,8,17,50,Mobile,Cash on Delivery,21.66,22,1,630,216.66,0.0752,Satisfied,Occasional Buyer
AMZ-103007,51,Female,Europe,2018,7,Prime,Diamond,12,416.37,34.7,8.33,1,Grocery,4,3.6,34,12,38,Alexa,Cash on Delivery,65.85,2,1,75,441.78,0.3698,Dissatisfied,Occasional Buyer
AMZ-103008,46,Female,Southeast Asia,2016,9,Prime,Platinum,21,4003.18,190.63,9.52,2,Beauty,3,4.9,35,12,118,Mobile,Debit Card,9.68,8,1,256,4292.28,0.7333,Satisfied,Premium Spender
AMZ-103009,36,Female,Southeast Asia,2018,7,Prime,Silver,1,42.02,42.02,0.0,0,Clothing,8,3.0,29,4,18,Desktop,UPI,34.51,27,1,696,51.42,0.5716,Dissatisfied,Inactive User
AMZ-103010,41,Female,Middle East,2020,5,Prime,Platinum,8,234.5,29.31,12.5,1,Beauty,5,2.8,31,12,58,Tablet,Debit Card,37.53,37,0,220,254.94,0.5547,Satisfied,Occasional Buyer
AMZ-103011,49,Male,East Asia,2017,8,Non-Prime,Diamond,19,9957.48,524.08,0.0,0,Clothing,6,4.0,44,23,90,Desktop,Net Banking,44.14,21,4,176,13705.88,0.0128,Very Satisfied,Premium Spender
AMZ-103012,29,Male,Europe,2016,9,Prime,Diamond,33,9229.84,279.69,12.12,4,Beauty,2,3.5,31,22,106,Tablet,Gift Card,52.75,18,3,247,12237.76,0.9183,Satisfied,Premium Spender
AMZ-103013,53,Male,North America,2021,4,Prime,Silver,30,8928.26,297.61,3.33,1,Automotive,8,4.5,14,14,115,Mobile,Credit Card,65.46,13,3,618,13217.3,0.6069,Neutral,Premium Spender
AMZ-103014,27,Male,East Asia,2023,2,Non-Prime,Diamond,16,9668.89,604.31,6.25,1,Books,6,3.2,5,9,106,Tablet,Gift Card,9.4,1,0,260,12731.21,0.6616,Satisfied,Premium Spender
AMZ-103015,46,Female,Middle East,2016,9,Non-Prime,Gold,5,81.64,16.33,40.0,2,Automotive,3,2.6,41,16,52,Mobile,Debit Card,63.21,36,1,418,104.63,0.434,Satisfied,Occasional Buyer
AMZ-103016,62,Female,Europe,2020,5,Prime,Silver,8,282.79,35.35,87.5,7,Clothing,3,3.5,38,88,158,Smart TV,Amazon Pay,57.51,37,4,381,400.14,0.9315,Satisfied,Bargain Hunter
AMZ-103017,45,Non-Binary,East Asia,2022,3,Prime,Diamond,22,268.14,12.19,22.73,5,Clothing,3,4.3,35,43,171,Smart TV,Credit Card,52.22,20,4,641,320.85,0.7211,Satisfied,Bargain Hunter
AMZ-103018,56,Female,Europe,2016,9,Prime,Diamond,62,2881.39,46.47,3.23,2,Clothing,7,4.9,17,23,140,Smart TV,Debit Card,10.68,14,4,473,4134.61,0.5211,Very Satisfied,Loyal Shopper
AMZ-103019,60,Female,North America,2023,2,Prime,Diamond,1,91.15,91.15,0.0,0,Toys,8,1.1,23,4,19,Tablet,Debit Card,40.71,20,1,114,123.75,0.1169,Neutral,Inactive User
AMZ-103020,59,Non-Binary,Southeast Asia,2019,6,Non-Prime,Gold,9,725.56,80.62,88.89,8,Clothing,9,3.3,30,77,175,Smart TV,Credit Card,76.68,8,4,316,1056.36,0.359,Satisfied,Bargain Hunter
AMZ-103021,45,Male,Latin America,2022,3,Non-Prime,Diamond,29,3937.27,135.77,0.0,0,Automotive,6,4.6,28,49,153,Smart TV,Net Banking,39.79,14,2,200,5154.92,0.7674,Satisfied,Loyal Shopper
AMZ-103022,51,Non-Binary,South Asia,2017,8,Prime,Diamond,68,1802.96,26.51,1.47,1,Grocery,3,3.7,36,34,95,Smart TV,UPI,19.37,15,1,451,2075.27,0.6844,Satisfied,Loyal Shopper
AMZ-103023,69,Non-Binary,Latin America,2022,3,Prime,Platinum,6,253.11,42.19,133.33,8,Grocery,7,2.9,17,36,162,Alexa,Gift Card,29.86,30,2,78,326.75,0.0717,Satisfied,Bargain Hunter
AMZ-103024,62,Male,South Asia,2022,3,Prime,Platinum,0,83.26,83.26,100.0,1,Beauty,4,1.1,27,0,5,Desktop,Amazon Pay,15.63,22,2,573,119.28,0.0662,Neutral,Inactive User
AMZ-103025,24,Male,Latin America,2015,10,Non-Prime,Gold,29,772.37,26.63,20.69,6,Automotive,4,4.4,34,94,157,Desktop,UPI,6.73,36,1,568,971.89,0.7253,Satisfied,Bargain Hunter
AMZ-103026,38,Male,Europe,2015,10,Non-Prime,Diamond,40,5271.19,131.78,5.0,2,Toys,3,4.4,20,12,44,Tablet,Cash on Delivery,53.53,35,2,257,7040.75,0.7574,Very Satisfied,Premium Spender
AMZ-103027,65,Male,Latin America,2023,2,Non-Prime,Platinum,16,504.65,31.54,12.5,2,Toys,1,4.0,46,80,227,Smart TV,Credit Card,9.73,13,0,217,703.63,0.3083,Satisfied,Bargain Hunter
AMZ-103028,50,Non-Binary,Southeast Asia,2022,3,Prime,Platinum,34,6565.44,193.1,5.88,2,Beauty,2,3.3,20,19,86,Tablet,Debit Card,26.23,38,1,444,9690.55,0.3159,Very Satisfied,Premium Spender
AMZ-103029,25,Non-Binary,Latin America,2018,7,Prime,Gold,18,14890.07,827.23,0.0,0,Grocery,7,3.4,21,12,80,Tablet,Debit Card,34.43,18,3,663,15025.88,0.4964,Satisfied,Premium Spender
AMZ-103030,50,Male,East Asia,2023,2,Prime,Gold,28,2329.44,83.19,0.0,0,Automotive,7,4.4,13,11,72,Desktop,Debit Card,38.75,29,0,8,2726.93,0.6959,Satisfied,Loyal Shopper
AMZ-103031,47,Male,South Asia,2022,3,Non-Prime,Gold,29,696.63,24.02,10.34,3,Automotive,2,2.9,31,21,159,Mobile,Credit Card,52.53,17,2,307,972.91,0.6553,Dissatisfied,Bargain Hunter
AMZ-103032,55,Female,Latin America,2022,3,Prime,Diamond,6,564.28,94.05,100.0,6,Office,2,3.4,22,35,152,Mobile,Gift Card,47.48,39,1,685,695.89,0.4724,Satisfied,Bargain Hunter
AMZ-103033,35,Male,North America,2019,6,Prime,Gold,12,551.19,45.93,75.0,9,Office,5,2.8,17,61,131,Alexa,Amazon Pay,67.07,0,0,361,787.78,0.1873,Satisfied,Bargain Hunter
AMZ-103034,45,Female,East Asia,2016,9,Non-Prime,Diamond,13,428.94,33.0,69.23,9,Office,7,4.1,49,57,216,Alexa,Debit Card,14.12,21,3,522,471.98,0.4057,Satisfied,Bargain Hunter
AMZ-103035,40,Male,North America,2017,8,Prime,Silver,27,387.74,14.36,14.81,4,Home & Kitchen,7,2.9,43,97,125,Alexa,Cash on Delivery,78.84,35,3,728,450.09,0.7434,Satisfied,Bargain Hunter
AMZ-103036,52,Male,South Asia,2020,5,Non-Prime,Diamond,69,1934.62,28.04,0.0,0,Office,9,4.2,34,27,144,Alexa,Credit Card,70.04,5,2,632,2741.88,0.5533,Very Satisfied,Loyal Shopper
AMZ-103037,68,Male,Latin America,2015,10,Prime,Platinum,11,740.34,67.3,54.55,6,Automotive,4,2.6,45,81,127,Mobile,Credit Card,36.28,33,2,47,926.49,0.2577,Satisfied,Bargain Hunter
AMZ-103038,68,Male,East Asia,2020,5,Prime,Diamond,24,12438.38,518.27,12.5,3,Automotive,9,4.0,19,10,108,Mobile,Debit Card,75.03,35,0,269,13908.0,0.7331,Very Satisfied,Premium Spender
AMZ-103039,41,Male,Southeast Asia,2018,7,Prime,Platinum,23,494.6,21.5,17.39,4,Electronics,7,4.2,6,52,149,Mobile,Amazon Pay,65.32,4,4,179,686.18,0.5099,Satisfied,Bargain Hunter
AMZ-103040,45,Male,South Asia,2023,2,Prime,Diamond,4,15.03,3.76,0.0,0,Clothing,6,2.6,34,2,5,Tablet,Amazon Pay,10.88,29,2,555,15.83,0.9725,Dissatisfied,Inactive User
AMZ-103041,50,Male,East Asia,2019,6,Prime,Diamond,18,10898.86,605.49,5.56,1,Clothing,3,4.7,19,14,57,Alexa,Amazon Pay,27.68,7,0,594,11298.66,0.0782,Very Satisfied,Premium Spender
AMZ-103042,50,Male,Middle East,2015,10,Prime,Gold,36,3134.38,87.07,0.0,0,Office,8,4.4,48,13,88,Mobile,Net Banking,30.19,39,2,483,4657.59,0.6513,Neutral,Premium Spender
AMZ-103043,65,Female,North America,2017,8,Prime,Platinum,40,3338.5,83.46,7.5,3,Office,3,4.9,24,13,76,Alexa,Cash on Delivery,31.03,32,0,459,4931.97,0.3428,Neutral,Premium Spender
AMZ-103044,26,Male,Latin America,2021,4,Non-Prime,Gold,3,72.99,24.33,0.0,0,Office,6,2.8,41,4,1,Desktop,Debit Card,38.96,15,2,343,87.06,0.127,Very Dissatisfied,Inactive User
AMZ-103045,24,Male,East Asia,2015,10,Prime,Gold,49,13004.92,265.41,2.04,1,Grocery,2,4.7,10,22,80,Mobile,Debit Card,66.19,2,3,272,13865.03,0.8908,Very Satisfied,Premium Spender
AMZ-103046,24,Female,South Asia,2017,8,Prime,Silver,2,46.59,23.3,0.0,0,Sports,8,2.7,44,3,10,Alexa,Cash on Delivery,61.92,32,2,693,61.87,0.7461,Dissatisfied,Inactive User
AMZ-103047,38,Male,East Asia,2016,9,Prime,Diamond,37,7032.01,190.05,10.81,4,Automotive,9,3.8,19,18,79,Smart TV,Net Banking,6.99,21,0,365,10451.15,0.5304,Satisfied,Premium Spender
AMZ-103048,52,Female,East Asia,2018,7,Prime,Platinum,6,517.21,86.2,16.67,1,Beauty,9,2.7,47,19,34,Desktop,UPI,26.21,29,4,169,535.53,0.332,Neutral,Occasional Buyer
AMZ-103049,41,Non-Binary,Latin America,2023,2,Non-Prime,Platinum,21,13672.48,651.07,9.52,2,Electronics,7,4.0,32,13,81,Smart TV,Net Banking,40.76,33,1,724,20167.22,0.0554,Neutral,Premium Spender
AMZ-103050,37,Non-Binary,Southeast Asia,2021,4,Prime,Silver,22,212.98,9.68,40.91,9,Toys,7,3.6,19,33,114,Smart TV,Amazon Pay,9.41,30,0,420,264.89,0.2989,Dissatisfied,Bargain Hunter
AMZ-103051,38,Male,North America,2022,3,Non-Prime,Silver,15,7275.2,485.01,6.67,1,Books,9,3.2,10,10,55,Alexa,Cash on Delivery,24.71,5,2,666,7759.23,0.9992,Satisfied,Premium Spender
AMZ-103052,54,Male,South Asia,2018,7,Prime,Platinum,33,2597.07,78.7,0.0,0,Sports,2,4.1,19,49,71,Desktop,UPI,79.64,29,1,329,2757.43,0.6476,Very Satisfied,Loyal Shopper
AMZ-103053,20,Female,Middle East,2016,9,Non-Prime,Silver,23,777.18,33.79,21.74,5,Office,4,2.8,44,56,227,Desktop,Debit Card,3.83,3,2,25,1143.58,0.4653,Satisfied,Bargain Hunter
AMZ-103054,25,Male,South Asia,2023,2,Prime,Gold,21,4239.4,201.88,0.0,0,Electronics,9,3.7,16,12,140,Desktop,Debit Card,47.89,13,1,471,5586.33,0.1079,Satisfied,Loyal Shopper
AMZ-103055,47,Male,South Asia,2020,5,Prime,Platinum,12,478.92,39.91,25.0,3,Beauty,7,3.1,38,19,48,Mobile,Credit Card,24.96,14,1,512,579.99,0.0659,Neutral,Occasional Buyer
AMZ-103056,69,Male,Europe,2017,8,Prime,Platinum,3,35.41,11.8,0.0,0,Electronics,1,2.1,6,3,18,Desktop,Cash on Delivery,54.64,16,0,513,51.62,0.6344,Neutral,Inactive User
AMZ-103057,58,Non-Binary,East Asia,2018,7,Non-Prime,Platinum,25,11695.11,467.8,8.0,2,Home & Kitchen,1,3.7,10,25,57,Alexa,Debit Card,59.56,20,2,185,12978.05,0.7728,Very Satisfied,Premium Spender
AMZ-103058,20,Male,Europe,2017,8,Prime,Diamond,48,1979.95,41.25,2.08,1,Clothing,4,3.5,23,37,95,Alexa,Gift Card,35.93,0,3,591,2703.48,0.7623,Very Satisfied,Loyal Shopper
AMZ-103059,31,Non-Binary,North America,2023,2,Prime,Gold,73,4496.44,61.6,1.37,1,Books,9,4.9,7,38,101,Desktop,Cash on Delivery,70.89,1,2,366,4885.23,0.7801,Very Satisfied,Loyal Shopper
AMZ-103060,62,Male,South Asia,2015,10,Non-Prime,Silver,9,419.2,46.58,11.11,1,Automotive,8,3.9,27,19,57,Tablet,Cash on Delivery,23.45,10,0,220,605.79,0.3163,Dissatisfied,Occasional Buyer
AMZ-103061,37,Female,East Asia,2019,6,Non-Prime,Gold,4,97.14,24.29,25.0,1,Electronics,4,1.5,14,3,11,Mobile,Debit Card,17.21,16,3,364,99.07,0.4466,Very Dissatisfied,Inactive User
AMZ-103062,36,Female,South Asia,2020,5,Prime,Diamond,72,4815.62,66.88,0.0,0,Automotive,3,4.9,38,42,144,Tablet,UPI,71.06,30,3,267,5352.38,0.6753,Satisfied,Loyal Shopper
AMZ-103063,42,Male,North America,2021,4,Prime,Diamond,1,210.99,210.99,300.0,3,Clothing,5,2.3,28,16,43,Alexa,Cash on Delivery,37.46,22,2,125,304.92,0.0489,Dissatisfied,Occasional Buyer
AMZ-103064,40,Male,Middle East,2020,5,Prime,Diamond,11,92.51,8.41,0.0,0,Beauty,1,3.8,25,18,14,Alexa,Cash on Delivery,35.02,19,1,565,106.56,0.5871,Satisfied,Occasional Buyer
AMZ-103065,70,Male,South Asia,2016,9,Prime,Diamond,18,386.14,21.45,11.11,2,Books,3,2.9,28,47,91,Desktop,Credit Card,33.18,5,3,198,431.07,0.202,Dissatisfied,Bargain Hunter
AMZ-103066,40,Male,Latin America,2017,8,Prime,Gold,47,4743.21,100.92,4.26,2,Toys,1,3.6,42,23,57,Tablet,Gift Card,29.97,6,0,89,5097.4,0.8495,Neutral,Premium Spender
AMZ-103067,62,Non-Binary,East Asia,2017,8,Non-Prime,Diamond,12,560.38,46.7,16.67,2,Sports,7,2.7,14,17,42,Smart TV,Credit Card,43.34,34,1,97,680.28,0.2732,Neutral,Occasional Buyer
AMZ-103068,36,Non-Binary,Southeast Asia,2022,3,Prime,Diamond,51,4497.92,88.19,3.92,2,Home & Kitchen,2,4.1,16,16,130,Mobile,Credit Card,24.94,39,4,314,5883.11,0.1326,Very Satisfied,Loyal Shopper
AMZ-103069,43,Male,Latin America,2019,6,Non-Prime,Platinum,2,99.61,49.8,50.0,1,Beauty,7,2.1,15,1,7,Desktop,Amazon Pay,43.55,9,2,60,128.85,0.8346,Neutral,Inactive User
AMZ-103070,43,Male,Latin America,2023,2,Prime,Silver,5,550.89,110.18,60.0,3,Beauty,5,4.1,21,97,110,Desktop,Cash on Delivery,64.21,4,3,143,705.42,0.9929,Neutral,Bargain Hunter
AMZ-103071,32,Male,Europe,2022,3,Prime,Platinum,14,388.15,27.72,0.0,0,Home & Kitchen,5,3.6,39,4,59,Desktop,Credit Card,67.64,32,4,351,401.75,0.575,Dissatisfied,Occasional Buyer
AMZ-103072,23,Male,Europe,2016,9,Prime,Silver,1,68.06,68.06,0.0,0,Grocery,7,2.4,25,3,12,Smart TV,Gift Card,32.98,22,2,696,86.55,0.6294,Neutral,Inactive User
AMZ-103073,57,Non-Binary,South Asia,2020,5,Prime,Diamond,2,53.33,26.66,0.0,0,Office,2,2.2,14,2,18,Desktop,Amazon Pay,16.02,3,0,437,60.19,0.1308,Very Dissatisfied,Inactive User
AMZ-103074,36,Male,North America,2019,6,Non-Prime,Gold,7,350.44,50.06,0.0,0,Sports,6,3.2,11,17,56,Tablet,Net Banking,75.07,2,3,549,523.14,0.6474,Neutral,Occasional Buyer
AMZ-103075,41,Non-Binary,South Asia,2015,10,Non-Prime,Silver,2,54.15,27.07,50.0,1,Sports,5,1.6,48,4,12,Alexa,Gift Card,70.7,33,3,405,54.37,0.9706,Dissatisfied,Inactive User
AMZ-103076,54,Female,Southeast Asia,2021,4,Non-Prime,Diamond,20,3284.0,164.2,20.0,4,Office,4,4.8,18,12,96,Desktop,Debit Card,77.23,23,0,671,4099.36,0.4354,Satisfied,Premium Spender
AMZ-103077,31,Non-Binary,Middle East,2022,3,Non-Prime,Diamond,52,1775.44,34.14,3.85,2,Beauty,6,4.0,33,37,157,Mobile,Amazon Pay,17.76,0,0,117,2511.76,0.1312,Very Satisfied,Loyal Shopper
AMZ-103078,59,Male,Europe,2022,3,Prime,Platinum,3,37.98,12.66,33.33,1,Toys,3,2.6,47,3,5,Tablet,Credit Card,28.31,24,4,56,39.96,0.3046,Dissatisfied,Inactive User
AMZ-103079,71,Non-Binary,Middle East,2023,2,Prime,Gold,2,46.57,23.29,50.0,1,Grocery,1,2.5,31,1,0,Desktop,Cash on Delivery,59.98,26,4,16,53.78,0.6106,Very Dissatisfied,Inactive User
AMZ-103080,69,Female,Latin America,2023,2,Prime,Gold,4,130.34,32.59,25.0,1,Toys,9,3.4,39,9,40,Desktop,Credit Card,32.49,30,1,486,148.93,0.1472,Satisfied,Occasional Buyer
AMZ-103081,60,Female,Southeast Asia,2023,2,Prime,Gold,1,63.43,63.43,0.0,0,Beauty,9,1.5,29,4,5,Tablet,Debit Card,44.59,2,3,195,64.73,0.9852,Very Dissatisfied,Inactive User
AMZ-103082,23,Female,North America,2017,8,Non-Prime,Diamond,5,472.85,94.57,20.0,1,Clothing,4,3.5,18,1,52,Alexa,Debit Card,77.61,18,3,671,537.66,0.6769,Satisfied,Occasional Buyer
AMZ-103083,37,Female,North America,2022,3,Prime,Gold,32,3233.82,101.06,3.12,1,Beauty,6,4.2,8,17,86,Smart TV,Debit Card,64.55,39,1,422,3857.23,0.8625,Very Satisfied,Loyal Shopper
AMZ-103084,34,Male,Middle East,2017,8,Prime,Gold,11,419.55,38.14,18.18,2,Office,7,2.3,42,12,26,Tablet,Debit Card,1.34,22,0,314,520.52,0.5728,Dissatisfied,Occasional Buyer
AMZ-103085,27,Male,East Asia,2017,8,Prime,Gold,7,692.35,98.91,57.14,4,Sports,7,4.2,44,65,171,Mobile,Amazon Pay,75.66,8,1,348,1006.37,0.1183,Neutral,Bargain Hunter
AMZ-103086,62,Male,Middle East,2021,4,Prime,Silver,4,68.5,17.12,25.0,1,Office,6,1.8,12,0,7,Smart TV,Gift Card,18.17,5,4,390,83.01,0.9027,Neutral,Inactive User
AMZ-103087,19,Male,South Asia,2020,5,Prime,Diamond,25,2602.76,104.11,4.0,1,Electronics,9,4.4,21,46,131,Tablet,Cash on Delivery,64.86,3,0,47,3417.14,0.4988,Satisfied,Loyal Shopper
AMZ-103088,60,Non-Binary,Europe,2015,10,Prime,Gold,10,330.04,33.0,10.0,1,Clothing,9,3.3,42,18,59,Mobile,Gift Card,20.19,4,3,529,368.95,0.8875,Neutral,Occasional Buyer
AMZ-103089,25,Male,North America,2018,7,Non-Prime,Gold,9,448.76,49.86,11.11,1,Office,6,2.1,48,14,30,Mobile,Credit Card,34.99,19,2,550,527.31,0.4482,Satisfied,Occasional Buyer
AMZ-103090,61,Male,South Asia,2022,3,Prime,Gold,9,742.39,82.49,66.67,6,Grocery,9,3.2,27,83,224,Alexa,Debit Card,30.81,33,0,21,793.93,0.3038,Dissatisfied,Bargain Hunter
AMZ-103091,32,Female,East Asia,2017,8,Prime,Silver,22,3874.17,176.1,0.0,0,Books,9,4.0,0,10,158,Alexa,Debit Card,79.41,21,1,531,5214.17,0.382,Very Satisfied,Loyal Shopper
AMZ-103092,19,Non-Binary,North America,2021,4,Prime,Silver,19,4622.23,243.28,10.53,2,Grocery,8,3.7,8,27,96,Desktop,Gift Card,69.19,27,4,78,5675.45,0.3248,Satisfied,Premium Spender
AMZ-103093,27,Male,Europe,2017,8,Prime,Platinum,20,9059.36,452.97,0.0,0,Toys,7,3.2,14,7,64,Mobile,Net Banking,62.54,30,2,29,9769.67,0.1025,Very Satisfied,Premium Spender
AMZ-103094,65,Female,Southeast Asia,2023,2,Prime,Diamond,25,6185.78,247.43,12.0,3,Sports,8,4.9,38,28,109,Desktop,Net Banking,36.52,0,2,114,7584.68,0.0629,Satisfied,Premium Spender
AMZ-103095,28,Female,North America,2020,5,Prime,Platinum,4,59.58,14.89,0.0,0,Home & Kitchen,7,1.0,46,1,14,Smart TV,Debit Card,75.14,4,0,86,72.01,0.5755,Neutral,Inactive User
AMZ-103096,34,Female,North America,2020,5,Prime,Diamond,26,3026.3,116.4,3.85,1,Clothing,7,4.3,47,21,153,Desktop,Net Banking,45.8,14,3,250,3925.84,0.8098,Satisfied,Loyal Shopper
AMZ-103097,57,Male,East Asia,2019,6,Prime,Silver,14,274.73,19.62,35.71,5,Electronics,9,3.3,35,43,169,Alexa,Amazon Pay,47.64,22,4,607,348.97,0.4441,Neutral,Bargain Hunter
AMZ-103098,55,Male,Southeast Asia,2023,2,Prime,Gold,1,311.61,311.61,100.0,1,Home & Kitchen,9,2.2,37,6,32,Mobile,Gift Card,43.04,15,2,292,316.55,0.6766,Satisfied,Occasional Buyer
AMZ-103099,40,Female,North America,2016,9,Non-Prime,Gold,10,74.7,7.47,20.0,2,Automotive,4,2.7,8,2,22,Desktop,Gift Card,9.59,19,0,217,84.11,0.2442,Dissatisfied,Occasional Buyer
AMZ-103100,43,Female,Middle East,2017,8,Prime,Diamond,19,14939.5,786.29,0.0,0,Toys,3,3.0,34,20,63,Mobile,Gift Card,56.64,6,4,3,18730.66,0.1172,Very Satisfied,Premium Spender
AMZ-103101,29,Non-Binary,Europe,2021,4,Prime,Silver,38,2803.6,73.78,2.63,1,Sports,4,3.9,44,39,154,Smart TV,Cash on Delivery,38.63,2,2,241,3383.94,0.811,Satisfied,Loyal Shopper
AMZ-103102,19,Female,East Asia,2017,8,Prime,Silver,10,615.18,61.52,20.0,2,Grocery,3,3.6,19,45,91,Alexa,Gift Card,63.72,20,0,385,905.37,0.2799,Satisfied,Bargain Hunter
AMZ-103103,51,Female,Middle East,2023,2,Non-Prime,Gold,27,215.94,8.0,11.11,3,Clothing,1,3.0,42,27,144,Tablet,Net Banking,14.26,2,0,39,247.92,0.941,Neutral,Bargain Hunter
AMZ-103104,19,Male,Europe,2019,6,Non-Prime,Gold,74,4467.92,60.38,2.7,2,Automotive,4,3.8,41,43,78,Tablet,Amazon Pay,71.58,1,2,640,6309.66,0.7586,Very Satisfied,Loyal Shopper
AMZ-103105,33,Female,South Asia,2020,5,Prime,Platinum,1,370.31,370.31,0.0,0,Beauty,3,2.5,41,12,12,Smart TV,Cash on Delivery,8.31,34,3,7,509.42,0.0575,Neutral,Occasional Buyer
AMZ-103106,36,Non-Binary,East Asia,2016,9,Prime,Platinum,3,262.26,87.42,0.0,0,Automotive,3,2.2,5,15,52,Alexa,Cash on Delivery,40.14,13,4,253,328.57,0.5216,Neutral,Occasional Buyer
AMZ-103107,26,Female,East Asia,2015,10,Prime,Platinum,17,327.72,19.28,35.29,6,Home & Kitchen,9,3.1,1,38,100,Smart TV,Cash on Delivery,48.85,3,3,384,355.03,0.0192,Neutral,Bargain Hunter
AMZ-103108,60,Non-Binary,Middle East,2022,3,Prime,Platinum,59,2946.41,49.94,3.39,2,Automotive,5,4.1,1,31,162,Desktop,Debit Card,40.32,13,4,327,4158.28,0.8281,Satisfied,Loyal Shopper
AMZ-103109,26,Non-Binary,Latin America,2019,6,Prime,Silver,1,77.37,77.37,0.0,0,Electronics,3,2.6,35,1,15,Mobile,UPI,66.62,12,0,427,79.21,0.231,Very Dissatisfied,Inactive User
AMZ-103110,18,Non-Binary,East Asia,2021,4,Prime,Platinum,2,411.87,205.94,100.0,2,Automotive,2,2.7,46,11,13,Tablet,Debit Card,9.84,3,1,556,421.89,0.9387,Neutral,Occasional Buyer
AMZ-103111,28,Non-Binary,Europe,2019,6,Prime,Platinum,22,433.92,19.72,31.82,7,Office,1,4.1,5,60,130,Alexa,Credit Card,43.61,5,0,578,625.18,0.7306,Satisfied,Bargain Hunter
AMZ-103112,63,Male,Southeast Asia,2016,9,Non-Prime,Silver,13,204.87,15.76,53.85,7,Sports,5,4.0,42,96,226,Smart TV,Credit Card,27.27,37,2,316,286.34,0.0285,Dissatisfied,Bargain Hunter
AMZ-103113,21,Non-Binary,Latin America,2021,4,Prime,Silver,13,472.54,36.35,7.69,1,Sports,8,3.7,21,18,58,Desktop,Gift Card,7.47,25,4,125,472.98,0.8179,Dissatisfied,Occasional Buyer
AMZ-103114,39,Female,Europe,2017,8,Prime,Diamond,4,0.74,0.18,25.0,1,Electronics,4,1.9,44,2,17,Smart TV,Net Banking,9.27,14,1,117,0.88,0.1664,Neutral,Inactive User
AMZ-103115,59,Non-Binary,East Asia,2021,4,Prime,Platinum,45,8054.06,178.98,0.0,0,Toys,3,3.9,37,19,56,Tablet,Gift Card,65.51,31,1,151,8639.21,0.1763,Satisfied,Premium Spender
AMZ-103116,24,Non-Binary,Southeast Asia,2019,6,Prime,Diamond,18,13886.77,771.49,0.0,0,Grocery,8,3.4,32,9,55,Mobile,Amazon Pay,48.0,26,4,15,14698.99,0.8611,Satisfied,Premium Spender
AMZ-103117,33,Male,Middle East,2021,4,Prime,Silver,11,317.47,28.86,18.18,2,Electronics,3,3.7,15,19,32,Desktop,Gift Card,71.61,8,2,198,383.42,0.1554,Satisfied,Occasional Buyer
AMZ-103118,42,Male,Middle East,2015,10,Prime,Silver,20,6607.13,330.36,0.0,0,Grocery,7,4.6,26,15,89,Tablet,Amazon Pay,39.53,20,1,532,9873.36,0.4757,Very Satisfied,Premium Spender
AMZ-103119,49,Female,Latin America,2016,9,Non-Prime,Diamond,8,770.01,96.25,50.0,4,Electronics,4,3.0,28,81,131,Tablet,Debit Card,73.1,20,3,407,995.03,0.0173,Dissatisfied,Bargain Hunter
AMZ-103120,62,Female,North America,2017,8,Prime,Silver,7,210.93,30.13,42.86,3,Home & Kitchen,7,3.8,45,17,18,Desktop,Gift Card,51.17,5,4,223,232.3,0.4589,Dissatisfied,Occasional Buyer
AMZ-103121,58,Non-Binary,Middle East,2022,3,Prime,Gold,12,533.31,44.44,8.33,1,Electronics,9,3.1,39,18,25,Smart TV,Gift Card,31.94,38,1,85,603.05,0.1695,Dissatisfied,Occasional Buyer
AMZ-103122,63,Male,North America,2018,7,Prime,Diamond,45,5853.35,130.07,4.44,2,Books,4,3.5,45,13,66,Alexa,Debit Card,63.07,6,1,115,6166.27,0.9431,Very Satisfied,Premium Spender
AMZ-103123,30,Female,Southeast Asia,2017,8,Prime,Platinum,60,1674.38,27.91,3.33,2,Books,2,4.6,9,41,162,Alexa,Credit Card,54.1,10,1,373,1725.17,0.0744,Very Satisfied,Loyal Shopper
AMZ-103124,19,Non-Binary,Latin America,2023,2,Non-Prime,Diamond,0,35.87,35.87,100.0,1,Beauty,1,1.2,49,2,13,Desktop,UPI,59.27,34,0,185,46.08,0.3689,Very Dissatisfied,Inactive User
AMZ-103125,42,Non-Binary,East Asia,2019,6,Prime,Diamond,6,551.22,91.87,33.33,2,Automotive,5,2.8,16,9,58,Desktop,UPI,43.92,22,3,514,823.57,0.7419,Satisfied,Occasional Buyer
AMZ-103126,23,Female,Latin America,2022,3,Prime,Diamond,31,6175.5,199.21,3.23,1,Toys,5,4.0,44,17,47,Mobile,Net Banking,79.2,32,1,198,6745.61,0.606,Satisfied,Premium Spender
AMZ-103127,30,Female,East Asia,2023,2,Prime,Platinum,14,78.85,5.63,7.14,1,Office,5,3.8,17,16,30,Desktop,Debit Card,52.43,36,3,597,106.0,0.6468,Satisfied,Occasional Buyer
AMZ-103128,63,Female,North America,2021,4,Prime,Diamond,15,697.26,46.48,40.0,6,Books,8,2.8,42,66,148,Alexa,Cash on Delivery,42.62,36,1,587,1026.37,0.7227,Dissatisfied,Bargain Hunter
AMZ-103129,23,Non-Binary,Southeast Asia,2019,6,Prime,Diamond,15,9126.72,608.45,6.67,1,Toys,6,3.0,27,29,88,Desktop,Debit Card,28.95,13,4,12,12300.79,0.4373,Very Satisfied,Premium Spender
AMZ-103130,22,Female,East Asia,2020,5,Prime,Silver,11,268.27,24.39,18.18,2,Automotive,2,4.0,26,79,97,Desktop,Cash on Delivery,59.22,34,4,467,271.53,0.5884,Neutral,Bargain Hunter
AMZ-103131,49,Male,East Asia,2017,8,Non-Prime,Silver,4,82.53,20.63,25.0,1,Office,8,2.0,18,0,10,Alexa,Debit Card,73.32,34,1,11,119.68,0.9468,Neutral,Inactive User
AMZ-103132,41,Non-Binary,South Asia,2019,6,Prime,Platinum,48,7259.27,151.23,8.33,4,Home & Kitchen,4,4.2,36,7,109,Desktop,Gift Card,43.61,16,0,535,9283.54,0.5794,Satisfied,Premium Spender
AMZ-103133,27,Non-Binary,North America,2022,3,Non-Prime,Diamond,11,798.64,72.6,27.27,3,Sports,8,3.9,43,39,212,Alexa,Amazon Pay,49.07,14,0,209,1046.85,0.5914,Satisfied,Bargain Hunter
AMZ-103134,36,Non-Binary,Europe,2016,9,Prime,Silver,65,1715.72,26.4,3.08,2,Home & Kitchen,7,4.6,32,21,68,Alexa,UPI,69.32,39,3,642,1954.77,0.1795,Satisfied,Loyal Shopper
AMZ-103135,23,Non-Binary,East Asia,2021,4,Prime,Platinum,71,2391.69,33.69,2.82,2,Sports,6,3.9,15,47,139,Alexa,Net Banking,63.85,15,3,203,2985.11,0.1988,Very Satisfied,Loyal Shopper
AMZ-103136,50,Female,Europe,2017,8,Non-Prime,Diamond,20,566.1,28.3,40.0,8,Automotive,7,3.4,45,38,158,Mobile,Gift Card,9.85,13,3,371,569.69,0.3286,Neutral,Bargain Hunter
AMZ-103137,62,Male,Middle East,2021,4,Prime,Diamond,0,9.74,9.74,0.0,0,Home & Kitchen,6,2.6,6,4,0,Mobile,Amazon Pay,0.79,36,3,579,11.6,0.2193,Dissatisfied,Inactive User
AMZ-103138,33,Non-Binary,South Asia,2020,5,Prime,Gold,3,567.26,189.09,100.0,3,Grocery,3,3.4,15,9,45,Alexa,Net Banking,34.53,19,4,20,737.63,0.6977,Satisfied,Occasional Buyer
AMZ-103139,69,Male,East Asia,2022,3,Prime,Gold,5,154.97,30.99,40.0,2,Books,5,2.5,16,6,30,Smart TV,Net Banking,5.91,30,0,415,200.63,0.3623,Satisfied,Occasional Buyer
AMZ-103140,19,Female,Southeast Asia,2020,5,Non-Prime,Silver,4,26.97,6.74,25.0,1,Toys,5,1.4,10,3,16,Smart TV,Net Banking,66.99,14,1,91,32.39,0.8639,Dissatisfied,Inactive User
AMZ-103141,55,Male,Latin America,2021,4,Prime,Platinum,4,108.22,27.05,50.0,2,Grocery,8,2.9,31,4,21,Alexa,Cash on Delivery,36.55,26,2,383,108.29,0.0871,Satisfied,Occasional Buyer
AMZ-103142,68,Female,Latin America,2020,5,Prime,Gold,28,798.63,28.52,17.86,5,Grocery,8,3.2,45,47,202,Mobile,Amazon Pay,44.94,29,4,585,1042.92,0.054,Neutral,Bargain Hunter
AMZ-103143,24,Female,East Asia,2017,8,Prime,Silver,20,212.25,10.61,30.0,6,Automotive,7,3.6,10,74,112,Mobile,UPI,22.28,34,1,536,242.17,0.1802,Neutral,Bargain Hunter
AMZ-103144,35,Non-Binary,Europe,2018,7,Prime,Diamond,77,809.41,10.51,2.6,2,Electronics,4,3.9,20,44,68,Desktop,Credit Card,53.61,5,0,618,1013.73,0.6537,Satisfied,Loyal Shopper
AMZ-103145,60,Non-Binary,North America,2015,10,Non-Prime,Silver,3,3.62,1.21,33.33,1,Automotive,1,2.8,49,0,5,Desktop,Gift Card,40.04,30,1,220,5.01,0.9442,Neutral,Inactive User
AMZ-103146,38,Non-Binary,Southeast Asia,2022,3,Non-Prime,Gold,21,3659.17,174.25,4.76,1,Sports,7,4.5,3,23,65,Tablet,Cash on Delivery,75.55,20,0,178,5101.16,0.8432,Very Satisfied,Loyal Shopper
AMZ-103147,47,Male,Latin America,2016,9,Prime,Diamond,1,61.06,61.06,100.0,1,Clothing,6,3.0,21,1,15,Alexa,UPI,75.38,12,2,671,62.66,0.779,Very Dissatisfied,Inactive User
AMZ-103148,33,Non-Binary,South Asia,2018,7,Non-Prime,Diamond,1,39.15,39.15,100.0,1,Sports,4,2.4,37,3,14,Mobile,Credit Card,60.25,1,4,135,56.11,0.7786,Very Dissatisfied,Inactive User
AMZ-103149,57,Male,Southeast Asia,2015,10,Non-Prime,Silver,49,14192.48,289.64,8.16,4,Office,2,3.2,12,15,40,Smart TV,Cash on Delivery,41.02,1,2,472,19370.6,0.7598,Very Satisfied,Premium Spender
AMZ-103150,59,Female,Southeast Asia,2019,6,Prime,Gold,25,664.05,26.56,24.0,6,Electronics,2,4.4,7,95,101,Alexa,Credit Card,33.1,7,4,540,761.66,0.1615,Neutral,Bargain Hunter
AMZ-103151,66,Male,South Asia,2016,9,Non-Prime,Silver,1,65.35,65.35,0.0,0,Automotive,7,2.1,28,0,4,Mobile,Net Banking,44.02,8,3,262,81.58,0.5,Dissatisfied,Inactive User
AMZ-103152,66,Male,Latin America,2015,10,Prime,Platinum,58,2941.57,50.72,1.72,1,Sports,6,4.7,36,10,141,Desktop,Amazon Pay,4.59,14,2,276,3820.57,0.7892,Satisfied,Loyal Shopper
AMZ-103153,18,Non-Binary,Latin America,2020,5,Prime,Platinum,0,63.92,63.92,100.0,1,Beauty,8,1.2,10,1,3,Alexa,Net Banking,48.46,9,4,660,85.68,0.8958,Very Dissatisfied,Inactive User
AMZ-103154,44,Male,South Asia,2021,4,Prime,Platinum,47,14201.79,302.17,0.0,0,Clothing,6,4.2,30,12,114,Tablet,Debit Card,23.42,19,4,459,16566.83,0.8381,Satisfied,Premium Spender
AMZ-103155,66,Female,Middle East,2016,9,Prime,Silver,11,524.87,47.72,0.0,0,Clothing,1,3.4,39,8,48,Desktop,Gift Card,24.05,17,3,213,659.53,0.7576,Neutral,Occasional Buyer
AMZ-103156,63,Male,South Asia,2020,5,Non-Prime,Platinum,7,268.45,38.35,28.57,2,Office,2,2.2,29,4,33,Smart TV,Gift Card,26.33,30,4,382,270.0,0.3649,Neutral,Occasional Buyer
AMZ-103157,47,Non-Binary,Southeast Asia,2017,8,Non-Prime,Diamond,22,339.46,15.43,22.73,5,Electronics,9,4.1,42,85,227,Desktop,Cash on Delivery,29.32,23,2,226,369.27,0.8547,Neutral,Bargain Hunter
AMZ-103158,57,Female,Europe,2015,10,Prime,Platinum,14,166.99,11.93,14.29,2,Electronics,3,2.2,38,7,29,Tablet,Amazon Pay,2.94,26,2,184,174.64,0.1753,Neutral,Occasional Buyer
AMZ-103159,38,Female,Middle East,2020,5,Prime,Diamond,54,2960.89,54.83,0.0,0,Beauty,2,3.6,13,49,80,Tablet,Net Banking,4.34,10,2,29,3297.39,0.5493,Satisfied,Loyal Shopper
AMZ-103160,30,Female,East Asia,2020,5,Non-Prime,Platinum,5,184.92,36.98,40.0,2,Grocery,1,3.8,8,74,152,Alexa,Debit Card,9.61,22,3,368,189.9,0.7604,Neutral,Bargain Hunter
AMZ-103161,34,Non-Binary,Middle East,2019,6,Prime,Diamond,19,632.59,33.29,31.58,6,Home & Kitchen,2,4.3,18,33,239,Alexa,Amazon Pay,75.39,24,1,78,690.69,0.4486,Satisfied,Bargain Hunter
AMZ-103162,32,Female,Southeast Asia,2016,9,Prime,Gold,1,98.66,98.66,100.0,1,Clothing,4,3.4,39,5,41,Desktop,Gift Card,78.54,12,2,524,134.63,0.7044,Satisfied,Occasional Buyer
AMZ-103163,67,Female,East Asia,2016,9,Prime,Diamond,25,683.34,27.33,16.0,4,Sports,2,3.7,11,97,203,Alexa,Credit Card,79.36,39,4,580,840.89,0.5565,Satisfied,Bargain Hunter
AMZ-103164,23,Non-Binary,Europe,2016,9,Non-Prime,Diamond,47,4359.12,92.75,4.26,2,Clothing,4,4.0,3,36,85,Desktop,Net Banking,60.89,8,1,219,4774.61,0.9013,Satisfied,Loyal Shopper
AMZ-103165,56,Male,Middle East,2016,9,Non-Prime,Diamond,5,423.0,84.6,140.0,7,Clothing,7,2.6,46,26,168,Desktop,Gift Card,48.79,25,2,569,472.36,0.3336,Satisfied,Bargain Hunter
AMZ-103166,62,Male,North America,2015,10,Prime,Diamond,2,62.73,31.36,50.0,1,Toys,7,1.0,45,1,18,Mobile,Gift Card,40.95,24,1,569,84.64,0.8607,Neutral,Inactive User
AMZ-103167,19,Female,South Asia,2022,3,Prime,Platinum,4,74.75,18.69,25.0,1,Toys,1,2.0,1,3,4,Alexa,UPI,51.63,16,0,364,101.68,0.8009,Neutral,Inactive User
AMZ-103168,49,Male,Middle East,2017,8,Non-Prime,Gold,0,6.21,6.21,100.0,1,Home & Kitchen,6,2.4,39,1,8,Tablet,Cash on Delivery,20.85,31,1,431,7.14,0.884,Neutral,Inactive User
AMZ-103169,41,Female,East Asia,2022,3,Prime,Diamond,3,92.35,30.78,0.0,0,Automotive,3,3.0,47,0,10,Smart TV,UPI,3.68,25,0,26,122.05,0.6613,Neutral,Inactive User
AMZ-103170,53,Female,North America,2019,6,Prime,Silver,62,814.13,13.13,3.23,2,Home & Kitchen,8,3.8,27,32,179,Tablet,UPI,51.66,3,4,633,819.94,0.9028,Satisfied,Loyal Shopper
AMZ-103171,24,Non-Binary,East Asia,2015,10,Prime,Gold,20,4204.21,210.21,0.0,0,Books,6,4.5,44,39,82,Tablet,Debit Card,52.7,1,3,652,5056.5,0.1253,Very Satisfied,Loyal Shopper
AMZ-103172,67,Non-Binary,South Asia,2022,3,Non-Prime,Silver,0,14.92,14.92,100.0,1,Clothing,2,1.0,12,3,10,Desktop,Gift Card,59.23,21,4,186,16.51,0.0286,Neutral,Inactive User
AMZ-103173,19,Male,North America,2021,4,Prime,Platinum,5,263.07,52.61,80.0,4,Electronics,2,3.9,1,98,193,Smart TV,Gift Card,29.91,9,3,422,307.55,0.0112,Neutral,Bargain Hunter
AMZ-103174,34,Female,Latin America,2023,2,Non-Prime,Gold,42,4966.19,118.24,0.0,0,Electronics,1,3.6,41,43,103,Tablet,Net Banking,17.6,4,0,213,7306.74,0.2028,Very Satisfied,Loyal Shopper
AMZ-103175,57,Male,Europe,2020,5,Prime,Silver,0,70.69,70.69,100.0,1,Home & Kitchen,3,2.7,16,0,0,Alexa,Cash on Delivery,28.5,19,3,676,83.64,0.2507,Dissatisfied,Inactive User
AMZ-103176,44,Female,South Asia,2019,6,Non-Prime,Diamond,3,80.6,26.87,0.0,0,Clothing,3,2.7,41,3,14,Mobile,UPI,78.87,31,0,476,116.04,0.5559,Very Dissatisfied,Inactive User
AMZ-103177,33,Female,Latin America,2020,5,Prime,Diamond,1,4.27,4.27,100.0,1,Sports,1,1.4,5,4,19,Desktop,Net Banking,53.53,32,3,521,6.19,0.6921,Neutral,Inactive User
AMZ-103178,50,Male,Europe,2017,8,Non-Prime,Gold,45,2955.77,65.68,2.22,1,Electronics,7,4.1,8,49,171,Alexa,Debit Card,52.33,17,1,175,4194.58,0.2075,Satisfied,Loyal Shopper
AMZ-103179,56,Male,North America,2019,6,Non-Prime,Diamond,65,2981.17,45.86,0.0,0,Toys,4,4.6,0,42,151,Smart TV,UPI,18.71,2,4,20,4378.52,0.2048,Satisfied,Loyal Shopper
AMZ-103180,27,Female,Middle East,2019,6,Non-Prime,Diamond,12,348.71,29.06,50.0,6,Clothing,3,2.5,3,43,113,Alexa,Cash on Delivery,16.79,8,2,106,500.55,0.9759,Dissatisfied,Bargain Hunter
AMZ-103181,71,Non-Binary,East Asia,2021,4,Prime,Diamond,3,85.31,28.44,33.33,1,Grocery,5,1.8,6,1,16,Desktop,Credit Card,7.43,3,4,391,122.5,0.7606,Dissatisfied,Inactive User
AMZ-103182,44,Non-Binary,Europe,2016,9,Prime,Silver,17,436.2,25.66,29.41,5,Automotive,6,3.7,33,98,130,Alexa,Gift Card,16.01,11,4,377,527.17,0.4078,Satisfied,Bargain Hunter
AMZ-103183,48,Non-Binary,Southeast Asia,2019,6,Non-Prime,Platinum,48,6743.66,140.49,0.0,0,Automotive,9,3.0,16,14,102,Desktop,Cash on Delivery,10.29,1,0,622,7542.99,0.0255,Satisfied,Premium Spender
AMZ-103184,42,Female,South Asia,2019,6,Prime,Diamond,8,168.87,21.11,37.5,3,Sports,3,3.5,36,6,59,Mobile,Net Banking,64.52,35,4,588,185.23,0.2366,Neutral,Occasional Buyer
AMZ-103185,19,Male,North America,2017,8,Non-Prime,Gold,77,831.14,10.79,2.6,2,Automotive,3,4.1,47,41,136,Alexa,Amazon Pay,9.31,9,3,417,1185.27,0.2865,Satisfied,Loyal Shopper
AMZ-103186,40,Male,North America,2018,7,Prime,Diamond,40,4959.99,124.0,0.0,0,Automotive,3,3.2,11,24,68,Desktop,Net Banking,33.93,18,3,457,6582.23,0.9089,Satisfied,Premium Spender
AMZ-103187,68,Female,Europe,2021,4,Prime,Gold,48,2156.14,44.92,0.0,0,Toys,6,4.2,3,12,123,Mobile,Cash on Delivery,6.91,37,4,318,2242.68,0.9558,Very Satisfied,Loyal Shopper
AMZ-103188,59,Male,North America,2021,4,Prime,Platinum,3,54.72,18.24,0.0,0,Office,8,1.0,14,1,10,Alexa,UPI,0.25,4,3,398,57.38,0.9458,Neutral,Inactive User
AMZ-103189,52,Male,Middle East,2017,8,Prime,Gold,11,583.13,53.01,63.64,7,Home & Kitchen,9,2.6,3,23,169,Smart TV,Credit Card,66.6,23,3,650,765.86,0.0771,Dissatisfied,Bargain Hunter
AMZ-103190,31,Non-Binary,South Asia,2022,3,Prime,Platinum,27,4528.94,167.74,7.41,2,Sports,7,4.0,12,21,144,Smart TV,Amazon Pay,68.9,17,4,567,5610.03,0.2213,Satisfied,Loyal Shopper
AMZ-103191,46,Male,East Asia,2016,9,Prime,Diamond,0,37.33,37.33,100.0,1,Toys,3,2.2,27,3,18,Mobile,Gift Card,29.93,36,2,479,55.97,0.8993,Neutral,Inactive User
AMZ-103192,51,Male,East Asia,2023,2,Prime,Platinum,3,93.16,31.05,33.33,1,Books,2,2.4,46,4,17,Mobile,Net Banking,61.44,27,2,229,107.59,0.1024,Very Dissatisfied,Inactive User
AMZ-103193,28,Female,North America,2022,3,Non-Prime,Silver,25,11745.83,469.83,0.0,0,Automotive,3,3.1,24,15,47,Mobile,Net Banking,20.8,6,4,671,14839.14,0.2861,Neutral,Premium Spender
AMZ-103194,61,Male,Southeast Asia,2023,2,Non-Prime,Gold,1,76.1,76.1,0.0,0,Clothing,6,1.1,21,3,0,Alexa,UPI,28.9,20,1,692,110.12,0.3298,Very Dissatisfied,Inactive User
AMZ-103195,47,Female,Europe,2023,2,Prime,Gold,10,521.47,52.15,30.0,3,Sports,3,3.1,33,7,19,Mobile,UPI,39.03,35,3,329,653.97,0.2671,Neutral,Occasional Buyer
AMZ-103196,53,Female,Middle East,2015,10,Prime,Platinum,9,661.85,73.54,55.56,5,Beauty,8,3.8,23,49,170,Alexa,Net Banking,32.64,31,1,574,983.0,0.9809,Dissatisfied,Bargain Hunter
AMZ-103197,30,Non-Binary,East Asia,2015,10,Prime,Platinum,25,624.26,24.97,12.0,3,Automotive,1,3.7,10,24,94,Tablet,Amazon Pay,57.18,23,4,633,900.19,0.1735,Dissatisfied,Bargain Hunter
AMZ-103198,58,Non-Binary,Europe,2018,7,Prime,Silver,4,42.43,10.61,0.0,0,Toys,8,1.6,42,2,18,Mobile,Net Banking,51.34,16,4,397,45.51,0.2001,Very Dissatisfied,Inactive User
AMZ-103199,70,Male,North America,2021,4,Prime,Silver,36,13425.0,372.92,8.33,3,Office,1,4.5,26,7,78,Desktop,Cash on Delivery,12.12,21,1,309,16557.01,0.7809,Neutral,Premium Spender
AMZ-103200,46,Female,Europe,2022,3,Prime,Silver,10,706.59,70.66,90.0,9,Grocery,5,3.8,32,30,220,Tablet,Credit Card,55.44,3,0,610,866.75,0.508,Dissatisfied,Bargain Hunter
AMZ-103201,25,Male,North America,2017,8,Non-Prime,Silver,59,3288.18,55.73,0.0,0,Home & Kitchen,4,4.1,24,47,64,Alexa,Gift Card,24.13,7,4,520,3540.18,0.4595,Very Satisfied,Loyal Shopper
AMZ-103202,46,Non-Binary,Latin America,2018,7,Prime,Gold,37,11555.2,312.3,5.41,2,Grocery,3,4.9,3,19,93,Tablet,Cash on Delivery,34.62,23,4,129,13407.4,0.177,Satisfied,Premium Spender
AMZ-103203,57,Female,Latin America,2023,2,Prime,Silver,3,60.6,20.2,33.33,1,Automotive,5,1.9,18,3,4,Alexa,UPI,65.32,21,3,362,89.84,0.6055,Neutral,Inactive User
AMZ-103204,31,Female,Europe,2020,5,Prime,Platinum,17,642.49,37.79,35.29,6,Books,7,2.9,38,38,202,Smart TV,Amazon Pay,70.04,1,2,502,958.47,0.5281,Neutral,Bargain Hunter
AMZ-103205,54,Non-Binary,South Asia,2023,2,Prime,Gold,21,4825.62,229.79,14.29,3,Beauty,3,5.0,21,18,61,Smart TV,Debit Card,51.98,33,1,393,6835.71,0.3286,Very Satisfied,Premium Spender
AMZ-103206,42,Male,Middle East,2018,7,Prime,Platinum,69,2561.61,37.12,2.9,2,Sports,7,4.7,33,38,67,Mobile,UPI,7.02,22,4,408,3341.48,0.6914,Very Satisfied,Loyal Shopper
AMZ-103207,69,Female,Southeast Asia,2018,7,Prime,Diamond,2,66.79,33.4,0.0,0,Electronics,3,2.5,44,2,11,Alexa,Debit Card,16.21,27,0,34,90.34,0.9656,Dissatisfied,Inactive User
AMZ-103208,27,Non-Binary,North America,2018,7,Non-Prime,Silver,15,318.82,21.25,46.67,7,Grocery,7,4.0,18,38,170,Tablet,Cash on Delivery,10.86,38,3,296,396.55,0.9237,Dissatisfied,Bargain Hunter
AMZ-103209,42,Male,South Asia,2017,8,Non-Prime,Gold,78,1192.84,15.29,2.56,2,Toys,6,4.2,5,13,171,Smart TV,Credit Card,31.79,21,3,1,1279.91,0.5996,Very Satisfied,Loyal Shopper
AMZ-103210,45,Non-Binary,Europe,2019,6,Non-Prime,Platinum,20,385.95,19.3,30.0,6,Grocery,9,3.0,29,47,136,Mobile,Amazon Pay,56.54,8,4,470,552.93,0.285,Satisfied,Bargain Hunter
AMZ-103211,66,Male,South Asia,2022,3,Non-Prime,Silver,72,1798.84,24.98,1.39,1,Books,2,4.5,42,17,161,Alexa,Net Banking,74.02,38,2,466,2127.59,0.03,Satisfied,Loyal Shopper
AMZ-103212,63,Female,Southeast Asia,2020,5,Non-Prime,Gold,45,7799.48,173.32,6.67,3,Clothing,7,5.0,8,25,102,Mobile,Amazon Pay,22.65,14,4,445,9081.06,0.3511,Satisfied,Premium Spender
AMZ-103213,68,Non-Binary,North America,2022,3,Prime,Diamond,39,2536.01,65.03,5.13,2,Sports,5,4.3,41,47,143,Tablet,Net Banking,19.48,38,1,51,3533.03,0.7975,Satisfied,Loyal Shopper
AMZ-103214,66,Female,Latin America,2023,2,Non-Prime,Silver,4,598.86,149.72,50.0,2,Grocery,5,2.2,33,2,10,Desktop,Net Banking,29.01,38,4,130,809.78,0.6554,Dissatisfied,Occasional Buyer
AMZ-103215,61,Female,East Asia,2020,5,Prime,Platinum,71,3634.32,51.19,2.82,2,Toys,4,5.0,5,42,75,Mobile,Cash on Delivery,4.03,38,2,95,4798.4,0.7135,Very Satisfied,Loyal Shopper
AMZ-103216,30,Female,Latin America,2023,2,Prime,Platinum,2,91.46,45.73,0.0,0,Toys,2,1.7,7,2,3,Smart TV,Cash on Delivery,73.73,21,0,59,122.85,0.4386,Neutral,Inactive User
AMZ-103217,43,Male,East Asia,2015,10,Prime,Gold,43,6861.89,159.58,2.33,1,Home & Kitchen,6,3.5,14,25,68,Tablet,Net Banking,51.82,32,4,224,8290.87,0.9241,Neutral,Premium Spender
AMZ-103218,65,Male,Europe,2018,7,Prime,Silver,4,84.61,21.15,0.0,0,Clothing,5,1.6,15,2,5,Smart TV,Credit Card,44.79,19,1,684,118.63,0.6139,Very Dissatisfied,Inactive User
AMZ-103219,57,Male,South Asia,2017,8,Prime,Diamond,1,13.81,13.81,0.0,0,Grocery,2,1.4,30,0,13,Smart TV,Credit Card,16.61,11,4,22,15.82,0.4785,Very Dissatisfied,Inactive User
AMZ-103220,47,Non-Binary,Southeast Asia,2018,7,Prime,Platinum,68,4784.78,70.36,1.47,1,Electronics,4,4.8,30,21,137,Smart TV,Debit Card,17.65,19,1,174,5536.13,0.5487,Satisfied,Loyal Shopper
AMZ-103221,32,Female,South Asia,2021,4,Prime,Silver,6,538.1,89.68,50.0,3,Beauty,8,2.9,23,24,229,Mobile,Debit Card,75.28,36,4,337,552.84,0.2912,Satisfied,Bargain Hunter
AMZ-103222,47,Male,Latin America,2017,8,Non-Prime,Diamond,2,88.31,44.16,0.0,0,Sports,6,2.2,5,0,10,Mobile,UPI,29.14,20,1,109,108.92,0.6895,Neutral,Inactive User
AMZ-103223,26,Male,North America,2020,5,Prime,Silver,2,67.57,33.78,0.0,0,Office,8,2.2,33,0,3,Mobile,Debit Card,76.82,7,3,42,82.61,0.578,Neutral,Inactive User
AMZ-103224,37,Male,Latin America,2021,4,Prime,Gold,5,521.31,104.26,40.0,2,Beauty,8,3.1,27,31,93,Desktop,Credit Card,21.9,0,0,714,687.76,0.1609,Dissatisfied,Bargain Hunter
AMZ-103225,53,Female,South Asia,2016,9,Non-Prime,Gold,4,36.72,9.18,25.0,1,Automotive,9,2.9,6,2,2,Tablet,UPI,14.95,29,4,604,45.86,0.2743,Very Dissatisfied,Inactive User
AMZ-103226,18,Non-Binary,Europe,2022,3,Prime,Silver,21,4596.37,218.87,0.0,0,Office,6,4.0,30,28,86,Desktop,Gift Card,62.22,2,3,19,5563.13,0.4219,Very Satisfied,Premium Spender
AMZ-103227,62,Non-Binary,Latin America,2020,5,Non-Prime,Diamond,19,669.34,35.23,47.37,9,Electronics,8,3.7,3,52,236,Desktop,Cash on Delivery,30.99,35,1,643,704.48,0.6679,Neutral,Bargain Hunter
AMZ-103228,48,Female,Europe,2020,5,Non-Prime,Platinum,45,10230.28,227.34,6.67,3,Sports,9,4.1,23,27,52,Tablet,Net Banking,34.49,10,3,512,14413.07,0.5096,Neutral,Premium Spender
AMZ-103229,57,Male,Europe,2021,4,Prime,Platinum,4,50.02,12.51,0.0,0,Sports,4,2.3,41,0,18,Tablet,Debit Card,47.46,7,3,252,53.61,0.2527,Dissatisfied,Inactive User
AMZ-103230,60,Male,Middle East,2017,8,Prime,Silver,2,64.88,32.44,50.0,1,Grocery,2,3.0,13,3,17,Alexa,Gift Card,48.41,28,2,609,67.47,0.5027,Dissatisfied,Inactive User
AMZ-103231,61,Female,Middle East,2018,7,Prime,Platinum,9,591.66,65.74,33.33,3,Sports,3,2.4,12,11,52,Tablet,Gift Card,7.08,3,4,390,671.06,0.8965,Satisfied,Occasional Buyer
AMZ-103232,41,Male,Middle East,2019,6,Non-Prime,Platinum,19,5850.34,307.91,15.79,3,Clothing,6,3.8,23,12,86,Mobile,Gift Card,24.79,14,0,365,7624.37,0.3965,Satisfied,Premium Spender
AMZ-103233,67,Male,Europe,2019,6,Non-Prime,Diamond,3,18.17,6.06,0.0,0,Toys,3,2.9,34,0,14,Mobile,Debit Card,29.46,6,4,265,19.71,0.5808,Very Dissatisfied,Inactive User
AMZ-103234,61,Female,East Asia,2020,5,Prime,Platinum,43,9264.0,215.44,0.0,0,Grocery,8,4.8,46,28,47,Smart TV,Credit Card,40.37,4,0,563,10216.27,0.9137,Satisfied,Premium Spender
AMZ-103235,31,Female,Southeast Asia,2023,2,Non-Prime,Gold,27,13650.24,505.56,3.7,1,Toys,6,4.7,2,9,114,Smart TV,Credit Card,38.4,31,1,215,17642.25,0.5984,Satisfied,Premium Spender
AMZ-103236,62,Female,East Asia,2023,2,Prime,Platinum,47,3195.04,67.98,2.13,1,Grocery,1,4.8,3,49,160,Tablet,Credit Card,67.24,24,1,684,4578.12,0.7294,Very Satisfied,Loyal Shopper
AMZ-103237,23,Male,Latin America,2017,8,Prime,Silver,14,272.25,19.45,14.29,2,Automotive,7,3.3,42,61,142,Desktop,Net Banking,47.84,3,1,554,337.67,0.987,Satisfied,Bargain Hunter
AMZ-103238,22,Female,East Asia,2017,8,Prime,Platinum,11,417.73,37.98,54.55,6,Toys,6,4.4,6,85,204,Mobile,Amazon Pay,10.18,13,0,729,518.3,0.3338,Satisfied,Bargain Hunter
AMZ-103239,50,Non-Binary,North America,2020,5,Prime,Gold,3,10.28,3.43,33.33,1,Clothing,6,2.9,34,2,9,Tablet,Amazon Pay,49.16,6,2,373,10.6,0.3051,Very Dissatisfied,Inactive User
AMZ-103240,63,Male,Middle East,2016,9,Prime,Platinum,29,765.78,26.41,13.79,4,Automotive,3,3.4,39,79,222,Alexa,Amazon Pay,38.77,11,1,144,1084.97,0.8634,Neutral,Bargain Hunter
AMZ-103241,63,Female,Europe,2017,8,Non-Prime,Platinum,10,270.9,27.09,60.0,6,Home & Kitchen,5,2.6,37,49,113,Mobile,Net Banking,20.9,33,0,76,401.86,0.6983,Dissatisfied,Bargain Hunter
AMZ-103242,31,Female,Middle East,2016,9,Prime,Platinum,12,561.18,46.76,8.33,1,Automotive,8,2.3,48,16,44,Mobile,UPI,19.62,20,2,670,585.03,0.3056,Satisfied,Occasional Buyer
AMZ-103243,40,Non-Binary,Latin America,2021,4,Non-Prime,Diamond,21,632.3,30.11,14.29,3,Toys,3,4.4,5,99,219,Tablet,Cash on Delivery,69.7,32,1,54,684.24,0.7117,Dissatisfied,Bargain Hunter
AMZ-103244,21,Male,Southeast Asia,2022,3,Prime,Diamond,34,8646.42,254.31,5.88,2,Books,6,3.1,28,26,76,Alexa,Debit Card,75.54,1,0,699,12383.45,0.1432,Very Satisfied,Premium Spender
AMZ-103245,59,Non-Binary,Middle East,2021,4,Prime,Platinum,45,4435.6,98.57,4.44,2,Grocery,1,4.7,12,25,63,Smart TV,Gift Card,78.49,12,0,122,5046.66,0.1086,Satisfied,Loyal Shopper
AMZ-103246,67,Female,Latin America,2019,6,Prime,Silver,0,95.74,95.74,100.0,1,Clothing,4,1.9,19,4,19,Desktop,Net Banking,48.13,25,0,505,137.96,0.7719,Dissatisfied,Inactive User
AMZ-103247,45,Non-Binary,North America,2021,4,Non-Prime,Platinum,36,9145.89,254.05,8.33,3,Home & Kitchen,4,3.5,45,25,83,Mobile,Cash on Delivery,7.64,1,0,611,9168.72,0.3511,Neutral,Premium Spender
AMZ-103248,63,Male,South Asia,2015,10,Prime,Platinum,16,422.11,26.38,37.5,6,Toys,9,3.4,37,87,193,Smart TV,Debit Card,75.08,26,2,237,458.4,0.7517,Dissatisfied,Bargain Hunter
AMZ-103249,64,Male,Latin America,2022,3,Non-Prime,Diamond,20,4387.79,219.39,0.0,0,Home & Kitchen,1,4.6,32,31,63,Desktop,Debit Card,72.42,3,2,666,5927.37,0.2938,Very Satisfied,Loyal Shopper
AMZ-103250,36,Female,Europe,2020,5,Prime,Gold,3,34.56,11.52,0.0,0,Grocery,4,1.6,23,3,2,Desktop,Amazon Pay,42.68,18,0,224,48.44,0.4208,Very Dissatisfied,Inactive User
AMZ-103251,67,Female,East Asia,2022,3,Prime,Diamond,73,1603.77,21.97,0.0,0,Office,5,4.1,2,23,158,Alexa,Net Banking,67.1,8,1,570,1733.72,0.1025,Very Satisfied,Loyal Shopper
AMZ-103252,40,Male,Southeast Asia,2019,6,Prime,Gold,50,832.16,16.64,0.0,0,Office,8,3.9,23,20,151,Desktop,Debit Card,47.28,2,3,564,954.71,0.5276,Satisfied,Loyal Shopper
AMZ-103253,52,Non-Binary,South Asia,2015,10,Prime,Gold,0,33.07,33.07,100.0,1,Home & Kitchen,4,1.0,9,3,7,Desktop,Credit Card,57.76,2,3,222,36.57,0.8926,Very Dissatisfied,Inactive User
AMZ-103254,47,Female,Latin America,2016,9,Prime,Silver,1,63.15,63.15,0.0,0,Toys,8,2.4,4,1,10,Alexa,Debit Card,10.83,31,0,417,83.38,0.6155,Dissatisfied,Inactive User
AMZ-103255,41,Non-Binary,Europe,2019,6,Prime,Gold,24,4462.42,185.93,4.17,1,Home & Kitchen,1,4.1,40,46,113,Tablet,Gift Card,51.39,1,2,112,5035.48,0.7391,Very Satisfied,Loyal Shopper
AMZ-103256,64,Non-Binary,Middle East,2023,2,Prime,Silver,13,602.82,46.37,30.77,4,Automotive,5,3.0,14,82,120,Tablet,Cash on Delivery,40.98,30,3,386,752.96,0.4231,Dissatisfied,Bargain Hunter
AMZ-103257,70,Female,East Asia,2015,10,Prime,Platinum,10,580.7,58.07,30.0,3,Clothing,3,3.6,23,9,41,Smart TV,Credit Card,15.96,9,0,488,692.81,0.0935,Neutral,Occasional Buyer
AMZ-103258,55,Female,Middle East,2017,8,Non-Prime,Silver,27,8999.66,333.32,7.41,2,Home & Kitchen,5,4.7,17,19,108,Alexa,Debit Card,69.31,34,3,661,9794.28,0.2792,Neutral,Premium Spender
AMZ-103259,28,Male,Latin America,2016,9,Prime,Platinum,7,443.22,63.32,114.29,8,Home & Kitchen,2,4.1,9,41,129,Desktop,Net Banking,50.15,29,4,240,468.17,0.0207,Neutral,Bargain Hunter
AMZ-103260,66,Female,Latin America,2017,8,Non-Prime,Gold,26,3834.83,147.49,0.0,0,Clothing,3,3.8,1,28,126,Smart TV,Gift Card,66.21,25,4,208,5068.75,0.3047,Very Satisfied,Loyal Shopper
AMZ-103261,36,Male,South Asia,2017,8,Prime,Diamond,26,12175.59,468.29,11.54,3,Grocery,9,4.6,40,28,64,Mobile,Gift Card,78.07,4,1,413,12278.5,0.0102,Neutral,Premium Spender
AMZ-103262,43,Non-Binary,Southeast Asia,2015,10,Prime,Diamond,18,14075.52,781.97,16.67,3,Electronics,6,4.2,4,8,113,Desktop,UPI,57.61,15,4,290,19040.0,0.35,Neutral,Premium Spender
AMZ-103263,35,Male,Southeast Asia,2023,2,Prime,Platinum,6,476.14,79.36,0.0,0,Office,9,3.6,34,11,48,Tablet,Debit Card,42.52,39,0,284,531.59,0.8769,Neutral,Occasional Buyer
AMZ-103264,42,Female,South Asia,2023,2,Non-Prime,Platinum,4,21.5,5.38,0.0,0,Books,4,2.1,20,0,18,Mobile,Net Banking,60.34,32,2,473,32.19,0.9714,Neutral,Inactive User
AMZ-103265,68,Female,Latin America,2021,4,Prime,Gold,18,5752.94,319.61,0.0,0,Automotive,4,3.7,17,10,105,Tablet,Credit Card,27.51,4,0,567,7238.5,0.8617,Very Satisfied,Premium Spender
AMZ-103266,61,Female,Middle East,2019,6,Prime,Diamond,31,7916.61,255.37,3.23,1,Automotive,9,4.1,27,17,47,Smart TV,Debit Card,11.27,19,1,183,10943.84,0.6433,Neutral,Premium Spender
AMZ-103267,26,Male,East Asia,2022,3,Prime,Gold,2,462.49,231.25,50.0,1,Electronics,7,2.1,9,16,32,Mobile,Debit Card,2.23,22,1,321,526.96,0.7976,Satisfied,Occasional Buyer
AMZ-103268,26,Non-Binary,Latin America,2021,4,Prime,Diamond,15,3710.12,247.34,20.0,3,Sports,3,4.8,26,29,92,Smart TV,Net Banking,52.25,17,3,268,4929.16,0.2405,Satisfied,Premium Spender
AMZ-103269,64,Non-Binary,Southeast Asia,2015,10,Prime,Platinum,26,566.66,21.79,26.92,7,Office,6,3.6,14,89,109,Smart TV,Net Banking,52.18,13,1,188,744.02,0.748,Satisfied,Bargain Hunter
AMZ-103270,21,Male,Middle East,2021,4,Prime,Diamond,3,20.91,6.97,0.0,0,Office,4,1.3,29,3,6,Alexa,Net Banking,17.39,30,0,82,22.81,0.713,Dissatisfied,Inactive User
AMZ-103271,18,Male,Europe,2020,5,Non-Prime,Diamond,5,237.57,47.51,60.0,3,Electronics,6,2.3,17,8,25,Alexa,Net Banking,5.59,19,1,175,276.26,0.1846,Satisfied,Occasional Buyer
AMZ-103272,54,Female,North America,2017,8,Prime,Gold,3,68.89,22.96,0.0,0,Clothing,6,2.1,35,2,14,Smart TV,Cash on Delivery,5.42,2,1,567,89.27,0.3281,Very Dissatisfied,Inactive User
AMZ-103273,34,Male,South Asia,2022,3,Prime,Gold,47,4272.17,90.9,8.51,4,Office,2,3.3,37,17,96,Tablet,Gift Card,14.85,29,1,546,4784.51,0.0606,Neutral,Premium Spender
AMZ-103274,34,Male,South Asia,2022,3,Non-Prime,Silver,26,103.77,3.99,15.38,4,Books,3,3.1,7,94,189,Tablet,UPI,66.05,25,0,306,128.11,0.7518,Neutral,Bargain Hunter
AMZ-103275,30,Female,South Asia,2021,4,Prime,Silver,11,100.21,9.11,0.0,0,Electronics,6,2.4,45,12,22,Mobile,Debit Card,28.37,39,3,221,149.21,0.5858,Satisfied,Occasional Buyer
AMZ-103276,52,Non-Binary,Latin America,2021,4,Prime,Gold,44,12598.09,286.32,0.0,0,Home & Kitchen,7,4.9,11,13,77,Alexa,UPI,23.15,33,0,382,13434.26,0.3002,Neutral,Premium Spender
AMZ-103277,24,Female,South Asia,2023,2,Non-Prime,Gold,11,216.91,19.72,9.09,1,Beauty,9,2.9,41,18,59,Smart TV,Net Banking,77.25,4,0,115,273.89,0.2366,Dissatisfied,Occasional Buyer
AMZ-103278,65,Non-Binary,Latin America,2018,7,Prime,Silver,20,9760.58,488.03,0.0,0,Grocery,5,4.3,28,19,82,Alexa,UPI,18.03,28,3,254,11845.36,0.7448,Very Satisfied,Premium Spender
AMZ-103279,49,Male,Southeast Asia,2022,3,Non-Prime,Diamond,79,4662.01,59.01,2.53,2,Electronics,7,4.4,37,13,178,Tablet,Net Banking,67.41,2,3,191,6705.53,0.6425,Very Satisfied,Loyal Shopper
AMZ-103280,19,Male,Southeast Asia,2021,4,Non-Prime,Silver,4,52.18,13.04,25.0,1,Toys,9,2.5,49,4,9,Mobile,Net Banking,2.22,33,2,210,58.85,0.9763,Very Dissatisfied,Inactive User
AMZ-103281,19,Non-Binary,Latin America,2022,3,Prime,Diamond,26,4824.85,185.57,7.69,2,Sports,1,4.0,47,21,68,Smart TV,Net Banking,46.05,2,2,111,7175.73,0.8239,Satisfied,Loyal Shopper
AMZ-103282,40,Non-Binary,East Asia,2015,10,Prime,Diamond,1,51.16,51.16,100.0,1,Electronics,6,1.6,13,2,0,Tablet,UPI,42.49,6,2,409,64.31,0.1031,Neutral,Inactive User
AMZ-103283,71,Female,Middle East,2015,10,Prime,Diamond,27,10380.43,384.46,3.7,1,Home & Kitchen,7,4.7,4,17,76,Alexa,Debit Card,17.48,38,3,78,12804.27,0.1671,Very Satisfied,Premium Spender
AMZ-103284,39,Female,South Asia,2016,9,Prime,Diamond,16,447.1,27.94,50.0,8,Books,9,2.7,24,72,92,Mobile,Cash on Delivery,38.82,6,4,67,593.32,0.7883,Dissatisfied,Bargain Hunter
AMZ-103285,22,Non-Binary,South Asia,2020,5,Prime,Silver,1,53.46,53.46,0.0,0,Toys,1,2.9,38,4,3,Smart TV,Debit Card,23.16,9,0,663,73.44,0.0093,Dissatisfied,Inactive User
AMZ-103286,69,Female,Europe,2017,8,Prime,Platinum,26,625.29,24.05,7.69,2,Automotive,1,4.0,25,34,205,Alexa,Gift Card,50.35,34,0,417,828.87,0.2063,Neutral,Bargain Hunter
AMZ-103287,46,Female,Latin America,2016,9,Non-Prime,Diamond,13,389.32,29.95,7.69,1,Beauty,5,4.0,0,12,27,Tablet,Cash on Delivery,52.2,32,4,354,402.72,0.1931,Dissatisfied,Occasional Buyer
AMZ-103288,62,Female,North America,2023,2,Prime,Platinum,5,437.76,87.55,0.0,0,Automotive,6,2.3,36,2,41,Smart TV,Amazon Pay,37.33,16,0,185,620.52,0.9903,Dissatisfied,Occasional Buyer
AMZ-103289,40,Male,Southeast Asia,2019,6,Non-Prime,Diamond,28,714.14,25.5,21.43,6,Beauty,8,3.8,20,88,108,Alexa,Cash on Delivery,61.16,9,1,418,808.4,0.4393,Neutral,Bargain Hunter
AMZ-103290,27,Male,Europe,2018,7,Non-Prime,Silver,21,8238.95,392.33,14.29,3,Beauty,8,3.1,1,26,46,Mobile,Gift Card,13.87,34,2,375,9559.97,0.109,Very Satisfied,Premium Spender
AMZ-103291,57,Female,Europe,2021,4,Prime,Gold,47,6978.93,148.49,8.51,4,Clothing,2,3.5,15,14,51,Tablet,Cash on Delivery,36.02,37,0,53,10183.68,0.1009,Neutral,Premium Spender
AMZ-103292,61,Male,East Asia,2021,4,Non-Prime,Diamond,10,562.47,56.25,20.0,2,Sports,7,3.4,4,1,11,Mobile,Debit Card,79.0,13,3,614,615.62,0.1739,Dissatisfied,Occasional Buyer
AMZ-103293,26,Non-Binary,Southeast Asia,2021,4,Non-Prime,Diamond,28,2357.08,84.18,3.57,1,Electronics,7,3.7,26,23,161,Alexa,Cash on Delivery,68.38,24,3,533,2818.45,0.4878,Very Satisfied,Loyal Shopper
AMZ-103294,67,Female,East Asia,2016,9,Prime,Silver,63,1354.14,21.49,3.17,2,Automotive,2,4.2,8,20,153,Mobile,Debit Card,40.57,25,0,384,1945.81,0.6884,Satisfied,Loyal Shopper
AMZ-103295,64,Male,Middle East,2018,7,Prime,Platinum,19,8824.85,464.47,0.0,0,Clothing,5,3.9,32,22,52,Desktop,UPI,75.62,3,0,248,9466.17,0.5156,Satisfied,Premium Spender
AMZ-103296,27,Male,North America,2020,5,Non-Prime,Platinum,15,6346.56,423.1,0.0,0,Electronics,7,4.0,19,13,69,Alexa,UPI,12.36,11,3,525,7028.28,0.2968,Satisfied,Premium Spender
AMZ-103297,42,Male,Middle East,2020,5,Prime,Silver,4,47.11,11.78,25.0,1,Home & Kitchen,3,1.6,22,2,10,Tablet,Net Banking,5.21,27,0,64,47.2,0.878,Dissatisfied,Inactive User
AMZ-103298,54,Non-Binary,East Asia,2015,10,Prime,Silver,0,78.06,78.06,0.0,0,Office,3,2.5,17,4,2,Smart TV,UPI,73.56,9,3,413,107.95,0.9294,Dissatisfied,Inactive User
AMZ-103299,34,Female,South Asia,2017,8,Prime,Platinum,23,13368.82,581.25,0.0,0,Clothing,2,4.6,29,29,52,Alexa,Amazon Pay,78.17,12,0,337,14524.0,0.9343,Very Satisfied,Premium Spender
AMZ-103300,29,Female,Southeast Asia,2015,10,Non-Prime,Platinum,23,248.4,10.8,26.09,6,Grocery,5,4.2,33,27,199,Mobile,Amazon Pay,8.69,2,4,8,321.26,0.4216,Neutral,Bargain Hunter
AMZ-103301,47,Female,South Asia,2017,8,Prime,Diamond,5,524.58,104.92,0.0,0,Automotive,3,2.7,9,2,11,Tablet,UPI,45.52,33,0,197,703.93,0.3748,Neutral,Occasional Buyer
AMZ-103302,60,Female,Southeast Asia,2020,5,Non-Prime,Gold,9,701.83,77.98,66.67,6,Office,4,3.8,44,74,213,Tablet,Net Banking,57.92,25,4,356,954.47,0.099,Dissatisfied,Bargain Hunter
AMZ-103303,57,Non-Binary,East Asia,2016,9,Non-Prime,Silver,17,651.54,38.33,35.29,6,Clothing,7,3.6,39,42,164,Smart TV,Credit Card,68.62,20,2,45,679.02,0.5385,Satisfied,Bargain Hunter
AMZ-103304,40,Female,South Asia,2017,8,Non-Prime,Silver,47,2269.81,48.29,0.0,0,Home & Kitchen,7,3.5,43,14,157,Mobile,Amazon Pay,9.39,29,0,496,2763.87,0.0572,Satisfied,Loyal Shopper
AMZ-103305,66,Male,Europe,2016,9,Non-Prime,Platinum,4,5.96,1.49,0.0,0,Office,9,1.6,8,2,1,Mobile,Gift Card,56.15,6,4,351,7.65,0.5721,Neutral,Inactive User
AMZ-103306,71,Male,North America,2023,2,Prime,Silver,49,2975.54,60.73,2.04,1,Office,4,3.7,49,38,121,Smart TV,Net Banking,46.52,38,1,132,3128.19,0.8233,Satisfied,Loyal Shopper
AMZ-103307,45,Female,Middle East,2015,10,Prime,Diamond,32,11539.02,360.59,3.12,1,Beauty,7,3.4,14,28,45,Alexa,Amazon Pay,62.55,36,2,35,16783.95,0.3496,Neutral,Premium Spender
AMZ-103308,34,Female,North America,2023,2,Non-Prime,Diamond,19,733.56,38.61,42.11,8,Sports,8,4.1,17,41,137,Alexa,Net Banking,61.09,13,1,638,797.45,0.8755,Dissatisfied,Bargain Hunter
AMZ-103309,20,Male,Middle East,2016,9,Non-Prime,Gold,20,1350.89,67.54,10.0,2,Office,4,3.8,40,44,70,Tablet,Cash on Delivery,50.05,27,1,157,1598.91,0.4949,Very Satisfied,Loyal Shopper
AMZ-103310,38,Non-Binary,Middle East,2015,10,Prime,Silver,3,82.27,27.42,33.33,1,Office,7,1.1,36,2,13,Smart TV,Debit Card,63.55,36,4,652,84.69,0.924,Very Dissatisfied,Inactive User
AMZ-103311,35,Male,Southeast Asia,2019,6,Prime,Platinum,25,2680.43,107.22,4.0,1,Grocery,7,4.6,45,39,179,Smart TV,Net Banking,4.52,27,4,578,3743.74,0.3049,Very Satisfied,Loyal Shopper
AMZ-103312,52,Male,Southeast Asia,2016,9,Prime,Diamond,1,60.45,60.45,100.0,1,Sports,9,1.3,32,4,6,Alexa,Debit Card,29.08,18,2,375,79.36,0.5073,Very Dissatisfied,Inactive User
AMZ-103313,40,Male,Latin America,2021,4,Prime,Diamond,5,569.06,113.81,140.0,7,Toys,6,3.2,38,23,189,Desktop,Cash on Delivery,32.77,37,4,340,707.86,0.0403,Satisfied,Bargain Hunter
AMZ-103314,35,Non-Binary,Latin America,2016,9,Non-Prime,Silver,0,63.58,63.58,0.0,0,Beauty,4,1.9,0,2,7,Mobile,Cash on Delivery,33.38,15,3,433,67.49,0.3465,Dissatisfied,Inactive User
AMZ-103315,44,Female,Middle East,2015,10,Non-Prime,Gold,1,47.63,47.63,100.0,1,Sports,1,2.9,20,4,18,Desktop,Gift Card,32.39,12,3,402,48.8,0.1534,Dissatisfied,Inactive User
AMZ-103316,21,Non-Binary,Europe,2018,7,Prime,Silver,1,531.99,531.99,200.0,2,Toys,4,2.0,7,13,57,Desktop,Debit Card,41.73,14,3,90,650.88,0.3712,Dissatisfied,Occasional Buyer
AMZ-103317,39,Non-Binary,South Asia,2021,4,Prime,Diamond,54,3252.93,60.24,1.85,1,Books,2,4.3,7,41,87,Smart TV,UPI,47.81,20,2,85,3267.69,0.6915,Satisfied,Loyal Shopper
AMZ-103318,28,Male,South Asia,2020,5,Prime,Gold,0,3.42,3.42,0.0,0,Automotive,5,1.0,9,3,7,Alexa,Credit Card,10.3,39,3,614,4.71,0.8041,Neutral,Inactive User
AMZ-103319,34,Female,Europe,2022,3,Prime,Diamond,25,234.82,9.39,16.0,4,Electronics,2,4.3,0,38,212,Alexa,Amazon Pay,73.84,2,2,681,333.11,0.4357,Dissatisfied,Bargain Hunter
AMZ-103320,44,Non-Binary,Europe,2023,2,Non-Prime,Platinum,30,3345.94,111.53,6.67,2,Books,7,4.6,48,23,102,Smart TV,Gift Card,9.27,37,2,306,3535.56,0.0641,Neutral,Premium Spender
AMZ-103321,40,Female,South Asia,2022,3,Non-Prime,Silver,37,8429.11,227.81,5.41,2,Grocery,9,4.5,1,14,66,Alexa,UPI,52.18,34,4,229,11086.28,0.5743,Neutral,Premium Spender
AMZ-103322,60,Non-Binary,South Asia,2018,7,Prime,Silver,27,273.83,10.14,11.11,3,Beauty,1,3.3,34,20,198,Alexa,Credit Card,33.33,6,2,435,310.05,0.1371,Satisfied,Bargain Hunter
AMZ-103323,49,Non-Binary,North America,2015,10,Non-Prime,Platinum,2,99.12,49.56,0.0,0,Beauty,9,2.4,29,1,56,Alexa,UPI,73.99,27,3,514,113.96,0.0567,Dissatisfied,Occasional Buyer
AMZ-103324,25,Female,East Asia,2016,9,Non-Prime,Gold,30,6965.79,232.19,0.0,0,Grocery,2,3.0,1,28,110,Tablet,UPI,29.67,21,0,244,8226.26,0.9413,Satisfied,Premium Spender
AMZ-103325,70,Female,South Asia,2020,5,Non-Prime,Silver,1,7.71,7.71,100.0,1,Clothing,6,1.2,0,0,18,Mobile,Net Banking,8.27,6,2,717,9.07,0.2518,Very Dissatisfied,Inactive User
AMZ-103326,58,Male,South Asia,2022,3,Prime,Diamond,37,3390.36,91.63,10.81,4,Books,7,4.1,23,8,50,Desktop,Credit Card,46.66,2,1,39,5038.37,0.1532,Neutral,Premium Spender
AMZ-103327,29,Non-Binary,East Asia,2015,10,Prime,Silver,0,76.55,76.55,0.0,0,Grocery,2,1.7,23,4,11,Alexa,Credit Card,65.81,28,0,2,80.13,0.5912,Dissatisfied,Inactive User
AMZ-103328,26,Non-Binary,East Asia,2023,2,Prime,Gold,68,4802.44,70.62,0.0,0,Electronics,7,3.7,47,43,163,Smart TV,Credit Card,26.82,4,4,21,5227.84,0.8166,Satisfied,Loyal Shopper
AMZ-103329,25,Non-Binary,East Asia,2018,7,Non-Prime,Silver,44,9027.5,205.17,9.09,4,Books,5,3.9,43,17,105,Mobile,Gift Card,28.35,33,3,151,11988.87,0.0826,Neutral,Premium Spender
AMZ-103330,43,Male,Southeast Asia,2016,9,Prime,Gold,1,67.6,67.6,0.0,0,Toys,7,2.7,27,0,16,Alexa,UPI,38.41,19,3,579,71.05,0.207,Dissatisfied,Inactive User
AMZ-103331,69,Female,Latin America,2020,5,Non-Prime,Diamond,42,3023.26,71.98,0.0,0,Sports,4,4.7,14,11,122,Alexa,Gift Card,18.49,30,1,54,3530.17,0.7064,Very Satisfied,Loyal Shopper
AMZ-103332,38,Non-Binary,Europe,2021,4,Prime,Diamond,12,185.85,15.49,75.0,9,Automotive,9,3.9,14,31,91,Tablet,Gift Card,13.3,8,3,667,196.94,0.3693,Neutral,Bargain Hunter
AMZ-103333,40,Female,East Asia,2016,9,Non-Prime,Gold,3,31.57,10.52,0.0,0,Home & Kitchen,1,2.5,47,4,16,Tablet,Amazon Pay,4.2,37,3,335,41.61,0.2964,Neutral,Inactive User
AMZ-103334,49,Female,Southeast Asia,2016,9,Prime,Silver,16,11013.07,688.32,12.5,2,Clothing,1,4.5,48,27,79,Desktop,Credit Card,44.05,31,0,322,11551.05,0.4781,Satisfied,Premium Spender
AMZ-103335,48,Female,Latin America,2016,9,Prime,Platinum,12,550.74,45.9,8.33,1,Automotive,8,3.8,49,4,13,Mobile,Amazon Pay,8.95,33,0,452,771.25,0.1514,Dissatisfied,Occasional Buyer
AMZ-103336,71,Non-Binary,Southeast Asia,2016,9,Non-Prime,Gold,78,2899.81,37.18,2.56,2,Grocery,8,3.8,32,23,168,Tablet,Net Banking,45.34,29,3,605,3843.87,0.9919,Very Satisfied,Loyal Shopper
AMZ-103337,37,Male,Europe,2016,9,Prime,Gold,5,322.59,64.52,0.0,0,Books,8,2.0,25,7,34,Mobile,Amazon Pay,74.31,26,1,689,357.01,0.5679,Dissatisfied,Occasional Buyer
AMZ-103338,64,Female,North America,2015,10,Non-Prime,Silver,26,506.94,19.5,15.38,4,Clothing,9,3.5,35,57,127,Desktop,Net Banking,66.39,39,0,597,604.58,0.1389,Satisfied,Bargain Hunter
AMZ-103339,60,Male,Southeast Asia,2015,10,Non-Prime,Diamond,9,501.59,55.73,33.33,3,Books,1,2.4,7,7,55,Tablet,Net Banking,58.46,16,3,57,662.9,0.9572,Neutral,Occasional Buyer
AMZ-103340,27,Non-Binary,North America,2019,6,Non-Prime,Silver,44,8602.16,195.5,6.82,3,Office,8,3.6,12,6,78,Smart TV,Cash on Delivery,75.02,17,0,80,10405.91,0.3478,Very Satisfied,Premium Spender
AMZ-103341,20,Female,Middle East,2019,6,Prime,Gold,20,14124.87,706.24,5.0,1,Home & Kitchen,2,4.8,17,12,50,Tablet,Cash on Delivery,46.32,11,4,729,14977.65,0.5204,Very Satisfied,Premium Spender
AMZ-103342,65,Female,Middle East,2022,3,Prime,Platinum,5,64.24,12.85,60.0,3,Toys,6,3.1,38,5,38,Smart TV,UPI,79.43,39,3,323,83.35,0.9547,Dissatisfied,Occasional Buyer
AMZ-103343,53,Male,East Asia,2018,7,Prime,Diamond,12,355.63,29.64,25.0,3,Sports,2,2.8,4,1,39,Mobile,Credit Card,50.35,18,3,89,478.92,0.0441,Neutral,Occasional Buyer
AMZ-103344,42,Male,Middle East,2023,2,Prime,Diamond,25,11500.98,460.04,8.0,2,Home & Kitchen,8,4.9,44,9,97,Smart TV,UPI,47.54,21,3,529,14866.18,0.7717,Satisfied,Premium Spender
AMZ-103345,20,Female,Middle East,2021,4,Prime,Platinum,53,1450.79,27.37,1.89,1,Automotive,1,5.0,37,44,104,Desktop,UPI,58.49,24,0,250,1751.32,0.4631,Very Satisfied,Loyal Shopper
AMZ-103346,42,Male,North America,2016,9,Non-Prime,Diamond,27,2164.47,80.17,7.41,2,Grocery,6,4.6,4,31,66,Desktop,Net Banking,54.0,37,1,184,2500.32,0.9928,Satisfied,Loyal Shopper
AMZ-103347,20,Non-Binary,East Asia,2017,8,Prime,Platinum,13,270.92,20.84,69.23,9,Grocery,9,2.7,11,67,135,Tablet,Net Banking,32.17,20,2,486,295.67,0.9533,Neutral,Bargain Hunter
AMZ-103348,71,Male,East Asia,2015,10,Prime,Gold,6,213.5,35.58,33.33,2,Clothing,2,3.3,19,13,28,Tablet,Credit Card,74.24,10,2,293,262.84,0.7607,Satisfied,Occasional Buyer
AMZ-103349,50,Female,North America,2018,7,Non-Prime,Platinum,46,3635.3,79.03,4.35,2,Sports,5,4.9,28,26,85,Alexa,Debit Card,50.89,38,0,156,5424.55,0.1505,Very Satisfied,Premium Spender
AMZ-103350,57,Female,North America,2020,5,Prime,Gold,0,31.68,31.68,0.0,0,Sports,2,2.4,28,1,12,Tablet,Cash on Delivery,37.56,11,1,578,32.81,0.4717,Very Dissatisfied,Inactive User
AMZ-103351,64,Non-Binary,Europe,2017,8,Prime,Gold,24,13695.81,570.66,12.5,3,Books,2,4.3,11,19,108,Tablet,Net Banking,3.62,21,3,502,16841.94,0.2269,Neutral,Premium Spender
AMZ-103352,32,Non-Binary,Europe,2023,2,Non-Prime,Silver,4,63.17,15.79,0.0,0,Automotive,1,1.1,30,0,3,Tablet,Net Banking,4.54,8,2,378,77.26,0.9245,Very Dissatisfied,Inactive User
AMZ-103353,64,Female,North America,2017,8,Prime,Silver,1,67.01,67.01,100.0,1,Beauty,1,2.0,0,1,11,Mobile,Debit Card,53.42,30,2,708,98.5,0.4349,Dissatisfied,Inactive User
AMZ-103354,60,Non-Binary,Latin America,2018,7,Prime,Diamond,69,3945.79,57.19,1.45,1,Office,5,4.4,34,17,151,Alexa,Credit Card,57.6,31,3,616,4437.77,0.4504,Very Satisfied,Loyal Shopper
AMZ-103355,37,Male,East Asia,2017,8,Prime,Platinum,7,167.16,23.88,42.86,3,Automotive,9,3.6,27,9,33,Smart TV,Net Banking,55.57,33,4,37,207.47,0.6144,Neutral,Occasional Buyer
AMZ-103356,67,Non-Binary,Europe,2016,9,Non-Prime,Gold,27,457.69,16.95,11.11,3,Automotive,1,3.2,47,59,198,Smart TV,Amazon Pay,34.0,31,4,334,457.98,0.8522,Dissatisfied,Bargain Hunter
AMZ-103357,44,Male,Middle East,2018,7,Non-Prime,Gold,28,292.16,10.43,14.29,4,Grocery,7,3.2,22,80,97,Smart TV,Amazon Pay,4.75,5,3,715,415.94,0.5837,Dissatisfied,Bargain Hunter
AMZ-103358,34,Male,East Asia,2018,7,Prime,Diamond,69,2414.61,34.99,0.0,0,Beauty,1,3.8,42,42,88,Mobile,UPI,57.29,16,1,475,3206.5,0.9611,Very Satisfied,Loyal Shopper
AMZ-103359,60,Non-Binary,East Asia,2017,8,Prime,Silver,4,51.12,12.78,0.0,0,Grocery,9,3.0,9,2,1,Desktop,Gift Card,78.95,37,0,351,60.43,0.0864,Very Dissatisfied,Inactive User
AMZ-103360,54,Female,North America,2018,7,Non-Prime,Diamond,33,6105.51,185.02,9.09,3,Toys,6,3.8,44,22,106,Smart TV,Gift Card,79.98,29,1,397,6464.22,0.8386,Neutral,Premium Spender
AMZ-103361,64,Male,Europe,2022,3,Non-Prime,Diamond,27,299.53,11.09,29.63,8,Home & Kitchen,3,2.7,24,51,106,Tablet,Debit Card,66.08,15,0,503,438.64,0.3945,Neutral,Bargain Hunter
AMZ-103362,65,Male,South Asia,2016,9,Non-Prime,Gold,26,171.94,6.61,23.08,6,Sports,6,2.5,21,97,145,Alexa,UPI,68.51,6,3,328,243.28,0.3922,Neutral,Bargain Hunter
AMZ-103363,24,Male,South Asia,2021,4,Non-Prime,Diamond,2,73.84,36.92,50.0,1,Toys,1,1.1,18,2,11,Alexa,Debit Card,68.24,18,1,210,94.57,0.5543,Dissatisfied,Inactive User
AMZ-103364,22,Female,Middle East,2017,8,Non-Prime,Silver,23,5600.34,243.49,8.7,2,Books,2,4.8,33,29,95,Smart TV,Cash on Delivery,63.29,5,2,255,5836.74,0.4334,Neutral,Premium Spender
AMZ-103365,32,Male,Europe,2018,7,Prime,Platinum,16,12023.69,751.48,6.25,1,Sports,8,3.2,19,24,101,Smart TV,Credit Card,41.23,20,0,524,14062.49,0.8747,Very Satisfied,Premium Spender
AMZ-103366,46,Male,Middle East,2018,7,Prime,Gold,2,243.64,121.82,50.0,1,Home & Kitchen,4,2.8,33,19,25,Tablet,Credit Card,50.33,7,3,300,250.32,0.6734,Dissatisfied,Occasional Buyer
AMZ-103367,24,Female,Europe,2015,10,Prime,Platinum,16,7763.09,485.19,6.25,1,Clothing,4,4.3,10,18,100,Smart TV,Cash on Delivery,37.87,16,4,265,11038.0,0.7376,Neutral,Premium Spender
AMZ-103368,64,Non-Binary,Southeast Asia,2021,4,Prime,Diamond,29,754.17,26.01,17.24,5,Clothing,2,4.0,35,93,158,Smart TV,Debit Card,45.83,39,2,386,988.11,0.3165,Neutral,Bargain Hunter
AMZ-103369,64,Non-Binary,East Asia,2019,6,Prime,Diamond,17,640.23,37.66,35.29,6,Office,3,4.5,29,47,121,Tablet,Amazon Pay,24.82,16,4,47,676.4,0.9451,Dissatisfied,Bargain Hunter
AMZ-103370,46,Non-Binary,South Asia,2018,7,Prime,Diamond,3,31.64,10.55,0.0,0,Toys,5,2.2,7,3,3,Tablet,Cash on Delivery,69.99,5,3,516,32.37,0.8846,Dissatisfied,Inactive User
AMZ-103371,54,Non-Binary,North America,2016,9,Prime,Gold,11,638.31,58.03,54.55,6,Grocery,8,3.9,21,29,94,Tablet,Credit Card,48.41,35,1,242,695.03,0.9268,Satisfied,Bargain Hunter
AMZ-103372,57,Female,North America,2015,10,Non-Prime,Gold,68,3840.6,56.48,1.47,1,Sports,4,3.6,22,15,88,Tablet,Net Banking,1.84,14,0,447,3960.47,0.3831,Satisfied,Loyal Shopper
AMZ-103373,36,Female,Southeast Asia,2021,4,Prime,Gold,4,181.26,45.31,25.0,1,Grocery,7,3.2,1,14,57,Alexa,Debit Card,10.81,10,2,258,183.78,0.0475,Satisfied,Occasional Buyer
AMZ-103374,58,Female,Southeast Asia,2020,5,Prime,Gold,3,12.64,4.21,33.33,1,Books,5,2.4,38,2,19,Tablet,Amazon Pay,44.25,29,0,129,18.5,0.3178,Dissatisfied,Inactive User
AMZ-103375,18,Non-Binary,Latin America,2021,4,Non-Prime,Silver,1,245.59,245.59,100.0,1,Beauty,8,4.0,20,1,22,Smart TV,Amazon Pay,24.46,17,3,366,286.87,0.075,Dissatisfied,Occasional Buyer
AMZ-103376,71,Male,Europe,2018,7,Prime,Silver,1,70.15,70.15,0.0,0,Sports,2,1.8,29,4,9,Alexa,Gift Card,33.6,39,0,1,102.42,0.7482,Dissatisfied,Inactive User
AMZ-103377,52,Female,Middle East,2018,7,Prime,Gold,0,73.77,73.77,0.0,0,Books,3,1.9,3,1,15,Desktop,Cash on Delivery,26.53,19,0,560,84.45,0.5915,Neutral,Inactive User
AMZ-103378,51,Male,Middle East,2018,7,Prime,Platinum,8,437.59,54.7,50.0,4,Home & Kitchen,7,3.3,23,66,105,Smart TV,Gift Card,30.38,5,3,8,567.34,0.3579,Satisfied,Bargain Hunter
AMZ-103379,65,Male,Middle East,2021,4,Prime,Silver,44,6943.1,157.8,0.0,0,Grocery,9,3.7,21,26,109,Tablet,UPI,0.6,14,0,721,9303.03,0.4566,Neutral,Premium Spender
AMZ-103380,60,Male,Latin America,2020,5,Non-Prime,Diamond,18,589.75,32.76,11.11,2,Home & Kitchen,7,3.2,21,59,215,Mobile,Amazon Pay,35.13,18,1,318,686.52,0.6224,Neutral,Bargain Hunter
AMZ-103381,65,Female,North America,2022,3,Prime,Platinum,78,4420.28,56.67,0.0,0,Home & Kitchen,1,4.2,5,16,85,Smart TV,Gift Card,10.11,32,3,370,6246.75,0.8527,Very Satisfied,Loyal Shopper
AMZ-103382,44,Male,Latin America,2017,8,Prime,Silver,3,68.45,22.82,33.33,1,Automotive,9,2.4,45,4,5,Alexa,Credit Card,23.28,38,0,726,72.43,0.4793,Very Dissatisfied,Inactive User
AMZ-103383,29,Male,North America,2022,3,Non-Prime,Diamond,0,16.44,16.44,0.0,0,Grocery,6,2.5,17,2,14,Tablet,Gift Card,7.28,14,1,166,23.41,0.6494,Very Dissatisfied,Inactive User
AMZ-103384,69,Female,East Asia,2016,9,Prime,Silver,9,356.74,39.64,11.11,1,Toys,6,3.7,40,2,12,Alexa,Net Banking,44.88,6,0,0,428.72,0.7966,Neutral,Occasional Buyer
AMZ-103385,31,Female,East Asia,2019,6,Non-Prime,Gold,9,704.71,78.3,66.67,6,Home & Kitchen,5,3.4,17,63,115,Mobile,Amazon Pay,53.86,9,2,46,794.57,0.7899,Neutral,Bargain Hunter
AMZ-103386,39,Non-Binary,Latin America,2019,6,Prime,Silver,7,496.39,70.91,14.29,1,Toys,1,2.8,42,3,28,Mobile,Credit Card,22.12,11,0,668,653.97,0.7405,Neutral,Occasional Buyer
AMZ-103387,26,Male,South Asia,2022,3,Non-Prime,Diamond,36,4434.19,123.17,5.56,2,Beauty,8,4.2,6,35,82,Tablet,Net Banking,11.91,32,2,327,4825.57,0.3669,Very Satisfied,Loyal Shopper
AMZ-103388,39,Female,East Asia,2016,9,Prime,Gold,27,549.43,20.35,7.41,2,Sports,4,3.8,17,38,228,Mobile,Credit Card,65.14,24,3,299,777.56,0.7649,Dissatisfied,Bargain Hunter
AMZ-103389,25,Male,Southeast Asia,2016,9,Prime,Diamond,7,89.35,12.76,0.0,0,Electronics,9,2.7,26,5,24,Mobile,Amazon Pay,60.27,17,1,649,116.94,0.8179,Neutral,Occasional Buyer
AMZ-103390,24,Female,Latin America,2022,3,Non-Prime,Gold,21,299.5,14.26,28.57,6,Electronics,1,2.8,28,46,227,Mobile,Cash on Delivery,49.93,5,0,199,415.38,0.7535,Satisfied,Bargain Hunter
AMZ-103391,20,Male,South Asia,2018,7,Non-Prime,Gold,23,10002.19,434.88,8.7,2,Clothing,3,4.0,7,15,74,Desktop,Cash on Delivery,11.73,0,4,39,11743.32,0.3557,Neutral,Premium Spender
AMZ-103392,49,Male,North America,2015,10,Prime,Gold,48,1560.3,32.51,0.0,0,Office,8,4.0,1,11,160,Desktop,Debit Card,49.62,8,0,727,1765.04,0.4723,Satisfied,Loyal Shopper
AMZ-103393,62,Female,Southeast Asia,2015,10,Prime,Silver,53,4923.12,92.89,3.77,2,Books,8,4.7,39,37,155,Alexa,Cash on Delivery,19.12,17,4,375,6691.42,0.1641,Very Satisfied,Loyal Shopper
AMZ-103394,53,Male,East Asia,2018,7,Prime,Platinum,23,647.9,28.17,8.7,2,Grocery,1,3.7,43,97,164,Tablet,Debit Card,8.15,32,4,87,966.11,0.1157,Neutral,Bargain Hunter
AMZ-103395,64,Male,South Asia,2022,3,Non-Prime,Gold,32,3759.95,117.5,0.0,0,Beauty,5,4.6,19,45,123,Desktop,UPI,10.11,7,3,432,4339.61,0.1423,Very Satisfied,Loyal Shopper
AMZ-103396,46,Male,South Asia,2017,8,Prime,Platinum,28,7168.41,256.01,0.0,0,Beauty,8,4.8,36,6,91,Smart TV,Net Banking,15.28,34,2,722,10147.02,0.745,Satisfied,Premium Spender
AMZ-103397,19,Male,South Asia,2018,7,Prime,Gold,11,367.03,33.37,0.0,0,Grocery,5,2.0,33,9,22,Smart TV,Amazon Pay,13.55,5,1,714,371.04,0.8373,Dissatisfied,Occasional Buyer
AMZ-103398,33,Female,Southeast Asia,2022,3,Prime,Gold,10,109.49,10.95,0.0,0,Sports,3,2.8,17,6,43,Alexa,UPI,66.27,0,2,675,161.41,0.257,Satisfied,Occasional Buyer
AMZ-103399,63,Male,Europe,2017,8,Prime,Silver,38,4870.1,128.16,7.89,3,Office,5,4.5,44,21,65,Tablet,Debit Card,70.73,29,3,439,5785.28,0.0429,Neutral,Premium Spender
AMZ-103400,37,Non-Binary,Latin America,2015,10,Prime,Gold,38,13214.66,347.75,2.63,1,Sports,9,4.0,11,22,64,Alexa,UPI,36.53,8,0,190,19399.12,0.7322,Neutral,Premium Spender
AMZ-103401,52,Non-Binary,Southeast Asia,2022,3,Prime,Platinum,7,295.11,42.16,14.29,1,Toys,2,2.2,37,18,33,Mobile,Amazon Pay,56.36,15,3,140,416.39,0.9583,Neutral,Occasional Buyer
AMZ-103402,28,Female,Europe,2021,4,Prime,Silver,68,2411.65,35.47,2.94,2,Sports,5,5.0,21,49,150,Smart TV,Cash on Delivery,22.21,37,3,316,3422.73,0.3502,Satisfied,Loyal Shopper
AMZ-103403,57,Female,East Asia,2022,3,Prime,Silver,41,7542.42,183.96,7.32,3,Office,7,4.2,29,13,81,Smart TV,Gift Card,2.43,22,2,398,11131.61,0.6944,Satisfied,Premium Spender
AMZ-103404,32,Female,Southeast Asia,2015,10,Prime,Gold,6,97.57,16.26,50.0,3,Home & Kitchen,5,3.8,31,2,38,Smart TV,Cash on Delivery,39.36,24,0,527,133.34,0.8939,Neutral,Occasional Buyer
AMZ-103405,39,Female,South Asia,2016,9,Prime,Diamond,3,14.5,4.83,0.0,0,Sports,4,2.8,40,2,4,Smart TV,Gift Card,73.35,17,4,30,15.45,0.2609,Neutral,Inactive User
AMZ-103406,59,Male,Europe,2019,6,Prime,Diamond,10,150.85,15.08,30.0,3,Clothing,9,2.4,0,16,41,Alexa,UPI,3.95,20,3,322,186.38,0.2227,Satisfied,Occasional Buyer
AMZ-103407,60,Male,South Asia,2020,5,Prime,Gold,14,241.1,17.22,21.43,3,Toys,1,2.1,7,18,13,Smart TV,UPI,77.39,2,0,690,280.13,0.4434,Satisfied,Occasional Buyer
AMZ-103408,56,Male,Europe,2020,5,Prime,Silver,49,2424.37,49.48,2.04,1,Clothing,8,3.8,34,30,71,Smart TV,Cash on Delivery,55.65,32,4,170,2612.95,0.494,Satisfied,Loyal Shopper
AMZ-103409,34,Non-Binary,Latin America,2020,5,Non-Prime,Gold,30,11281.8,376.06,3.33,1,Beauty,2,4.0,26,8,118,Tablet,Debit Card,9.4,23,3,679,15682.84,0.718,Satisfied,Premium Spender
AMZ-103410,18,Non-Binary,Europe,2015,10,Non-Prime,Diamond,4,222.2,55.55,25.0,1,Home & Kitchen,9,3.8,10,9,49,Alexa,Credit Card,31.6,35,2,486,256.6,0.7819,Dissatisfied,Occasional Buyer
AMZ-103411,56,Female,Latin America,2015,10,Non-Prime,Gold,44,4280.21,97.28,6.82,3,Sports,9,4.9,0,17,68,Alexa,Gift Card,67.49,21,4,717,5741.92,0.7612,Satisfied,Premium Spender
AMZ-103412,54,Male,Middle East,2016,9,Non-Prime,Silver,3,50.82,16.94,33.33,1,Toys,7,1.6,20,0,14,Mobile,Amazon Pay,2.8,0,4,303,64.54,0.8399,Neutral,Inactive User
AMZ-103413,38,Male,Southeast Asia,2016,9,Non-Prime,Gold,75,3429.44,45.73,2.67,2,Automotive,3,4.7,12,23,148,Mobile,Credit Card,78.23,35,1,593,3920.36,0.6008,Very Satisfied,Loyal Shopper
AMZ-103414,38,Female,East Asia,2018,7,Prime,Diamond,55,3866.77,70.3,1.82,1,Clothing,3,4.1,4,49,94,Smart TV,Credit Card,50.08,18,2,531,5132.62,0.032,Very Satisfied,Loyal Shopper
AMZ-103415,31,Male,East Asia,2018,7,Prime,Silver,35,11445.18,327.01,8.57,3,Sports,7,4.6,14,26,50,Alexa,UPI,32.42,9,2,514,13266.27,0.6122,Very Satisfied,Premium Spender
AMZ-103416,43,Non-Binary,Latin America,2018,7,Prime,Gold,48,12688.66,264.35,0.0,0,Toys,2,3.3,40,10,102,Tablet,UPI,74.42,13,4,641,13515.48,0.4703,Neutral,Premium Spender
AMZ-103417,20,Male,North America,2015,10,Prime,Diamond,67,2821.82,42.12,1.49,1,Home & Kitchen,8,4.0,24,46,68,Alexa,Cash on Delivery,68.05,20,1,218,3956.09,0.6027,Very Satisfied,Loyal Shopper
AMZ-103418,33,Female,South Asia,2015,10,Prime,Platinum,13,302.11,23.24,23.08,3,Clothing,7,2.1,1,16,34,Alexa,Cash on Delivery,59.66,12,3,162,427.82,0.6637,Dissatisfied,Occasional Buyer
AMZ-103419,23,Non-Binary,Europe,2019,6,Prime,Diamond,76,4867.91,64.05,2.63,2,Home & Kitchen,3,4.9,17,12,99,Desktop,UPI,66.59,6,3,412,5582.4,0.1907,Satisfied,Loyal Shopper
AMZ-103420,38,Male,Latin America,2020,5,Non-Prime,Platinum,29,362.94,12.52,6.9,2,Electronics,3,3.5,32,92,215,Desktop,Gift Card,72.17,15,3,384,532.64,0.8207,Satisfied,Bargain Hunter
AMZ-103421,29,Non-Binary,East Asia,2021,4,Non-Prime,Silver,2,91.98,45.99,50.0,1,Books,2,2.6,31,1,7,Desktop,Net Banking,63.17,35,0,632,113.26,0.3166,Very Dissatisfied,Inactive User
AMZ-103422,69,Female,Latin America,2018,7,Prime,Diamond,36,5673.69,157.6,8.33,3,Books,2,4.7,40,27,73,Alexa,Gift Card,15.53,13,4,368,7524.85,0.7739,Very Satisfied,Premium Spender
AMZ-103423,29,Male,Southeast Asia,2019,6,Non-Prime,Gold,41,11611.25,283.2,2.44,1,Home & Kitchen,1,3.4,24,9,91,Tablet,Debit Card,51.31,20,1,722,13915.33,0.4618,Very Satisfied,Premium Spender
AMZ-103424,32,Male,North America,2022,3,Prime,Silver,0,80.63,80.63,0.0,0,Clothing,7,2.7,36,1,6,Tablet,Cash on Delivery,9.75,5,3,102,98.48,0.0897,Dissatisfied,Inactive User
AMZ-103425,68,Male,Southeast Asia,2023,2,Non-Prime,Gold,2,61.71,30.86,0.0,0,Office,3,1.9,1,3,7,Alexa,Amazon Pay,48.11,1,2,350,68.52,0.7019,Dissatisfied,Inactive User
AMZ-103426,57,Male,South Asia,2020,5,Prime,Gold,4,77.01,19.25,25.0,1,Sports,5,2.9,34,4,13,Tablet,Debit Card,31.77,0,3,389,83.68,0.3657,Dissatisfied,Inactive User
AMZ-103427,62,Female,East Asia,2021,4,Prime,Gold,35,14373.58,410.67,11.43,4,Sports,6,4.2,9,11,85,Alexa,Cash on Delivery,74.77,11,4,504,21053.66,0.8029,Very Satisfied,Premium Spender
AMZ-103428,22,Male,East Asia,2019,6,Non-Prime,Platinum,15,102.33,6.82,46.67,7,Books,3,4.2,12,92,95,Mobile,Credit Card,12.2,36,1,536,116.24,0.6935,Satisfied,Bargain Hunter
AMZ-103429,45,Non-Binary,South Asia,2022,3,Prime,Silver,40,12715.16,317.88,5.0,2,Sports,9,3.9,33,19,112,Alexa,Credit Card,44.13,23,4,515,14947.62,0.7162,Neutral,Premium Spender
AMZ-103430,58,Male,Europe,2016,9,Non-Prime,Silver,7,360.64,51.52,71.43,5,Electronics,5,3.8,36,63,165,Mobile,Cash on Delivery,69.3,2,0,476,420.91,0.1154,Satisfied,Bargain Hunter
AMZ-103431,60,Male,North America,2018,7,Prime,Diamond,14,308.56,22.04,7.14,1,Toys,4,3.3,9,16,33,Mobile,Gift Card,47.52,0,1,690,345.52,0.1019,Satisfied,Occasional Buyer
AMZ-103432,60,Non-Binary,North America,2020,5,Non-Prime,Silver,4,67.15,16.79,0.0,0,Home & Kitchen,9,2.6,44,2,13,Tablet,Debit Card,25.6,20,1,85,99.95,0.8314,Dissatisfied,Inactive User
AMZ-103433,42,Female,Middle East,2020,5,Non-Prime,Platinum,10,228.49,22.85,70.0,7,Sports,6,3.6,22,34,160,Alexa,Amazon Pay,61.29,35,4,489,266.18,0.8167,Neutral,Bargain Hunter
AMZ-103434,38,Male,Europe,2023,2,Prime,Silver,65,1166.11,17.94,0.0,0,Toys,8,4.1,19,14,83,Mobile,Net Banking,12.25,19,1,259,1609.95,0.9636,Very Satisfied,Loyal Shopper
AMZ-103435,40,Non-Binary,North America,2020,5,Prime,Silver,36,12818.57,356.07,11.11,4,Home & Kitchen,7,3.6,19,8,67,Alexa,Gift Card,0.35,18,4,169,14282.79,0.509,Very Satisfied,Premium Spender
AMZ-103436,21,Female,East Asia,2020,5,Prime,Silver,9,636.76,70.75,77.78,7,Books,1,2.9,5,95,123,Smart TV,Credit Card,42.66,22,2,345,885.84,0.0183,Neutral,Bargain Hunter
AMZ-103437,56,Non-Binary,North America,2023,2,Non-Prime,Platinum,53,4036.65,76.16,0.0,0,Electronics,4,4.5,4,16,65,Desktop,Amazon Pay,49.66,16,2,108,5881.37,0.9547,Very Satisfied,Loyal Shopper
AMZ-103438,32,Male,South Asia,2023,2,Non-Prime,Silver,18,9183.3,510.18,0.0,0,Sports,6,5.0,37,24,56,Mobile,Credit Card,57.91,4,3,115,12899.52,0.2207,Very Satisfied,Premium Spender
AMZ-103439,21,Non-Binary,Europe,2019,6,Prime,Gold,22,1150.22,52.28,0.0,0,Automotive,8,4.4,15,21,112,Mobile,Cash on Delivery,11.32,19,4,226,1316.27,0.321,Satisfied,Loyal Shopper
AMZ-103440,25,Female,Southeast Asia,2017,8,Non-Prime,Platinum,1,69.22,69.22,100.0,1,Automotive,5,1.9,39,4,0,Smart TV,Amazon Pay,62.99,28,1,158,76.53,0.1303,Dissatisfied,Inactive User
AMZ-103441,36,Non-Binary,North America,2015,10,Prime,Silver,17,13690.07,805.3,11.76,2,Electronics,9,3.7,5,17,63,Smart TV,Amazon Pay,15.41,22,0,16,19912.07,0.7356,Satisfied,Premium Spender
AMZ-103442,49,Non-Binary,Southeast Asia,2021,4,Prime,Platinum,4,3.44,0.86,0.0,0,Clothing,1,1.2,47,0,2,Desktop,Net Banking,2.67,7,2,354,4.27,0.1473,Dissatisfied,Inactive User
AMZ-103443,20,Female,Europe,2015,10,Prime,Silver,28,4483.31,160.12,7.14,2,Home & Kitchen,2,4.9,16,39,176,Mobile,Amazon Pay,16.15,29,2,446,4549.23,0.2662,Very Satisfied,Loyal Shopper
AMZ-103444,45,Male,Southeast Asia,2015,10,Non-Prime,Diamond,61,2783.39,45.63,1.64,1,Clothing,6,4.3,37,30,87,Smart TV,Credit Card,72.09,37,3,172,3737.33,0.1371,Satisfied,Loyal Shopper
AMZ-103445,30,Female,East Asia,2017,8,Prime,Platinum,38,12378.82,325.76,2.63,1,Clothing,5,4.0,7,8,91,Tablet,Debit Card,79.38,0,3,547,14949.37,0.417,Very Satisfied,Premium Spender
AMZ-103446,18,Female,North America,2015,10,Prime,Gold,30,13435.82,447.86,0.0,0,Beauty,9,4.3,10,24,106,Tablet,Gift Card,5.73,37,1,53,16724.99,0.6501,Very Satisfied,Premium Spender
AMZ-103447,57,Female,Middle East,2016,9,Non-Prime,Platinum,17,615.78,36.22,23.53,4,Grocery,8,3.3,36,27,123,Alexa,Amazon Pay,68.81,35,1,69,677.85,0.9361,Dissatisfied,Bargain Hunter
AMZ-103448,63,Non-Binary,Europe,2016,9,Non-Prime,Gold,48,10419.94,217.08,0.0,0,Electronics,4,3.8,20,18,100,Mobile,Amazon Pay,48.68,32,4,206,12130.53,0.7397,Neutral,Premium Spender
AMZ-103449,48,Non-Binary,Latin America,2017,8,Non-Prime,Platinum,12,663.47,55.29,58.33,7,Toys,3,3.5,14,20,181,Smart TV,Amazon Pay,63.56,31,0,30,993.97,0.0959,Dissatisfied,Bargain Hunter
AMZ-103450,49,Female,Europe,2022,3,Non-Prime,Platinum,39,5851.22,150.03,0.0,0,Clothing,2,3.7,47,8,111,Desktop,Gift Card,34.89,25,3,193,6641.31,0.6497,Satisfied,Premium Spender
AMZ-103451,52,Male,Southeast Asia,2020,5,Prime,Gold,11,273.58,24.87,18.18,2,Beauty,2,4.3,29,47,201,Smart TV,Amazon Pay,62.63,13,0,469,296.17,0.7405,Satisfied,Bargain Hunter
AMZ-103452,62,Female,East Asia,2018,7,Prime,Diamond,28,244.96,8.75,7.14,2,Electronics,7,4.4,32,42,92,Mobile,Credit Card,18.92,18,1,40,313.2,0.1892,Satisfied,Bargain Hunter
AMZ-103453,35,Female,North America,2019,6,Prime,Silver,11,245.76,22.34,18.18,2,Toys,6,2.9,5,6,49,Alexa,Net Banking,60.3,5,4,634,261.18,0.7735,Satisfied,Occasional Buyer
AMZ-103454,24,Female,North America,2021,4,Non-Prime,Diamond,28,12337.93,440.64,14.29,4,Books,7,4.1,45,29,70,Mobile,Credit Card,13.89,10,1,695,18196.49,0.9798,Satisfied,Premium Spender
AMZ-103455,29,Non-Binary,Middle East,2022,3,Prime,Platinum,16,4236.25,264.77,0.0,0,Books,9,4.7,48,24,45,Smart TV,Debit Card,43.2,30,0,454,4347.93,0.3894,Neutral,Premium Spender
AMZ-103456,63,Male,Southeast Asia,2016,9,Prime,Gold,0,21.74,21.74,100.0,1,Home & Kitchen,4,2.9,21,3,10,Alexa,Net Banking,69.86,27,1,248,23.77,0.9093,Dissatisfied,Inactive User
AMZ-103457,65,Female,East Asia,2018,7,Non-Prime,Gold,27,142.73,5.29,25.93,7,Clothing,8,2.7,26,44,210,Desktop,Debit Card,28.28,2,3,430,198.01,0.9227,Neutral,Bargain Hunter
AMZ-103458,61,Male,South Asia,2015,10,Non-Prime,Gold,1,54.67,54.67,100.0,1,Sports,9,1.3,42,3,14,Mobile,UPI,10.53,2,0,675,79.19,0.7528,Dissatisfied,Inactive User
AMZ-103459,44,Female,East Asia,2019,6,Prime,Gold,12,250.57,20.88,25.0,3,Beauty,3,2.2,35,13,59,Alexa,UPI,66.56,32,3,232,299.94,0.073,Dissatisfied,Occasional Buyer
AMZ-103460,38,Male,North America,2022,3,Prime,Silver,1,22.56,22.56,0.0,0,Electronics,8,1.1,1,1,2,Alexa,Amazon Pay,10.77,29,3,145,24.87,0.0224,Very Dissatisfied,Inactive User
AMZ-103461,36,Male,South Asia,2019,6,Prime,Silver,33,14124.31,428.01,9.09,3,Books,9,4.2,40,8,73,Desktop,Amazon Pay,70.43,34,2,293,15341.34,0.5864,Very Satisfied,Premium Spender
AMZ-103462,70,Male,Europe,2021,4,Prime,Gold,24,221.77,9.24,12.5,3,Clothing,2,4.1,41,79,197,Alexa,UPI,22.29,36,1,223,221.98,0.7608,Satisfied,Bargain Hunter
AMZ-103463,51,Female,Europe,2015,10,Prime,Platinum,79,865.84,10.96,2.53,2,Automotive,1,4.5,24,12,67,Alexa,Credit Card,62.85,14,4,664,878.02,0.9015,Very Satisfied,Loyal Shopper
AMZ-103464,19,Non-Binary,South Asia,2016,9,Prime,Gold,1,32.39,32.39,0.0,0,Grocery,3,1.0,18,0,12,Mobile,Cash on Delivery,7.46,29,0,65,41.27,0.791,Very Dissatisfied,Inactive User
AMZ-103465,41,Female,North America,2017,8,Non-Prime,Platinum,29,103.37,3.56,6.9,2,Beauty,8,2.9,16,53,222,Desktop,Amazon Pay,52.77,16,0,37,145.89,0.3729,Neutral,Bargain Hunter
AMZ-103466,19,Female,East Asia,2017,8,Prime,Silver,17,293.58,17.27,41.18,7,Sports,4,3.2,4,49,179,Tablet,Gift Card,67.03,30,2,151,300.56,0.4665,Dissatisfied,Bargain Hunter
AMZ-103467,64,Female,Europe,2023,2,Non-Prime,Gold,3,50.91,16.97,0.0,0,Grocery,4,1.1,48,0,4,Mobile,Debit Card,8.55,0,3,659,65.49,0.7214,Very Dissatisfied,Inactive User
AMZ-103468,35,Non-Binary,Latin America,2016,9,Non-Prime,Gold,12,431.6,35.97,58.33,7,Electronics,4,3.7,47,75,132,Smart TV,Debit Card,38.79,4,1,272,464.34,0.9691,Dissatisfied,Bargain Hunter
AMZ-103469,53,Non-Binary,Latin America,2016,9,Non-Prime,Silver,6,273.02,45.5,33.33,2,Home & Kitchen,8,2.2,34,17,10,Smart TV,UPI,14.52,2,3,263,392.28,0.4178,Dissatisfied,Occasional Buyer
AMZ-103470,37,Non-Binary,South Asia,2018,7,Prime,Gold,2,58.48,29.24,50.0,1,Office,4,2.3,22,4,0,Smart TV,Amazon Pay,4.61,31,4,100,62.34,0.1358,Dissatisfied,Inactive User
AMZ-103471,25,Non-Binary,Middle East,2018,7,Prime,Platinum,43,4601.72,107.02,2.33,1,Beauty,5,4.5,36,49,169,Alexa,Amazon Pay,4.09,13,4,252,6188.61,0.4071,Satisfied,Loyal Shopper
AMZ-103472,55,Female,Middle East,2016,9,Non-Prime,Platinum,1,533.57,533.57,300.0,3,Electronics,5,3.2,49,1,39,Alexa,Cash on Delivery,6.13,6,2,255,636.51,0.613,Dissatisfied,Occasional Buyer
AMZ-103473,42,Non-Binary,Latin America,2019,6,Prime,Diamond,10,93.94,9.39,20.0,2,Office,9,2.6,39,15,39,Smart TV,UPI,3.13,26,4,232,102.9,0.8403,Neutral,Occasional Buyer
AMZ-103474,29,Female,Europe,2017,8,Prime,Diamond,10,593.53,59.35,70.0,7,Electronics,6,3.1,44,83,192,Smart TV,Credit Card,46.59,31,3,359,652.8,0.2474,Dissatisfied,Bargain Hunter
AMZ-103475,47,Female,Southeast Asia,2019,6,Prime,Gold,23,680.56,29.59,13.04,3,Home & Kitchen,3,3.6,1,28,181,Smart TV,Cash on Delivery,41.44,37,0,710,741.22,0.6027,Satisfied,Bargain Hunter
AMZ-103476,62,Female,North America,2016,9,Prime,Diamond,4,263.85,65.96,75.0,3,Beauty,3,2.2,48,17,58,Desktop,Gift Card,29.67,29,3,449,305.49,0.4764,Dissatisfied,Occasional Buyer
AMZ-103477,67,Male,Southeast Asia,2015,10,Non-Prime,Silver,36,4285.83,119.05,5.56,2,Sports,3,4.5,42,20,88,Alexa,UPI,17.64,13,1,319,5062.1,0.0443,Satisfied,Premium Spender
AMZ-103478,69,Female,South Asia,2020,5,Non-Prime,Silver,14,349.02,24.93,28.57,4,Grocery,1,2.7,40,51,168,Tablet,Debit Card,41.69,29,0,685,435.21,0.1504,Neutral,Bargain Hunter
AMZ-103479,60,Female,Middle East,2022,3,Non-Prime,Gold,29,3158.16,108.9,13.79,4,Office,9,4.9,1,27,94,Smart TV,Amazon Pay,77.5,33,0,319,3780.19,0.4358,Very Satisfied,Premium Spender
AMZ-103480,65,Female,East Asia,2019,6,Prime,Gold,10,317.13,31.71,30.0,3,Beauty,8,3.7,36,16,42,Mobile,UPI,54.17,23,2,648,362.32,0.7312,Dissatisfied,Occasional Buyer
AMZ-103481,46,Male,South Asia,2021,4,Non-Prime,Gold,11,456.33,41.48,27.27,3,Sports,8,2.4,44,10,17,Desktop,Debit Card,44.48,13,0,19,487.39,0.7075,Satisfied,Occasional Buyer
AMZ-103482,46,Male,East Asia,2016,9,Prime,Platinum,10,480.51,48.05,10.0,1,Books,7,2.1,39,5,41,Smart TV,Net Banking,63.38,5,3,310,510.69,0.2487,Satisfied,Occasional Buyer
AMZ-103483,64,Male,Latin America,2016,9,Prime,Platinum,27,1608.32,59.57,7.41,2,Home & Kitchen,6,4.4,26,31,92,Smart TV,UPI,46.4,30,4,129,1812.03,0.2973,Satisfied,Loyal Shopper
AMZ-103484,38,Non-Binary,Europe,2023,2,Prime,Diamond,19,398.77,20.99,31.58,6,Sports,5,3.3,40,99,168,Alexa,Credit Card,31.56,30,4,228,568.47,0.9263,Satisfied,Bargain Hunter
AMZ-103485,66,Female,Middle East,2019,6,Prime,Silver,15,4437.99,295.87,13.33,2,Clothing,6,4.0,19,9,67,Tablet,Debit Card,37.69,28,4,546,6223.13,0.6895,Satisfied,Premium Spender
AMZ-103486,70,Male,South Asia,2021,4,Prime,Gold,1,377.73,377.73,0.0,0,Clothing,8,3.8,46,15,22,Alexa,Cash on Delivery,6.28,10,3,270,470.35,0.1783,Dissatisfied,Occasional Buyer
AMZ-103487,57,Non-Binary,Europe,2023,2,Prime,Gold,12,390.5,32.54,0.0,0,Home & Kitchen,1,3.1,37,2,48,Mobile,Amazon Pay,59.56,18,0,367,464.89,0.3755,Satisfied,Occasional Buyer
AMZ-103488,63,Non-Binary,Southeast Asia,2022,3,Prime,Silver,2,69.6,34.8,0.0,0,Sports,3,2.3,13,1,8,Mobile,Cash on Delivery,28.87,25,2,652,83.99,0.9583,Dissatisfied,Inactive User
AMZ-103489,65,Female,South Asia,2016,9,Non-Prime,Silver,21,4519.84,215.23,4.76,1,Automotive,6,3.7,13,14,162,Desktop,Credit Card,51.23,26,0,115,5755.11,0.9426,Satisfied,Loyal Shopper
AMZ-103490,42,Male,Middle East,2020,5,Prime,Gold,35,4937.12,141.06,8.57,3,Electronics,6,3.1,14,29,57,Tablet,Credit Card,15.14,35,4,96,6637.43,0.6119,Neutral,Premium Spender
AMZ-103491,27,Non-Binary,East Asia,2021,4,Prime,Silver,27,4278.71,158.47,0.0,0,Beauty,1,3.6,4,23,47,Desktop,UPI,2.2,19,3,644,5387.64,0.8995,Neutral,Premium Spender
AMZ-103492,24,Female,Middle East,2018,7,Prime,Diamond,53,4555.68,85.96,3.77,2,Electronics,6,4.2,33,43,178,Smart TV,Debit Card,56.43,18,0,156,4582.03,0.3693,Satisfied,Loyal Shopper
AMZ-103493,56,Male,South Asia,2015,10,Prime,Gold,64,4711.33,73.61,0.0,0,Office,7,4.9,44,26,119,Desktop,UPI,38.76,8,1,384,4927.96,0.2453,Satisfied,Loyal Shopper
AMZ-103494,38,Non-Binary,East Asia,2020,5,Prime,Silver,15,446.51,29.77,33.33,5,Clothing,6,3.3,37,29,149,Desktop,Credit Card,56.42,7,4,69,620.95,0.061,Satisfied,Bargain Hunter
AMZ-103495,37,Non-Binary,Middle East,2021,4,Prime,Silver,36,5506.68,152.96,5.56,2,Office,6,4.5,40,21,49,Desktop,Net Banking,30.67,31,4,12,6132.89,0.8501,Satisfied,Premium Spender
AMZ-103496,34,Female,Middle East,2019,6,Prime,Diamond,73,1438.53,19.71,1.37,1,Office,5,3.8,12,17,176,Smart TV,Credit Card,62.6,11,0,308,1854.98,0.7849,Very Satisfied,Loyal Shopper
AMZ-103497,22,Male,North America,2018,7,Non-Prime,Silver,0,71.35,71.35,100.0,1,Clothing,2,2.2,25,2,12,Alexa,Net Banking,57.62,17,0,149,104.92,0.8053,Dissatisfied,Inactive User
AMZ-103498,63,Male,Southeast Asia,2022,3,Prime,Gold,2,91.49,45.74,50.0,1,Beauty,5,3.9,22,3,51,Smart TV,Net Banking,26.19,23,3,5,136.45,0.6179,Dissatisfied,Occasional Buyer
AMZ-103499,39,Female,North America,2018,7,Non-Prime,Platinum,13,445.21,34.25,0.0,0,Beauty,1,3.9,44,11,11,Alexa,Amazon Pay,20.13,1,0,666,495.92,0.8485,Satisfied,Occasional Buyer
AMZ-103500,33,Female,Middle East,2023,2,Non-Prime,Gold,17,702.17,41.3,52.94,9,Home & Kitchen,8,2.7,5,55,121,Mobile,Amazon Pay,61.15,31,3,35,777.8,0.4922,Dissatisfied,Bargain Hunter
AMZ-103501,70,Male,South Asia,2017,8,Non-Prime,Gold,10,304.43,30.44,20.0,2,Books,6,2.8,29,19,56,Smart TV,Net Banking,20.53,22,0,334,444.91,0.8362,Satisfied,Occasional Buyer
AMZ-103502,52,Non-Binary,East Asia,2018,7,Prime,Platinum,21,10498.39,499.92,9.52,2,Beauty,8,3.9,7,7,112,Smart TV,Amazon Pay,24.32,14,4,396,14124.46,0.4166,Neutral,Premium Spender
AMZ-103503,36,Female,East Asia,2016,9,Prime,Diamond,22,11547.91,524.9,4.55,1,Electronics,5,4.2,15,26,51,Mobile,UPI,65.66,9,2,252,13746.72,0.1559,Very Satisfied,Premium Spender
AMZ-103504,41,Male,Latin America,2022,3,Non-Prime,Silver,3,216.1,72.03,0.0,0,Books,4,2.4,32,19,18,Smart TV,Gift Card,74.34,15,0,697,288.44,0.8549,Dissatisfied,Occasional Buyer
AMZ-103505,59,Non-Binary,Southeast Asia,2021,4,Prime,Silver,17,4788.84,281.7,11.76,2,Beauty,3,4.2,28,7,97,Desktop,Net Banking,70.47,27,4,457,4903.59,0.9833,Neutral,Premium Spender
AMZ-103506,39,Female,North America,2021,4,Prime,Silver,44,3316.42,75.37,2.27,1,Office,4,4.6,10,17,56,Desktop,UPI,52.02,16,4,68,3320.07,0.2911,Very Satisfied,Premium Spender
AMZ-103507,42,Non-Binary,Europe,2017,8,Prime,Silver,18,276.92,15.38,11.11,2,Toys,9,2.9,34,38,166,Mobile,Cash on Delivery,75.64,21,4,304,330.22,0.9699,Dissatisfied,Bargain Hunter
AMZ-103508,41,Male,South Asia,2023,2,Prime,Silver,0,57.54,57.54,100.0,1,Books,8,2.9,5,0,14,Smart TV,Gift Card,72.88,23,1,501,66.8,0.5054,Dissatisfied,Inactive User
AMZ-103509,41,Female,North America,2019,6,Prime,Diamond,4,13.49,3.37,0.0,0,Toys,2,2.0,11,3,15,Desktop,Amazon Pay,20.68,20,0,44,19.73,0.7238,Neutral,Inactive User
AMZ-103510,24,Male,South Asia,2021,4,Non-Prime,Diamond,47,3932.07,83.66,4.26,2,Books,7,4.0,7,41,143,Alexa,Amazon Pay,79.56,13,3,168,4763.7,0.745,Very Satisfied,Loyal Shopper
AMZ-103511,29,Male,East Asia,2019,6,Prime,Diamond,0,32.4,32.4,100.0,1,Grocery,7,1.2,49,2,14,Tablet,Net Banking,75.36,38,2,270,34.06,0.4937,Dissatisfied,Inactive User
AMZ-103512,53,Female,South Asia,2018,7,Prime,Silver,3,11.55,3.85,0.0,0,Books,5,2.7,16,1,3,Tablet,Cash on Delivery,12.73,34,4,700,16.94,0.0145,Very Dissatisfied,Inactive User
AMZ-103513,27,Male,North America,2022,3,Prime,Silver,73,3929.59,53.83,0.0,0,Home & Kitchen,6,3.6,11,43,119,Smart TV,Cash on Delivery,28.87,17,3,280,5036.96,0.1419,Satisfied,Loyal Shopper
AMZ-103514,38,Non-Binary,East Asia,2017,8,Non-Prime,Gold,6,572.49,95.42,33.33,2,Home & Kitchen,4,2.7,8,8,57,Mobile,Debit Card,22.45,13,1,96,831.69,0.1836,Neutral,Occasional Buyer
AMZ-103515,53,Female,Europe,2017,8,Non-Prime,Diamond,41,2849.22,69.49,4.88,2,Toys,1,3.9,4,10,175,Alexa,Debit Card,8.19,13,3,209,4118.23,0.1244,Satisfied,Loyal Shopper
AMZ-103516,58,Non-Binary,Latin America,2022,3,Prime,Silver,55,2197.5,39.95,0.0,0,Automotive,7,4.8,5,31,150,Alexa,Debit Card,71.76,23,0,37,2333.76,0.167,Satisfied,Loyal Shopper
AMZ-103517,26,Female,Middle East,2021,4,Prime,Platinum,36,11054.5,307.07,2.78,1,Home & Kitchen,7,3.4,43,29,106,Alexa,Debit Card,23.59,25,4,185,11466.41,0.1897,Neutral,Premium Spender
AMZ-103518,32,Male,East Asia,2023,2,Prime,Silver,28,610.38,21.8,7.14,2,Toys,6,2.5,26,43,211,Tablet,Debit Card,19.15,32,4,407,746.44,0.4386,Neutral,Bargain Hunter
AMZ-103519,70,Female,South Asia,2021,4,Prime,Diamond,47,13532.57,287.93,8.51,4,Home & Kitchen,9,4.1,13,17,80,Tablet,Credit Card,72.01,17,3,680,16314.95,0.3214,Neutral,Premium Spender
AMZ-103520,71,Male,Europe,2017,8,Prime,Platinum,37,3484.09,94.16,0.0,0,Home & Kitchen,6,3.5,35,27,129,Desktop,Gift Card,66.76,21,1,479,3617.57,0.6641,Satisfied,Loyal Shopper
AMZ-103521,52,Female,Europe,2018,7,Prime,Diamond,8,474.68,59.34,0.0,0,Toys,9,2.0,17,14,17,Tablet,UPI,2.63,20,4,186,707.78,0.2474,Satisfied,Occasional Buyer
AMZ-103522,51,Female,Middle East,2018,7,Prime,Gold,34,11484.87,337.79,2.94,1,Clothing,5,3.2,33,21,52,Tablet,Cash on Delivery,34.84,22,0,355,14037.29,0.6955,Very Satisfied,Premium Spender
AMZ-103523,32,Non-Binary,Europe,2016,9,Prime,Silver,4,78.24,19.56,0.0,0,Sports,3,1.5,36,0,3,Smart TV,Net Banking,38.29,22,0,457,116.29,0.354,Very Dissatisfied,Inactive User
AMZ-103524,32,Male,Southeast Asia,2022,3,Non-Prime,Gold,47,1898.24,40.39,4.26,2,Office,1,4.6,4,47,105,Smart TV,Amazon Pay,64.73,2,0,376,1932.21,0.9615,Satisfied,Loyal Shopper
AMZ-103525,68,Female,East Asia,2018,7,Prime,Gold,29,7572.77,261.13,10.34,3,Electronics,9,4.1,23,28,117,Smart TV,Cash on Delivery,34.19,38,2,231,9076.28,0.4769,Very Satisfied,Premium Spender
AMZ-103526,47,Female,Latin America,2018,7,Prime,Gold,52,2020.33,38.85,1.92,1,Office,6,4.0,0,37,158,Desktop,Net Banking,57.4,24,2,229,2541.9,0.7117,Satisfied,Loyal Shopper
AMZ-103527,24,Male,Middle East,2015,10,Prime,Gold,13,561.88,43.22,7.69,1,Sports,7,3.3,41,9,21,Tablet,Cash on Delivery,38.67,27,1,611,704.36,0.9524,Satisfied,Occasional Buyer
AMZ-103528,29,Male,Middle East,2020,5,Prime,Platinum,33,3775.39,114.41,3.03,1,Toys,9,3.5,21,20,70,Tablet,Credit Card,19.58,2,2,243,4143.78,0.1829,Very Satisfied,Loyal Shopper
AMZ-103529,30,Male,Europe,2021,4,Prime,Diamond,73,967.43,13.25,1.37,1,Grocery,3,3.6,23,14,73,Mobile,Amazon Pay,32.99,3,1,585,1385.77,0.8801,Very Satisfied,Loyal Shopper
AMZ-103530,66,Non-Binary,Middle East,2017,8,Prime,Gold,3,237.2,79.07,33.33,1,Beauty,9,3.9,45,11,35,Mobile,Cash on Delivery,29.73,2,1,341,252.11,0.3582,Dissatisfied,Occasional Buyer
AMZ-103531,39,Non-Binary,Latin America,2017,8,Prime,Diamond,1,41.39,41.39,0.0,0,Electronics,4,1.2,35,2,2,Desktop,Debit Card,20.39,3,2,665,44.7,0.3807,Very Dissatisfied,Inactive User
AMZ-103532,35,Male,North America,2017,8,Prime,Diamond,2,99.15,49.58,0.0,0,Grocery,4,2.3,39,3,15,Desktop,Cash on Delivery,48.07,23,4,118,109.64,0.3371,Neutral,Inactive User
AMZ-103533,29,Female,Latin America,2018,7,Non-Prime,Gold,43,2757.7,64.13,2.33,1,Electronics,1,4.9,20,32,155,Alexa,Net Banking,37.07,5,3,647,3531.76,0.4026,Very Satisfied,Loyal Shopper
AMZ-103534,70,Male,Latin America,2016,9,Prime,Diamond,12,587.83,48.99,8.33,1,Toys,4,2.9,27,15,22,Smart TV,Credit Card,25.94,6,4,40,749.03,0.5578,Dissatisfied,Occasional Buyer
AMZ-103535,19,Female,Latin America,2018,7,Prime,Gold,24,9192.07,383.0,8.33,2,Grocery,6,4.1,12,15,77,Smart TV,Debit Card,63.18,13,0,98,11716.66,0.1151,Satisfied,Premium Spender
AMZ-103536,27,Male,South Asia,2017,8,Prime,Silver,10,150.79,15.08,50.0,5,Electronics,8,3.8,28,67,144,Alexa,Amazon Pay,49.6,28,3,355,165.76,0.0055,Neutral,Bargain Hunter
AMZ-103537,18,Male,Southeast Asia,2020,5,Prime,Gold,2,23.15,11.57,0.0,0,Home & Kitchen,8,2.2,29,0,8,Desktop,Gift Card,44.79,22,1,130,28.7,0.2296,Very Dissatisfied,Inactive User
AMZ-103538,68,Non-Binary,Southeast Asia,2015,10,Prime,Gold,34,10805.11,317.8,0.0,0,Grocery,1,4.6,7,11,110,Alexa,Gift Card,54.9,14,3,710,15977.91,0.5707,Very Satisfied,Premium Spender
AMZ-103539,26,Non-Binary,Latin America,2022,3,Prime,Gold,32,11526.98,360.22,9.38,3,Toys,3,4.9,2,15,61,Mobile,Cash on Delivery,65.52,10,1,500,11860.39,0.4539,Very Satisfied,Premium Spender
AMZ-103540,47,Non-Binary,Europe,2022,3,Non-Prime,Platinum,9,386.66,42.96,0.0,0,Toys,1,3.0,10,18,31,Alexa,Debit Card,62.16,28,4,178,483.85,0.7334,Satisfied,Occasional Buyer
AMZ-103541,54,Female,Southeast Asia,2019,6,Prime,Silver,10,727.21,72.72,20.0,2,Books,8,4.0,36,83,216,Desktop,Debit Card,77.5,32,3,232,828.71,0.8008,Dissatisfied,Bargain Hunter
AMZ-103542,22,Female,East Asia,2015,10,Prime,Gold,4,525.49,131.37,75.0,3,Beauty,8,3.8,36,7,39,Mobile,Cash on Delivery,64.57,27,2,404,551.43,0.446,Satisfied,Occasional Buyer
AMZ-103543,37,Male,Europe,2019,6,Prime,Diamond,23,551.55,23.98,13.04,3,Books,2,3.0,46,36,119,Smart TV,Amazon Pay,64.91,11,0,389,584.9,0.4328,Neutral,Bargain Hunter
AMZ-103544,25,Non-Binary,Latin America,2022,3,Non-Prime,Silver,0,21.79,21.79,0.0,0,Grocery,5,2.0,42,2,16,Mobile,Debit Card,9.25,20,3,363,26.99,0.1779,Neutral,Inactive User
AMZ-103545,28,Non-Binary,Middle East,2022,3,Non-Prime,Silver,2,0.79,0.4,50.0,1,Sports,2,2.4,31,0,15,Tablet,Net Banking,4.36,20,2,367,0.79,0.623,Neutral,Inactive User
AMZ-103546,20,Female,North America,2023,2,Prime,Gold,16,534.62,33.41,31.25,5,Books,1,3.6,36,31,227,Tablet,Gift Card,29.75,0,4,718,682.76,0.2594,Neutral,Bargain Hunter
AMZ-103547,70,Female,North America,2019,6,Non-Prime,Gold,17,5957.61,350.45,23.53,4,Beauty,9,4.3,5,13,117,Desktop,UPI,34.44,36,0,216,6721.44,0.0134,Very Satisfied,Premium Spender
AMZ-103548,53,Non-Binary,Latin America,2017,8,Prime,Diamond,27,644.52,23.87,14.81,4,Sports,2,3.0,25,37,157,Smart TV,Amazon Pay,54.95,19,0,61,889.57,0.9533,Satisfied,Bargain Hunter
AMZ-103549,49,Male,South Asia,2022,3,Prime,Silver,9,509.0,56.56,11.11,1,Books,4,3.2,42,14,12,Smart TV,UPI,39.61,38,1,536,746.14,0.2273,Satisfied,Occasional Buyer
AMZ-103550,38,Female,Southeast Asia,2021,4,Prime,Diamond,3,365.99,122.0,66.67,2,Automotive,2,2.3,20,8,39,Alexa,Amazon Pay,18.09,16,4,517,468.37,0.323,Dissatisfied,Occasional Buyer
AMZ-103551,51,Non-Binary,North America,2021,4,Prime,Diamond,10,708.18,70.82,70.0,7,Books,3,3.9,22,38,92,Smart TV,UPI,32.11,4,4,609,764.47,0.8911,Neutral,Bargain Hunter
AMZ-103552,33,Non-Binary,Latin America,2020,5,Non-Prime,Gold,4,90.76,22.69,25.0,1,Automotive,3,2.0,49,2,5,Mobile,Gift Card,9.35,4,0,387,98.39,0.5451,Neutral,Inactive User
AMZ-103553,34,Female,Middle East,2022,3,Prime,Diamond,15,762.67,50.84,26.67,4,Grocery,4,3.7,3,56,212,Smart TV,Credit Card,54.54,30,1,360,1029.35,0.6599,Neutral,Bargain Hunter
AMZ-103554,25,Non-Binary,Southeast Asia,2018,7,Prime,Diamond,8,137.43,17.18,25.0,2,Beauty,7,2.6,18,73,119,Alexa,Net Banking,30.93,35,3,409,166.67,0.3274,Dissatisfied,Bargain Hunter
AMZ-103555,25,Non-Binary,South Asia,2018,7,Prime,Diamond,4,45.21,11.3,25.0,1,Books,5,2.9,33,1,0,Smart TV,Cash on Delivery,14.41,35,3,361,48.24,0.631,Dissatisfied,Inactive User
AMZ-103556,20,Female,East Asia,2015,10,Prime,Platinum,8,285.81,35.73,87.5,7,Grocery,9,2.7,36,44,179,Desktop,Amazon Pay,9.65,26,4,406,381.94,0.8302,Dissatisfied,Bargain Hunter
AMZ-103557,65,Female,Latin America,2016,9,Non-Prime,Silver,43,3205.07,74.54,2.33,1,Office,2,3.8,7,35,66,Tablet,Gift Card,13.52,29,4,108,4353.81,0.4199,Satisfied,Loyal Shopper
AMZ-103558,46,Non-Binary,South Asia,2016,9,Non-Prime,Platinum,8,509.96,63.74,12.5,1,Home & Kitchen,8,2.8,20,10,13,Tablet,Debit Card,46.2,21,0,417,559.41,0.4882,Dissatisfied,Occasional Buyer
AMZ-103559,37,Female,South Asia,2019,6,Prime,Diamond,51,3336.24,65.42,0.0,0,Clothing,2,4.5,13,29,135,Mobile,Gift Card,17.63,29,4,688,4385.16,0.8502,Very Satisfied,Loyal Shopper
AMZ-103560,56,Non-Binary,North America,2021,4,Prime,Platinum,17,4452.97,261.94,11.76,2,Grocery,4,3.3,29,11,42,Tablet,Gift Card,36.53,13,3,350,6096.32,0.7939,Neutral,Premium Spender
AMZ-103561,67,Female,Middle East,2016,9,Prime,Silver,26,13180.29,506.93,11.54,3,Home & Kitchen,4,4.7,3,29,67,Mobile,Debit Card,36.2,0,4,393,13250.61,0.2807,Very Satisfied,Premium Spender
AMZ-103562,59,Male,South Asia,2020,5,Prime,Gold,2,39.23,19.61,0.0,0,Automotive,3,2.7,20,0,11,Smart TV,Gift Card,20.98,14,3,274,45.58,0.0126,Very Dissatisfied,Inactive User
AMZ-103563,34,Non-Binary,South Asia,2019,6,Prime,Platinum,4,22.44,5.61,25.0,1,Books,8,1.7,30,4,8,Tablet,Cash on Delivery,63.92,10,4,433,30.03,0.751,Neutral,Inactive User
AMZ-103564,63,Female,South Asia,2017,8,Non-Prime,Platinum,16,518.17,32.39,37.5,6,Sports,8,3.7,0,60,110,Smart TV,Credit Card,42.61,27,1,450,536.73,0.3338,Neutral,Bargain Hunter
AMZ-103565,38,Non-Binary,Southeast Asia,2019,6,Prime,Silver,40,4759.68,118.99,0.0,0,Grocery,8,4.9,25,44,111,Alexa,Gift Card,14.69,8,1,245,6419.19,0.5206,Very Satisfied,Loyal Shopper
AMZ-103566,26,Non-Binary,Southeast Asia,2017,8,Prime,Gold,40,2968.21,74.21,0.0,0,Automotive,3,3.9,30,22,163,Smart TV,Gift Card,77.67,38,4,40,4002.63,0.5596,Very Satisfied,Loyal Shopper
AMZ-103567,53,Male,North America,2018,7,Non-Prime,Platinum,15,7613.94,507.6,20.0,3,Clothing,8,3.8,38,21,63,Tablet,Debit Card,3.62,39,2,390,11348.9,0.822,Very Satisfied,Premium Spender
AMZ-103568,60,Non-Binary,Southeast Asia,2017,8,Prime,Silver,47,10916.39,232.26,0.0,0,Office,2,4.2,2,29,94,Mobile,Credit Card,11.92,38,2,592,10980.51,0.1224,Very Satisfied,Premium Spender
AMZ-103569,70,Male,North America,2019,6,Prime,Gold,19,11078.81,583.1,21.05,4,Sports,5,4.1,14,26,50,Desktop,Debit Card,13.05,31,1,551,15571.87,0.6398,Satisfied,Premium Spender
AMZ-103570,24,Female,Southeast Asia,2019,6,Prime,Silver,9,95.95,10.66,0.0,0,Beauty,4,3.0,10,6,31,Smart TV,Cash on Delivery,72.78,26,3,446,98.51,0.314,Satisfied,Occasional Buyer
AMZ-103571,34,Male,East Asia,2016,9,Non-Prime,Diamond,31,7103.33,229.14,12.9,4,Books,3,4.5,40,21,117,Alexa,UPI,19.1,29,3,701,7745.64,0.163,Neutral,Premium Spender
AMZ-103572,58,Female,Europe,2018,7,Non-Prime,Diamond,43,12059.15,280.45,9.3,4,Beauty,4,4.2,33,21,101,Smart TV,Gift Card,22.1,9,0,170,16464.54,0.3193,Satisfied,Premium Spender
AMZ-103573,30,Female,North America,2019,6,Non-Prime,Diamond,31,11620.06,374.84,0.0,0,Grocery,9,3.3,12,29,59,Desktop,Debit Card,44.74,29,4,679,13447.74,0.8447,Neutral,Premium Spender
AMZ-103574,64,Male,North America,2021,4,Non-Prime,Platinum,12,313.43,26.12,0.0,0,Clothing,1,2.3,46,1,22,Desktop,Cash on Delivery,4.0,12,1,317,321.48,0.6669,Dissatisfied,Occasional Buyer
AMZ-103575,29,Non-Binary,Southeast Asia,2016,9,Non-Prime,Platinum,7,408.83,58.4,0.0,0,Home & Kitchen,1,3.6,1,14,16,Smart TV,UPI,41.8,27,3,93,518.14,0.2036,Neutral,Occasional Buyer
AMZ-103576,56,Male,East Asia,2015,10,Prime,Silver,59,2883.06,48.87,1.69,1,Sports,9,3.7,2,18,159,Desktop,UPI,43.36,23,3,432,3616.55,0.8989,Very Satisfied,Loyal Shopper
AMZ-103577,48,Male,Europe,2023,2,Non-Prime,Platinum,24,725.12,30.21,37.5,9,Automotive,4,3.0,32,73,187,Desktop,Gift Card,50.88,20,1,12,913.14,0.4766,Satisfied,Bargain Hunter
AMZ-103578,22,Female,Southeast Asia,2015,10,Non-Prime,Silver,12,478.55,39.88,75.0,9,Books,4,4.4,35,43,160,Tablet,Credit Card,61.58,32,4,215,660.39,0.1738,Neutral,Bargain Hunter
AMZ-103579,44,Male,Southeast Asia,2020,5,Non-Prime,Gold,9,155.64,17.29,22.22,2,Toys,8,3.1,27,70,94,Mobile,Credit Card,56.48,11,4,199,209.43,0.8865,Neutral,Bargain Hunter
AMZ-103580,60,Male,Southeast Asia,2019,6,Prime,Gold,1,30.32,30.32,0.0,0,Sports,1,1.3,46,3,11,Smart TV,Amazon Pay,17.34,18,4,235,41.86,0.8051,Dissatisfied,Inactive User
AMZ-103581,63,Non-Binary,East Asia,2022,3,Prime,Gold,2,1.62,0.81,0.0,0,Beauty,2,1.5,23,1,5,Tablet,UPI,78.47,37,2,161,2.1,0.5094,Very Dissatisfied,Inactive User
AMZ-103582,34,Male,Europe,2019,6,Prime,Silver,3,1.62,0.54,0.0,0,Office,3,2.1,37,3,11,Desktop,Credit Card,50.64,34,2,309,1.72,0.2105,Neutral,Inactive User
AMZ-103583,51,Female,Southeast Asia,2018,7,Non-Prime,Silver,5,451.22,90.24,40.0,2,Sports,3,2.9,18,13,48,Smart TV,Debit Card,79.44,25,4,26,551.18,0.4041,Satisfied,Occasional Buyer
AMZ-103584,40,Non-Binary,Southeast Asia,2021,4,Prime,Gold,3,21.12,7.04,33.33,1,Clothing,1,2.6,42,0,13,Mobile,Debit Card,21.06,13,0,171,22.36,0.3845,Very Dissatisfied,Inactive User
AMZ-103585,33,Non-Binary,South Asia,2021,4,Non-Prime,Diamond,21,150.32,7.16,14.29,3,Toys,3,3.1,36,87,119,Tablet,Debit Card,31.01,38,0,688,201.54,0.0497,Satisfied,Bargain Hunter
AMZ-103586,46,Female,Southeast Asia,2016,9,Non-Prime,Platinum,1,96.0,96.0,0.0,0,Sports,3,1.7,30,2,9,Alexa,Debit Card,0.76,14,0,567,105.55,0.1357,Dissatisfied,Inactive User
AMZ-103587,31,Male,Europe,2017,8,Prime,Silver,35,12822.94,366.37,2.86,1,Electronics,5,3.2,16,14,53,Desktop,Credit Card,31.67,27,2,589,14964.77,0.4609,Very Satisfied,Premium Spender
AMZ-103588,43,Non-Binary,North America,2019,6,Prime,Platinum,1,44.67,44.67,100.0,1,Toys,2,2.4,1,2,13,Mobile,Amazon Pay,5.68,35,2,240,55.35,0.6447,Very Dissatisfied,Inactive User
AMZ-103589,33,Male,Middle East,2019,6,Prime,Platinum,5,752.93,150.59,180.0,9,Home & Kitchen,6,3.9,47,93,104,Desktop,Gift Card,70.61,14,2,658,963.78,0.1928,Dissatisfied,Bargain Hunter
AMZ-103590,58,Non-Binary,South Asia,2021,4,Non-Prime,Silver,7,730.64,104.38,85.71,6,Home & Kitchen,3,4.5,7,35,124,Desktop,Amazon Pay,67.24,15,2,418,962.16,0.3126,Satisfied,Bargain Hunter
AMZ-103591,33,Male,Southeast Asia,2020,5,Non-Prime,Gold,46,3828.84,83.24,4.35,2,Electronics,7,4.7,30,6,106,Mobile,Credit Card,61.07,29,2,377,5420.94,0.4403,Very Satisfied,Premium Spender
AMZ-103592,43,Male,Middle East,2017,8,Prime,Gold,8,749.62,93.7,62.5,5,Books,7,3.4,12,72,212,Alexa,Gift Card,26.22,12,2,259,907.48,0.1609,Dissatisfied,Bargain Hunter
AMZ-103593,60,Non-Binary,North America,2018,7,Prime,Silver,4,53.66,13.41,0.0,0,Clothing,1,2.2,0,0,14,Alexa,Net Banking,68.3,22,3,297,62.74,0.3661,Dissatisfied,Inactive User
AMZ-103594,45,Non-Binary,Europe,2022,3,Prime,Platinum,76,1913.26,25.17,1.32,1,Grocery,1,3.9,33,34,63,Alexa,Cash on Delivery,63.21,20,2,213,2168.87,0.8474,Satisfied,Loyal Shopper
AMZ-103595,58,Non-Binary,Latin America,2020,5,Prime,Silver,43,4403.29,102.4,4.65,2,Sports,7,3.9,35,36,165,Desktop,Net Banking,33.23,26,4,185,5581.97,0.059,Very Satisfied,Loyal Shopper
AMZ-103596,21,Female,North America,2023,2,Prime,Diamond,41,3321.45,81.01,2.44,1,Toys,1,3.2,18,14,97,Desktop,UPI,62.82,30,1,40,4130.16,0.2374,Neutral,Premium Spender
AMZ-103597,57,Male,South Asia,2021,4,Prime,Diamond,16,356.34,22.27,31.25,5,Grocery,4,2.7,45,51,197,Mobile,Amazon Pay,65.1,27,0,539,383.77,0.1928,Dissatisfied,Bargain Hunter
AMZ-103598,41,Female,Latin America,2019,6,Prime,Diamond,3,33.77,11.26,33.33,1,Electronics,6,1.9,15,0,12,Tablet,Net Banking,78.08,12,3,716,45.73,0.0091,Very Dissatisfied,Inactive User
AMZ-103599,19,Male,North America,2016,9,Prime,Gold,52,2701.72,51.96,3.85,2,Home & Kitchen,9,3.8,1,39,62,Mobile,Cash on Delivery,65.51,35,0,621,3595.92,0.3167,Very Satisfied,Loyal Shopper
AMZ-103600,58,Female,South Asia,2019,6,Non-Prime,Diamond,1,53.55,53.55,0.0,0,Office,6,2.5,23,0,15,Alexa,Amazon Pay,45.14,0,3,655,60.43,0.4691,Very Dissatisfied,Inactive User
AMZ-103601,47,Non-Binary,Middle East,2018,7,Prime,Platinum,74,2430.34,32.84,0.0,0,Clothing,2,4.6,4,47,126,Smart TV,UPI,13.3,19,2,337,2775.36,0.605,Very Satisfied,Loyal Shopper
AMZ-103602,50,Female,Latin America,2021,4,Prime,Silver,74,4378.44,59.17,0.0,0,Books,1,4.6,18,18,154,Smart TV,Cash on Delivery,64.35,11,4,689,5898.9,0.7264,Satisfied,Loyal Shopper
AMZ-103603,20,Female,Latin America,2015,10,Prime,Diamond,28,5427.5,193.84,0.0,0,Automotive,7,3.8,20,14,48,Smart TV,Cash on Delivery,15.93,7,3,349,5788.76,0.3538,Neutral,Premium Spender
AMZ-103604,28,Female,South Asia,2017,8,Prime,Platinum,57,2071.88,36.35,1.75,1,Electronics,8,4.0,31,20,154,Mobile,Net Banking,60.6,25,0,576,2534.12,0.5381,Very Satisfied,Loyal Shopper
AMZ-103605,61,Male,Southeast Asia,2016,9,Prime,Gold,36,13501.07,375.03,11.11,4,Office,3,4.1,11,9,68,Desktop,Debit Card,66.01,19,1,135,16948.17,0.1885,Very Satisfied,Premium Spender
AMZ-103606,50,Female,Southeast Asia,2020,5,Non-Prime,Silver,22,3171.37,144.15,4.55,1,Office,3,4.8,10,18,77,Desktop,Gift Card,64.5,22,0,120,3607.58,0.9216,Neutral,Premium Spender
AMZ-103607,23,Female,East Asia,2022,3,Prime,Gold,17,11214.15,659.66,11.76,2,Clothing,5,3.2,7,21,102,Alexa,Net Banking,62.08,34,2,367,15502.67,0.4744,Satisfied,Premium Spender
AMZ-103608,51,Non-Binary,Middle East,2019,6,Non-Prime,Silver,0,98.03,98.03,100.0,1,Automotive,9,1.5,46,3,16,Tablet,UPI,33.01,30,4,594,140.38,0.0958,Neutral,Inactive User
AMZ-103609,47,Female,Middle East,2022,3,Non-Prime,Silver,1,50.56,50.56,100.0,1,Clothing,5,1.5,36,0,14,Tablet,Amazon Pay,34.46,9,1,157,72.83,0.4148,Dissatisfied,Inactive User
AMZ-103610,19,Female,Southeast Asia,2016,9,Prime,Diamond,1,72.86,72.86,0.0,0,Beauty,7,1.2,42,3,17,Alexa,Cash on Delivery,9.39,19,3,504,98.27,0.7835,Very Dissatisfied,Inactive User
AMZ-103611,26,Female,North America,2021,4,Non-Prime,Gold,30,11863.82,395.46,3.33,1,Grocery,8,4.3,6,13,69,Tablet,Net Banking,47.82,16,3,148,13502.73,0.5481,Neutral,Premium Spender
AMZ-103612,24,Female,North America,2020,5,Prime,Platinum,1,21.88,21.88,0.0,0,Books,8,1.4,13,3,0,Smart TV,Credit Card,62.71,6,0,134,30.77,0.0216,Dissatisfied,Inactive User
AMZ-103613,65,Female,Middle East,2016,9,Non-Prime,Gold,28,3955.14,141.25,7.14,2,Office,3,4.8,48,27,104,Mobile,Cash on Delivery,43.6,3,0,394,4927.56,0.7181,Neutral,Premium Spender
AMZ-103614,45,Female,Europe,2017,8,Prime,Diamond,73,1829.81,25.07,0.0,0,Books,2,3.6,33,27,151,Mobile,Cash on Delivery,55.59,29,1,559,2327.39,0.7596,Satisfied,Loyal Shopper
AMZ-103615,68,Female,North America,2015,10,Prime,Platinum,3,247.89,82.63,0.0,0,Electronics,1,2.7,37,11,38,Mobile,Net Banking,72.26,32,3,469,289.67,0.0551,Satisfied,Occasional Buyer
AMZ-103616,37,Female,Europe,2023,2,Non-Prime,Gold,3,88.46,29.49,33.33,1,Grocery,9,2.9,46,0,6,Smart TV,UPI,54.78,37,2,392,118.81,0.2994,Dissatisfied,Inactive User
AMZ-103617,52,Non-Binary,Southeast Asia,2020,5,Prime,Gold,40,14011.79,350.29,7.5,3,Electronics,2,4.9,45,14,111,Desktop,UPI,45.0,20,1,488,15305.69,0.7954,Neutral,Premium Spender
AMZ-103618,67,Male,North America,2022,3,Non-Prime,Gold,77,3026.65,39.31,1.3,1,Beauty,4,4.5,7,29,105,Mobile,Credit Card,26.81,14,1,67,3255.48,0.2829,Very Satisfied,Loyal Shopper
AMZ-103619,38,Non-Binary,North America,2017,8,Prime,Platinum,1,64.05,64.05,0.0,0,Clothing,3,1.7,46,2,5,Alexa,Cash on Delivery,29.14,33,2,652,90.08,0.5842,Very Dissatisfied,Inactive User
AMZ-103620,66,Non-Binary,Latin America,2015,10,Non-Prime,Platinum,25,246.15,9.85,16.0,4,Clothing,2,4.0,1,38,100,Desktop,Debit Card,3.58,37,2,727,315.01,0.1139,Satisfied,Bargain Hunter
AMZ-103621,61,Female,Middle East,2016,9,Prime,Silver,33,2899.98,87.88,6.06,2,Grocery,7,3.5,11,20,152,Mobile,Gift Card,42.89,30,3,380,3585.87,0.3009,Very Satisfied,Loyal Shopper
AMZ-103622,49,Male,East Asia,2020,5,Prime,Gold,36,3144.28,87.34,0.0,0,Electronics,1,4.5,20,34,153,Desktop,Cash on Delivery,38.76,0,4,256,4407.39,0.1672,Very Satisfied,Loyal Shopper
AMZ-103623,66,Female,Latin America,2016,9,Non-Prime,Diamond,3,460.96,153.65,33.33,1,Clothing,1,2.2,27,2,34,Tablet,Net Banking,71.38,20,4,605,481.59,0.8853,Neutral,Occasional Buyer
AMZ-103624,62,Female,South Asia,2018,7,Prime,Platinum,4,26.71,6.68,25.0,1,Electronics,4,1.8,49,0,4,Tablet,Gift Card,4.1,27,0,609,33.16,0.1691,Very Dissatisfied,Inactive User
AMZ-103625,20,Female,Europe,2019,6,Prime,Platinum,7,569.93,81.42,100.0,7,Toys,4,3.6,23,88,165,Smart TV,Amazon Pay,4.42,30,0,681,763.16,0.0027,Dissatisfied,Bargain Hunter
AMZ-103626,54,Female,Middle East,2019,6,Prime,Gold,27,116.12,4.3,22.22,6,Beauty,6,3.7,9,76,198,Tablet,Amazon Pay,60.03,25,1,56,159.84,0.7845,Dissatisfied,Bargain Hunter
AMZ-103627,25,Female,Europe,2015,10,Non-Prime,Silver,12,146.03,12.17,16.67,2,Sports,3,3.3,35,19,39,Smart TV,Net Banking,51.76,4,3,289,202.41,0.0175,Neutral,Occasional Buyer
AMZ-103628,50,Non-Binary,Latin America,2017,8,Prime,Platinum,38,4883.24,128.51,0.0,0,Grocery,1,3.9,25,12,63,Desktop,Net Banking,5.29,14,0,17,7244.07,0.6574,Very Satisfied,Premium Spender
AMZ-103629,59,Male,East Asia,2017,8,Prime,Gold,9,418.69,46.52,33.33,3,Beauty,6,3.2,28,17,36,Alexa,Gift Card,78.89,39,3,499,605.9,0.5674,Satisfied,Occasional Buyer
AMZ-103630,28,Female,South Asia,2022,3,Prime,Diamond,44,951.42,21.62,4.55,2,Sports,5,4.7,15,28,93,Alexa,Amazon Pay,76.37,30,4,26,1114.97,0.9151,Satisfied,Loyal Shopper
AMZ-103631,35,Male,East Asia,2019,6,Non-Prime,Diamond,45,2879.47,63.99,2.22,1,Automotive,5,4.2,24,40,102,Tablet,UPI,39.85,10,0,324,3802.97,0.5279,Very Satisfied,Loyal Shopper
AMZ-103632,40,Non-Binary,Middle East,2023,2,Prime,Gold,38,8625.43,226.99,2.63,1,Clothing,2,4.4,45,29,90,Smart TV,Cash on Delivery,26.35,12,0,525,12920.74,0.99,Satisfied,Premium Spender
AMZ-103633,68,Male,Latin America,2015,10,Non-Prime,Platinum,0,26.73,26.73,0.0,0,Sports,6,2.5,46,2,19,Desktop,Cash on Delivery,51.24,27,2,630,38.73,0.245,Neutral,Inactive User
AMZ-103634,44,Non-Binary,Europe,2020,5,Non-Prime,Silver,45,12875.22,286.12,8.89,4,Beauty,1,3.7,31,23,42,Mobile,Cash on Delivery,45.9,36,2,53,17585.74,0.3506,Very Satisfied,Premium Spender
AMZ-103635,50,Male,Europe,2016,9,Non-Prime,Silver,13,477.66,36.74,7.69,1,Office,4,2.1,36,11,51,Desktop,UPI,12.02,25,3,74,612.01,0.2431,Dissatisfied,Occasional Buyer
AMZ-103636,18,Female,South Asia,2022,3,Non-Prime,Silver,7,365.51,52.22,28.57,2,Electronics,8,3.9,16,14,22,Smart TV,Debit Card,55.29,12,2,122,401.39,0.1142,Dissatisfied,Occasional Buyer
AMZ-103637,34,Non-Binary,East Asia,2016,9,Prime,Silver,10,392.82,39.28,30.0,3,Automotive,7,3.1,13,6,43,Smart TV,Debit Card,27.03,11,1,512,566.94,0.5183,Neutral,Occasional Buyer
AMZ-103638,49,Non-Binary,Europe,2021,4,Prime,Platinum,35,3441.88,98.34,5.71,2,Electronics,8,4.1,46,17,88,Desktop,UPI,49.07,19,0,577,3825.6,0.7528,Satisfied,Premium Spender
AMZ-103639,27,Female,South Asia,2018,7,Prime,Platinum,9,308.66,34.3,77.78,7,Books,1,3.2,6,98,132,Tablet,Credit Card,15.2,25,2,120,324.93,0.4988,Neutral,Bargain Hunter
AMZ-103640,54,Female,Europe,2017,8,Prime,Gold,34,3318.73,97.61,2.94,1,Grocery,7,4.4,44,45,148,Mobile,Amazon Pay,38.54,18,4,233,4572.86,0.703,Very Satisfied,Loyal Shopper
AMZ-103641,29,Male,North America,2018,7,Prime,Diamond,55,4899.3,89.08,1.82,1,Office,9,4.6,18,34,90,Tablet,Cash on Delivery,21.22,8,0,565,5020.9,0.8759,Satisfied,Loyal Shopper
AMZ-103642,49,Female,Middle East,2017,8,Prime,Gold,69,937.71,13.59,2.9,2,Books,6,4.8,48,15,114,Mobile,Credit Card,67.79,30,3,655,1096.38,0.629,Very Satisfied,Loyal Shopper
AMZ-103643,38,Non-Binary,Europe,2023,2,Non-Prime,Silver,77,4988.3,64.78,0.0,0,Sports,9,4.1,38,26,139,Desktop,Gift Card,53.94,9,0,436,6415.76,0.4513,Very Satisfied,Loyal Shopper
AMZ-103644,71,Female,East Asia,2017,8,Prime,Gold,5,355.24,71.05,40.0,2,Grocery,1,2.5,15,1,17,Smart TV,Cash on Delivery,54.5,15,4,313,529.91,0.8161,Neutral,Occasional Buyer
AMZ-103645,55,Non-Binary,Europe,2021,4,Prime,Silver,22,5548.39,252.2,13.64,3,Grocery,2,3.9,42,28,72,Tablet,Gift Card,46.43,16,0,385,7563.54,0.5013,Satisfied,Premium Spender
AMZ-103646,57,Non-Binary,Latin America,2020,5,Non-Prime,Platinum,36,3953.23,109.81,5.56,2,Beauty,5,3.9,8,38,99,Tablet,Amazon Pay,43.16,32,1,144,4221.82,0.8781,Very Satisfied,Loyal Shopper
AMZ-103647,45,Non-Binary,East Asia,2017,8,Prime,Silver,11,382.12,34.74,45.45,5,Office,6,3.5,40,44,150,Mobile,UPI,18.08,13,4,304,419.02,0.0938,Satisfied,Bargain Hunter
AMZ-103648,63,Male,North America,2020,5,Prime,Platinum,30,4721.45,157.38,3.33,1,Beauty,4,4.3,37,48,129,Tablet,Amazon Pay,60.98,12,0,75,5248.56,0.1215,Satisfied,Loyal Shopper
AMZ-103649,23,Non-Binary,North America,2020,5,Prime,Gold,51,2241.16,43.94,0.0,0,Automotive,6,4.7,41,27,129,Desktop,UPI,31.55,11,0,467,2944.95,0.2054,Satisfied,Loyal Shopper
AMZ-103650,53,Female,South Asia,2016,9,Prime,Diamond,19,345.12,18.16,36.84,7,Sports,7,3.7,23,71,123,Smart TV,Credit Card,68.76,12,0,617,501.81,0.9877,Satisfied,Bargain Hunter
AMZ-103651,28,Non-Binary,Europe,2017,8,Prime,Platinum,35,3010.32,86.01,5.71,2,Toys,5,5.0,42,42,71,Desktop,Cash on Delivery,3.78,26,3,55,3139.41,0.7949,Very Satisfied,Loyal Shopper
AMZ-103652,55,Male,South Asia,2016,9,Prime,Silver,30,6011.16,200.37,6.67,2,Grocery,1,4.3,25,23,54,Tablet,UPI,63.69,28,4,95,6064.46,0.5854,Neutral,Premium Spender
AMZ-103653,20,Non-Binary,Southeast Asia,2017,8,Prime,Gold,20,155.38,7.77,30.0,6,Electronics,5,3.3,33,50,201,Alexa,UPI,10.53,35,1,514,178.44,0.9345,Dissatisfied,Bargain Hunter
AMZ-103654,70,Non-Binary,South Asia,2016,9,Prime,Diamond,26,769.14,29.58,11.54,3,Home & Kitchen,2,4.2,21,81,198,Mobile,Cash on Delivery,51.85,24,1,328,965.26,0.0385,Satisfied,Bargain Hunter
AMZ-103655,70,Male,Southeast Asia,2017,8,Non-Prime,Diamond,76,4564.86,60.06,2.63,2,Electronics,3,4.4,42,17,167,Tablet,Amazon Pay,69.54,16,0,294,4780.63,0.4569,Satisfied,Loyal Shopper
AMZ-103656,19,Female,Latin America,2020,5,Non-Prime,Gold,20,742.78,37.14,40.0,8,Clothing,1,2.9,43,21,99,Smart TV,Gift Card,32.57,35,1,284,1033.17,0.0093,Dissatisfied,Bargain Hunter
AMZ-103657,62,Male,East Asia,2017,8,Prime,Platinum,42,2003.55,47.7,4.76,2,Home & Kitchen,1,4.5,33,10,168,Alexa,UPI,52.93,24,0,393,2357.33,0.0513,Very Satisfied,Loyal Shopper
AMZ-103658,46,Female,Middle East,2022,3,Prime,Silver,1,22.91,22.91,0.0,0,Sports,9,2.1,27,3,5,Desktop,Credit Card,28.83,9,1,284,29.5,0.9701,Dissatisfied,Inactive User
AMZ-103659,20,Non-Binary,East Asia,2016,9,Prime,Diamond,26,3209.8,123.45,0.0,0,Sports,1,4.6,34,37,144,Tablet,Credit Card,78.84,16,3,465,3311.73,0.7465,Satisfied,Loyal Shopper
AMZ-103660,33,Non-Binary,South Asia,2015,10,Prime,Gold,36,4557.69,126.6,5.56,2,Sports,9,4.5,11,47,84,Desktop,Gift Card,5.65,6,0,0,5209.61,0.5723,Very Satisfied,Loyal Shopper
AMZ-103661,59,Female,Southeast Asia,2019,6,Prime,Gold,3,444.61,148.2,100.0,3,Office,4,2.6,22,4,53,Alexa,Credit Card,52.7,10,0,52,584.1,0.0556,Dissatisfied,Occasional Buyer
AMZ-103662,35,Female,Europe,2018,7,Non-Prime,Silver,24,319.68,13.32,25.0,6,Sports,9,2.7,47,34,141,Tablet,Debit Card,4.94,26,1,713,388.65,0.3539,Dissatisfied,Bargain Hunter
AMZ-103663,67,Non-Binary,South Asia,2019,6,Non-Prime,Platinum,19,660.6,34.77,42.11,8,Home & Kitchen,3,4.4,38,54,148,Smart TV,UPI,48.2,20,1,722,736.54,0.4635,Dissatisfied,Bargain Hunter
AMZ-103664,44,Male,North America,2016,9,Non-Prime,Gold,13,118.24,9.1,0.0,0,Office,8,3.1,37,1,15,Smart TV,Gift Card,55.83,25,4,521,144.71,0.7007,Neutral,Occasional Buyer
AMZ-103665,51,Non-Binary,North America,2020,5,Prime,Silver,27,705.98,26.15,22.22,6,Toys,1,4.2,36,27,228,Desktop,Net Banking,66.89,9,3,216,1022.53,0.6281,Dissatisfied,Bargain Hunter
AMZ-103666,47,Non-Binary,Southeast Asia,2020,5,Non-Prime,Gold,4,35.23,8.81,0.0,0,Toys,9,1.6,35,1,18,Tablet,Cash on Delivery,78.67,3,3,589,45.67,0.6384,Dissatisfied,Inactive User
AMZ-103667,21,Male,East Asia,2020,5,Prime,Silver,11,550.28,50.03,45.45,5,Toys,8,3.2,45,79,99,Desktop,Net Banking,18.81,14,4,651,739.22,0.4126,Satisfied,Bargain Hunter
AMZ-103668,54,Non-Binary,North America,2021,4,Non-Prime,Diamond,4,74.52,18.63,0.0,0,Home & Kitchen,7,2.8,26,3,10,Alexa,Debit Card,52.34,19,1,387,86.33,0.6669,Dissatisfied,Inactive User
AMZ-103669,54,Non-Binary,Middle East,2022,3,Prime,Diamond,68,3541.7,52.08,0.0,0,Office,7,4.7,23,41,153,Mobile,Cash on Delivery,30.78,30,3,717,4008.31,0.9715,Very Satisfied,Loyal Shopper
AMZ-103670,69,Male,Latin America,2018,7,Prime,Diamond,1,406.35,406.35,200.0,2,Automotive,8,3.8,5,1,21,Mobile,Cash on Delivery,35.82,12,3,637,506.46,0.5249,Dissatisfied,Occasional Buyer
AMZ-103671,19,Male,Middle East,2022,3,Non-Prime,Diamond,22,751.83,34.17,36.36,8,Automotive,8,2.9,18,35,194,Mobile,Gift Card,70.78,14,3,426,970.83,0.7649,Satisfied,Bargain Hunter
AMZ-103672,60,Non-Binary,Latin America,2022,3,Non-Prime,Silver,8,394.83,49.35,12.5,1,Beauty,6,3.7,8,12,51,Desktop,Credit Card,16.18,32,0,338,462.77,0.4284,Dissatisfied,Occasional Buyer
AMZ-103673,39,Female,North America,2023,2,Prime,Gold,10,91.74,9.17,10.0,1,Electronics,4,2.7,44,2,16,Desktop,Cash on Delivery,58.6,2,0,440,106.32,0.2365,Dissatisfied,Occasional Buyer
AMZ-103674,62,Non-Binary,South Asia,2016,9,Non-Prime,Diamond,33,12928.6,391.78,12.12,4,Grocery,9,3.3,25,23,85,Alexa,Credit Card,26.49,31,0,70,14449.3,0.9502,Very Satisfied,Premium Spender
AMZ-103675,43,Non-Binary,Europe,2020,5,Prime,Gold,50,3727.98,74.56,0.0,0,Office,3,4.0,20,37,173,Tablet,UPI,48.83,15,0,691,5323.71,0.1746,Satisfied,Loyal Shopper
AMZ-103676,18,Female,North America,2022,3,Prime,Silver,28,10777.73,384.92,7.14,2,Sports,7,4.5,12,28,66,Mobile,UPI,3.71,35,3,260,10926.98,0.7942,Neutral,Premium Spender
AMZ-103677,19,Female,Latin America,2019,6,Non-Prime,Diamond,43,4374.75,101.74,0.0,0,Beauty,4,4.4,49,26,87,Tablet,Net Banking,75.57,38,0,163,6175.35,0.6288,Satisfied,Loyal Shopper
AMZ-103678,21,Non-Binary,Latin America,2022,3,Prime,Gold,22,121.0,5.5,9.09,2,Toys,4,3.8,42,57,204,Alexa,UPI,17.35,7,4,365,147.63,0.4799,Dissatisfied,Bargain Hunter
AMZ-103679,70,Male,South Asia,2021,4,Non-Prime,Gold,14,554.19,39.59,21.43,3,Automotive,7,4.0,37,98,164,Desktop,Credit Card,50.68,0,4,96,687.12,0.6452,Neutral,Bargain Hunter
AMZ-103680,44,Male,South Asia,2017,8,Prime,Platinum,21,699.49,33.31,42.86,9,Toys,9,3.8,20,90,106,Mobile,Credit Card,29.77,28,1,628,821.29,0.0194,Satisfied,Bargain Hunter
AMZ-103681,54,Male,South Asia,2020,5,Prime,Silver,0,12.05,12.05,0.0,0,Home & Kitchen,8,1.5,43,0,7,Alexa,Net Banking,20.54,24,0,59,16.65,0.1902,Very Dissatisfied,Inactive User
AMZ-103682,67,Female,East Asia,2023,2,Prime,Gold,4,72.58,18.14,25.0,1,Electronics,3,2.8,45,4,14,Alexa,Net Banking,50.8,17,0,408,94.54,0.8589,Dissatisfied,Inactive User
AMZ-103683,29,Non-Binary,Southeast Asia,2019,6,Non-Prime,Silver,74,3182.46,43.01,2.7,2,Toys,3,4.3,8,33,164,Desktop,Gift Card,45.9,31,0,210,4181.14,0.0567,Very Satisfied,Loyal Shopper
AMZ-103684,71,Non-Binary,Middle East,2022,3,Non-Prime,Silver,22,289.37,13.15,22.73,5,Automotive,2,4.2,44,39,180,Desktop,Net Banking,59.49,30,4,511,317.35,0.7222,Neutral,Bargain Hunter
AMZ-103685,35,Male,Southeast Asia,2023,2,Non-Prime,Platinum,23,12737.93,553.82,8.7,2,Automotive,6,4.6,29,22,101,Smart TV,Gift Card,23.52,21,4,358,17177.16,0.2708,Very Satisfied,Premium Spender
AMZ-103686,46,Male,North America,2022,3,Prime,Gold,33,837.36,25.37,6.06,2,Books,4,4.1,29,33,76,Tablet,Net Banking,68.0,34,4,174,943.34,0.5152,Very Satisfied,Loyal Shopper
AMZ-103687,33,Female,North America,2023,2,Prime,Silver,12,775.41,64.62,33.33,4,Toys,1,2.9,16,99,172,Desktop,Amazon Pay,63.11,34,0,304,1148.71,0.2748,Neutral,Bargain Hunter
AMZ-103688,34,Male,East Asia,2019,6,Non-Prime,Platinum,3,8.8,2.93,33.33,1,Books,4,2.9,15,0,17,Desktop,Debit Card,31.12,33,3,381,9.14,0.6733,Very Dissatisfied,Inactive User
AMZ-103689,35,Non-Binary,Europe,2018,7,Prime,Silver,39,13674.35,350.62,0.0,0,Office,7,4.8,39,14,117,Mobile,UPI,28.51,38,0,569,14456.98,0.6841,Satisfied,Premium Spender
AMZ-103690,62,Female,Europe,2017,8,Prime,Platinum,13,200.78,15.44,15.38,2,Toys,6,3.3,40,6,22,Alexa,Gift Card,38.85,2,2,602,236.84,0.2205,Satisfied,Occasional Buyer
AMZ-103691,24,Female,Europe,2018,7,Prime,Silver,75,1662.96,22.17,2.67,2,Office,4,3.8,4,14,161,Desktop,Gift Card,30.99,26,4,410,1992.73,0.2374,Satisfied,Loyal Shopper
AMZ-103692,63,Male,South Asia,2017,8,Prime,Diamond,48,7513.91,156.54,6.25,3,Books,2,3.5,20,6,73,Alexa,UPI,46.55,39,3,163,8045.59,0.0982,Neutral,Premium Spender
AMZ-103693,18,Female,South Asia,2017,8,Non-Prime,Platinum,24,6674.26,278.09,4.17,1,Toys,1,4.7,10,17,98,Mobile,Debit Card,41.27,33,2,512,9219.61,0.2375,Satisfied,Premium Spender
AMZ-103694,51,Female,Middle East,2020,5,Prime,Silver,46,9235.11,200.76,8.7,4,Beauty,2,4.7,43,14,114,Tablet,Gift Card,46.09,24,3,177,10128.99,0.3358,Neutral,Premium Spender
AMZ-103695,68,Male,South Asia,2020,5,Non-Prime,Diamond,74,2966.74,40.09,2.7,2,Sports,2,3.9,5,31,111,Mobile,Debit Card,29.15,25,2,704,3592.57,0.1136,Satisfied,Loyal Shopper
AMZ-103696,34,Non-Binary,Latin America,2020,5,Non-Prime,Platinum,60,2724.51,45.41,1.67,1,Toys,9,3.7,16,27,63,Mobile,Amazon Pay,2.46,7,4,654,3011.33,0.247,Very Satisfied,Loyal Shopper
AMZ-103697,21,Female,South Asia,2020,5,Prime,Diamond,14,555.09,39.65,14.29,2,Home & Kitchen,5,2.4,1,2,44,Desktop,Credit Card,24.95,34,0,94,743.36,0.9313,Dissatisfied,Occasional Buyer
AMZ-103698,46,Male,North America,2015,10,Prime,Diamond,4,484.28,121.07,50.0,2,Books,8,3.5,33,17,55,Tablet,Debit Card,59.22,13,1,553,597.35,0.5205,Satisfied,Occasional Buyer
AMZ-103699,46,Male,Europe,2021,4,Non-Prime,Gold,11,769.9,69.99,45.45,5,Books,6,3.0,30,20,228,Alexa,Gift Card,17.69,17,2,620,941.36,0.8395,Satisfied,Bargain Hunter
AMZ-103700,21,Female,South Asia,2023,2,Prime,Platinum,1,75.56,75.56,0.0,0,Automotive,8,1.3,12,4,16,Mobile,Cash on Delivery,71.89,8,1,240,86.31,0.1996,Neutral,Inactive User
AMZ-103701,60,Female,Southeast Asia,2019,6,Non-Prime,Diamond,14,235.84,16.85,14.29,2,Office,7,2.2,23,15,13,Alexa,Gift Card,55.63,8,4,449,307.79,0.8959,Dissatisfied,Occasional Buyer
AMZ-103702,30,Female,Middle East,2019,6,Non-Prime,Gold,9,214.69,23.85,88.89,8,Electronics,3,4.3,8,27,201,Mobile,Amazon Pay,56.73,39,0,202,288.45,0.3611,Neutral,Bargain Hunter
AMZ-103703,29,Female,Latin America,2016,9,Non-Prime,Gold,3,83.58,27.86,0.0,0,Toys,2,2.4,46,4,4,Desktop,Net Banking,9.45,31,2,240,106.85,0.945,Dissatisfied,Inactive User
AMZ-103704,70,Non-Binary,South Asia,2019,6,Non-Prime,Gold,19,760.89,40.05,36.84,7,Office,5,4.1,29,78,98,Mobile,Net Banking,43.71,15,1,120,886.11,0.5871,Satisfied,Bargain Hunter
AMZ-103705,50,Male,Southeast Asia,2017,8,Prime,Gold,72,3877.81,53.86,0.0,0,Sports,2,3.7,3,30,151,Mobile,Credit Card,21.02,24,3,1,4828.47,0.8088,Satisfied,Loyal Shopper
AMZ-103706,53,Female,Latin America,2021,4,Non-Prime,Gold,5,56.72,11.34,0.0,0,Office,2,2.6,23,5,53,Mobile,Credit Card,22.21,15,1,592,66.33,0.8292,Neutral,Occasional Buyer
AMZ-103707,65,Male,South Asia,2018,7,Non-Prime,Gold,3,9.32,3.11,33.33,1,Sports,2,1.7,35,3,7,Smart TV,Credit Card,39.65,10,2,258,13.62,0.3929,Very Dissatisfied,Inactive User
AMZ-103708,57,Male,North America,2015,10,Non-Prime,Silver,4,84.2,21.05,25.0,1,Automotive,2,2.0,43,4,17,Alexa,Cash on Delivery,40.76,19,3,352,101.55,0.161,Dissatisfied,Inactive User
AMZ-103709,31,Male,East Asia,2017,8,Prime,Platinum,42,12083.74,287.71,4.76,2,Automotive,2,4.7,5,26,70,Alexa,UPI,21.66,8,0,424,17633.45,0.5137,Very Satisfied,Premium Spender
AMZ-103710,56,Female,East Asia,2020,5,Non-Prime,Diamond,3,9.46,3.15,33.33,1,Sports,9,1.2,36,2,16,Alexa,UPI,69.09,34,2,591,13.46,0.9276,Neutral,Inactive User
AMZ-103711,29,Non-Binary,North America,2017,8,Prime,Gold,47,3568.29,75.92,4.26,2,Clothing,5,4.7,11,15,57,Mobile,Gift Card,77.18,10,0,174,3794.97,0.3911,Very Satisfied,Premium Spender
AMZ-103712,47,Female,Middle East,2021,4,Prime,Platinum,22,633.18,28.78,9.09,2,Toys,4,2.8,34,98,171,Tablet,UPI,48.07,2,2,585,728.07,0.8376,Neutral,Bargain Hunter
AMZ-103713,58,Non-Binary,Middle East,2017,8,Non-Prime,Silver,22,175.39,7.97,40.91,9,Electronics,7,2.7,15,72,92,Smart TV,Credit Card,65.0,0,0,46,236.92,0.738,Dissatisfied,Bargain Hunter
AMZ-103714,47,Non-Binary,East Asia,2023,2,Non-Prime,Platinum,37,3630.99,98.13,0.0,0,Toys,3,3.3,44,5,89,Desktop,Credit Card,27.06,25,1,321,3803.4,0.8518,Satisfied,Premium Spender
AMZ-103715,29,Male,South Asia,2020,5,Non-Prime,Diamond,16,10407.92,650.5,0.0,0,Beauty,5,3.4,15,28,96,Tablet,Gift Card,65.45,2,0,402,15240.85,0.3587,Satisfied,Premium Spender
AMZ-103716,32,Male,Southeast Asia,2018,7,Non-Prime,Platinum,74,1444.83,19.52,2.7,2,Office,6,4.7,31,34,136,Smart TV,Debit Card,8.72,34,0,587,1842.32,0.6177,Satisfied,Loyal Shopper
AMZ-103717,32,Non-Binary,North America,2015,10,Prime,Gold,45,14679.11,326.2,0.0,0,Grocery,5,4.5,38,8,108,Alexa,Net Banking,62.91,37,4,535,21943.05,0.5934,Very Satisfied,Premium Spender
AMZ-103718,35,Male,Southeast Asia,2018,7,Non-Prime,Gold,4,45.36,11.34,0.0,0,Electronics,9,2.4,1,2,17,Mobile,Cash on Delivery,70.97,27,3,428,64.29,0.4684,Neutral,Inactive User
AMZ-103719,58,Female,North America,2018,7,Prime,Diamond,49,4957.19,101.17,2.04,1,Beauty,2,4.1,29,33,162,Desktop,Cash on Delivery,15.4,37,3,35,7253.35,0.7143,Very Satisfied,Loyal Shopper
AMZ-103720,40,Female,South Asia,2017,8,Non-Prime,Gold,23,1718.52,74.72,8.7,2,Toys,7,3.8,9,30,116,Mobile,Cash on Delivery,19.64,24,1,87,2021.35,0.0663,Very Satisfied,Loyal Shopper
AMZ-103721,31,Female,Middle East,2022,3,Non-Prime,Platinum,33,2367.89,71.75,3.03,1,Sports,4,4.6,27,39,130,Alexa,Credit Card,31.06,3,3,322,3076.88,0.253,Very Satisfied,Loyal Shopper
AMZ-103722,60,Non-Binary,Middle East,2021,4,Prime,Gold,17,185.76,10.93,29.41,5,Automotive,9,3.5,3,74,102,Desktop,UPI,36.58,30,2,227,192.7,0.1361,Satisfied,Bargain Hunter
AMZ-103723,61,Female,Europe,2022,3,Non-Prime,Platinum,2,505.95,252.97,150.0,3,Grocery,4,2.3,6,8,28,Desktop,Amazon Pay,30.74,21,1,389,716.47,0.2774,Satisfied,Occasional Buyer
AMZ-103724,31,Non-Binary,Middle East,2020,5,Non-Prime,Silver,26,7161.82,275.45,15.38,4,Clothing,2,3.1,12,17,78,Smart TV,Cash on Delivery,11.25,39,0,600,8880.31,0.111,Satisfied,Premium Spender
AMZ-103725,27,Male,Middle East,2018,7,Non-Prime,Gold,10,319.77,31.98,30.0,3,Clothing,2,3.7,20,10,58,Tablet,Cash on Delivery,46.32,26,0,323,346.0,0.0072,Satisfied,Occasional Buyer
AMZ-103726,63,Female,East Asia,2017,8,Prime,Silver,6,292.48,48.75,0.0,0,Office,2,3.6,3,17,26,Desktop,Amazon Pay,21.98,17,1,315,338.85,0.9215,Neutral,Occasional Buyer
AMZ-103727,36,Non-Binary,Latin America,2020,5,Prime,Diamond,3,20.04,6.68,33.33,1,Toys,9,2.0,40,4,7,Desktop,Credit Card,52.71,12,1,373,27.01,0.7306,Dissatisfied,Inactive User
AMZ-103728,31,Female,East Asia,2023,2,Prime,Silver,26,4499.59,173.06,0.0,0,Grocery,7,4.3,11,14,73,Smart TV,Debit Card,55.88,19,4,273,5991.98,0.9309,Very Satisfied,Loyal Shopper
AMZ-103729,60,Female,Europe,2020,5,Prime,Silver,1,0.76,0.76,0.0,0,Home & Kitchen,3,1.5,5,3,14,Alexa,Amazon Pay,3.1,7,4,656,0.91,0.337,Neutral,Inactive User
AMZ-103730,35,Male,Europe,2019,6,Prime,Gold,4,378.47,94.62,25.0,1,Electronics,9,2.8,49,4,22,Alexa,Debit Card,1.22,21,3,663,386.64,0.86,Neutral,Occasional Buyer
AMZ-103731,42,Non-Binary,Southeast Asia,2021,4,Non-Prime,Platinum,26,793.75,30.53,7.69,2,Office,5,3.6,37,57,155,Mobile,Net Banking,35.81,37,2,368,995.01,0.0032,Satisfied,Bargain Hunter
AMZ-103732,38,Non-Binary,Latin America,2023,2,Prime,Platinum,0,95.54,95.54,0.0,0,Office,3,2.1,33,3,3,Alexa,Gift Card,56.28,34,2,288,104.33,0.6852,Very Dissatisfied,Inactive User
AMZ-103733,30,Non-Binary,North America,2017,8,Non-Prime,Gold,20,3131.15,156.56,10.0,2,Books,4,4.0,27,46,70,Smart TV,Gift Card,43.59,33,3,572,3981.56,0.5119,Satisfied,Loyal Shopper
AMZ-103734,40,Non-Binary,East Asia,2018,7,Prime,Diamond,56,2882.79,51.48,3.57,2,Toys,8,4.2,15,24,104,Alexa,Credit Card,17.75,9,1,401,3497.37,0.4329,Satisfied,Loyal Shopper
AMZ-103735,35,Male,Middle East,2020,5,Prime,Gold,24,634.98,26.46,20.83,5,Toys,8,3.3,29,59,112,Smart TV,Credit Card,5.44,38,0,512,948.19,0.2164,Neutral,Bargain Hunter
AMZ-103736,62,Male,North America,2016,9,Prime,Gold,34,9775.45,287.51,2.94,1,Sports,7,4.7,1,23,53,Mobile,Net Banking,26.98,27,1,336,10434.56,0.0345,Very Satisfied,Premium Spender
AMZ-103737,40,Male,Latin America,2020,5,Prime,Gold,28,4174.01,149.07,3.57,1,Sports,4,4.3,41,27,86,Mobile,Net Banking,9.33,4,2,472,5952.23,0.5819,Satisfied,Loyal Shopper
AMZ-103738,66,Non-Binary,South Asia,2021,4,Prime,Diamond,4,70.93,17.73,25.0,1,Home & Kitchen,4,2.7,30,0,16,Desktop,Net Banking,47.33,9,4,329,75.33,0.0893,Neutral,Inactive User
AMZ-103739,41,Female,Europe,2018,7,Prime,Silver,50,3499.17,69.98,2.0,1,Grocery,3,4.7,6,20,67,Mobile,Net Banking,76.57,5,3,356,4381.01,0.1287,Satisfied,Loyal Shopper
AMZ-103740,32,Female,South Asia,2023,2,Prime,Platinum,11,315.6,28.69,18.18,2,Clothing,7,3.5,5,8,17,Mobile,Debit Card,48.55,7,2,574,356.36,0.9855,Dissatisfied,Occasional Buyer
AMZ-103741,50,Female,North America,2021,4,Non-Prime,Platinum,8,382.2,47.77,0.0,0,Automotive,5,3.3,10,18,19,Smart TV,Amazon Pay,63.07,1,0,378,558.41,0.2113,Neutral,Occasional Buyer
AMZ-103742,41,Non-Binary,Latin America,2017,8,Non-Prime,Diamond,17,426.92,25.11,35.29,6,Books,7,2.6,3,38,144,Tablet,Gift Card,45.56,34,2,554,523.32,0.6337,Neutral,Bargain Hunter
AMZ-103743,25,Non-Binary,East Asia,2015,10,Non-Prime,Platinum,5,491.75,98.35,0.0,0,Books,4,3.1,36,3,28,Tablet,Gift Card,18.17,16,4,76,504.58,0.7004,Neutral,Occasional Buyer
AMZ-103744,46,Non-Binary,Middle East,2015,10,Non-Prime,Silver,6,256.07,42.68,50.0,3,Home & Kitchen,7,2.7,0,16,29,Smart TV,Credit Card,10.12,31,2,13,264.12,0.8667,Neutral,Occasional Buyer
AMZ-103745,18,Non-Binary,South Asia,2023,2,Prime,Platinum,14,263.74,18.84,14.29,2,Books,1,3.1,45,12,20,Alexa,Credit Card,72.41,1,3,565,378.21,0.9763,Dissatisfied,Occasional Buyer
AMZ-103746,40,Female,East Asia,2015,10,Prime,Silver,0,80.31,80.31,0.0,0,Electronics,9,1.7,28,2,15,Desktop,Amazon Pay,9.96,15,3,531,86.45,0.1949,Dissatisfied,Inactive User
AMZ-103747,24,Non-Binary,Europe,2016,9,Prime,Gold,16,12312.16,769.51,0.0,0,Electronics,2,4.8,6,19,107,Desktop,Debit Card,67.96,32,1,209,18129.32,0.3562,Neutral,Premium Spender
AMZ-103748,24,Non-Binary,Southeast Asia,2022,3,Prime,Diamond,39,8679.28,222.55,2.56,1,Office,7,4.7,35,25,98,Desktop,Cash on Delivery,52.4,32,4,284,10001.02,0.5966,Neutral,Premium Spender
AMZ-103749,29,Male,South Asia,2018,7,Non-Prime,Diamond,70,3139.63,44.85,1.43,1,Books,9,4.8,23,20,82,Alexa,Amazon Pay,6.91,8,0,581,3803.62,0.7006,Satisfied,Loyal Shopper
AMZ-103750,36,Non-Binary,East Asia,2022,3,Non-Prime,Gold,8,516.56,64.57,75.0,6,Office,9,4.1,9,27,136,Mobile,Cash on Delivery,45.95,22,2,582,637.14,0.4464,Neutral,Bargain Hunter
AMZ-103751,39,Female,South Asia,2017,8,Prime,Gold,1,17.55,17.55,0.0,0,Sports,6,1.1,35,3,8,Mobile,Gift Card,53.72,17,0,26,19.88,0.4952,Dissatisfied,Inactive User
AMZ-103752,42,Male,Middle East,2020,5,Non-Prime,Gold,27,5387.04,199.52,0.0,0,Sports,1,4.7,26,20,95,Smart TV,Debit Card,48.83,35,3,372,7748.75,0.572,Very Satisfied,Premium Spender
AMZ-103753,69,Non-Binary,Middle East,2018,7,Non-Prime,Gold,36,3768.63,104.68,2.78,1,Home & Kitchen,6,4.3,3,44,119,Tablet,Debit Card,24.49,20,0,650,4221.77,0.2706,Satisfied,Loyal Shopper
AMZ-103754,53,Male,Latin America,2015,10,Non-Prime,Diamond,36,7733.95,214.83,11.11,4,Toys,5,3.6,30,21,72,Alexa,Amazon Pay,54.47,20,4,549,8138.48,0.7103,Neutral,Premium Spender
AMZ-103755,47,Female,East Asia,2023,2,Prime,Platinum,22,162.33,7.38,31.82,7,Clothing,8,3.9,29,91,179,Tablet,Debit Card,64.22,8,0,626,208.8,0.6463,Dissatisfied,Bargain Hunter
AMZ-103756,48,Female,Middle East,2019,6,Prime,Platinum,4,12.57,3.14,25.0,1,Beauty,4,1.5,19,1,11,Mobile,Gift Card,77.56,35,4,709,15.0,0.3488,Dissatisfied,Inactive User
AMZ-103757,64,Female,East Asia,2015,10,Prime,Platinum,2,313.18,156.59,100.0,2,Clothing,8,3.6,39,16,55,Alexa,Net Banking,27.47,11,4,667,420.06,0.431,Neutral,Occasional Buyer
AMZ-103758,31,Female,Middle East,2020,5,Prime,Diamond,1,89.84,89.84,100.0,1,Electronics,1,2.3,16,0,1,Desktop,UPI,69.23,12,2,87,123.35,0.165,Neutral,Inactive User
AMZ-103759,45,Female,Europe,2017,8,Prime,Gold,44,3450.12,78.41,2.27,1,Beauty,3,3.6,11,16,82,Alexa,Credit Card,36.51,25,2,575,3892.66,0.3875,Very Satisfied,Premium Spender
AMZ-103760,23,Female,North America,2020,5,Prime,Diamond,24,3617.76,150.74,4.17,1,Books,3,3.1,40,12,46,Alexa,UPI,5.83,4,2,624,5331.49,0.262,Neutral,Premium Spender
AMZ-103761,38,Male,East Asia,2018,7,Non-Prime,Platinum,68,4428.7,65.13,0.0,0,Sports,5,3.7,36,40,60,Desktop,UPI,35.35,4,3,662,4431.26,0.7859,Very Satisfied,Loyal Shopper
AMZ-103762,25,Male,Europe,2019,6,Prime,Diamond,2,51.03,25.52,50.0,1,Toys,2,2.6,29,0,5,Alexa,Gift Card,19.12,24,3,649,69.36,0.2601,Very Dissatisfied,Inactive User
AMZ-103763,33,Non-Binary,Middle East,2021,4,Non-Prime,Platinum,45,8018.32,178.18,8.89,4,Automotive,6,4.9,8,6,60,Mobile,Gift Card,19.36,12,4,393,8635.89,0.7845,Neutral,Premium Spender
AMZ-103764,19,Non-Binary,East Asia,2016,9,Non-Prime,Silver,5,395.03,79.01,140.0,7,Toys,1,3.5,48,30,165,Alexa,Credit Card,70.98,35,2,266,423.91,0.3409,Satisfied,Bargain Hunter
AMZ-103765,63,Non-Binary,Southeast Asia,2019,6,Prime,Silver,10,688.31,68.83,90.0,9,Electronics,9,3.0,12,96,106,Desktop,Cash on Delivery,77.82,32,0,689,940.28,0.6573,Satisfied,Bargain Hunter
AMZ-103766,55,Non-Binary,Southeast Asia,2018,7,Prime,Platinum,1,51.81,51.81,100.0,1,Toys,3,3.0,40,1,9,Smart TV,Cash on Delivery,3.71,31,2,708,63.9,0.3018,Very Dissatisfied,Inactive User
AMZ-103767,53,Female,Latin America,2021,4,Prime,Silver,6,114.36,19.06,16.67,1,Beauty,8,2.0,7,14,11,Mobile,UPI,16.54,3,1,575,143.82,0.7437,Dissatisfied,Occasional Buyer
AMZ-103768,64,Male,Latin America,2017,8,Prime,Diamond,1,35.2,35.2,100.0,1,Automotive,8,1.2,45,4,0,Tablet,Amazon Pay,16.67,11,0,657,39.07,0.8063,Very Dissatisfied,Inactive User
AMZ-103769,32,Non-Binary,South Asia,2017,8,Prime,Platinum,3,39.13,13.04,33.33,1,Home & Kitchen,5,1.4,36,2,10,Tablet,UPI,37.21,4,0,381,47.14,0.1811,Neutral,Inactive User
AMZ-103770,57,Non-Binary,Europe,2023,2,Prime,Platinum,39,10723.52,274.96,7.69,3,Beauty,4,3.8,5,26,105,Mobile,Net Banking,48.62,24,1,298,11004.12,0.1926,Very Satisfied,Premium Spender
AMZ-103771,38,Female,East Asia,2022,3,Non-Prime,Gold,8,406.43,50.8,0.0,0,Automotive,5,2.8,33,11,42,Tablet,Amazon Pay,30.77,31,1,523,505.15,0.0345,Dissatisfied,Occasional Buyer
AMZ-103772,30,Non-Binary,Latin America,2023,2,Prime,Gold,16,290.93,18.18,37.5,6,Grocery,9,4.4,5,93,217,Smart TV,Credit Card,39.33,27,3,424,381.96,0.6003,Neutral,Bargain Hunter
AMZ-103773,25,Non-Binary,Middle East,2015,10,Prime,Platinum,38,4221.45,111.09,2.63,1,Automotive,5,3.6,9,13,111,Mobile,Amazon Pay,5.41,13,2,538,5289.57,0.6931,Very Satisfied,Premium Spender
AMZ-103774,47,Female,North America,2021,4,Non-Prime,Gold,9,448.81,49.87,44.44,4,Grocery,9,4.1,9,99,149,Tablet,Cash on Delivery,75.39,10,3,106,515.8,0.2566,Neutral,Bargain Hunter
AMZ-103775,23,Non-Binary,South Asia,2016,9,Prime,Platinum,37,11488.46,310.5,10.81,4,Grocery,6,3.7,28,5,83,Mobile,Net Banking,62.13,10,0,251,14525.5,0.6769,Neutral,Premium Spender
AMZ-103776,63,Non-Binary,Latin America,2020,5,Prime,Gold,38,4930.26,129.74,2.63,1,Toys,7,3.2,3,19,99,Alexa,Cash on Delivery,64.3,29,2,462,5342.83,0.2761,Satisfied,Premium Spender
AMZ-103777,32,Female,South Asia,2018,7,Prime,Platinum,16,556.96,34.81,50.0,8,Home & Kitchen,9,3.3,24,39,119,Mobile,Net Banking,39.71,25,4,125,712.58,0.9703,Dissatisfied,Bargain Hunter
AMZ-103778,33,Male,East Asia,2021,4,Prime,Diamond,17,649.92,38.23,29.41,5,Grocery,5,3.6,38,97,221,Alexa,Gift Card,37.79,29,0,567,877.17,0.9942,Neutral,Bargain Hunter
AMZ-103779,48,Male,East Asia,2017,8,Non-Prime,Gold,2,93.61,46.8,0.0,0,Electronics,5,2.7,34,3,13,Tablet,Net Banking,67.22,11,1,83,120.02,0.2068,Very Dissatisfied,Inactive User
AMZ-103780,62,Male,East Asia,2019,6,Non-Prime,Diamond,2,71.44,35.72,0.0,0,Automotive,4,2.0,44,4,10,Tablet,UPI,55.14,13,4,27,103.09,0.0348,Very Dissatisfied,Inactive User
AMZ-103781,36,Male,South Asia,2017,8,Prime,Platinum,43,4265.66,99.2,2.33,1,Toys,1,5.0,7,6,45,Desktop,Credit Card,12.39,36,0,399,5290.74,0.2622,Neutral,Premium Spender
AMZ-103782,46,Male,Europe,2017,8,Prime,Platinum,30,1570.6,52.35,6.67,2,Home & Kitchen,9,4.0,1,46,153,Alexa,Amazon Pay,12.47,30,4,84,2149.26,0.2662,Satisfied,Loyal Shopper
AMZ-103783,42,Non-Binary,Southeast Asia,2015,10,Non-Prime,Gold,44,12220.0,277.73,2.27,1,Home & Kitchen,6,3.3,4,16,96,Mobile,UPI,73.27,38,2,440,17050.06,0.6959,Very Satisfied,Premium Spender
AMZ-103784,37,Male,South Asia,2016,9,Prime,Platinum,10,246.35,24.63,20.0,2,Automotive,4,2.6,36,49,114,Smart TV,Credit Card,62.47,26,2,259,333.68,0.4769,Dissatisfied,Bargain Hunter
AMZ-103785,63,Non-Binary,North America,2016,9,Prime,Gold,41,9376.75,228.7,7.32,3,Books,5,3.3,22,27,74,Smart TV,Amazon Pay,75.53,0,2,727,11094.71,0.3441,Very Satisfied,Premium Spender
AMZ-103786,56,Female,Southeast Asia,2019,6,Prime,Gold,4,493.32,123.33,25.0,1,Toys,5,2.4,44,8,15,Desktop,Gift Card,27.69,29,1,330,518.13,0.4965,Dissatisfied,Occasional Buyer
AMZ-103787,61,Female,Middle East,2021,4,Prime,Silver,38,829.14,21.82,0.0,0,Grocery,3,4.7,26,24,143,Alexa,UPI,44.58,25,2,24,1036.93,0.0675,Satisfied,Loyal Shopper
AMZ-103788,29,Female,Europe,2020,5,Prime,Platinum,3,0.53,0.18,33.33,1,Office,6,1.5,5,0,11,Tablet,Net Banking,38.23,18,3,505,0.69,0.3905,Very Dissatisfied,Inactive User
AMZ-103789,64,Male,Europe,2016,9,Non-Prime,Platinum,1,210.43,210.43,100.0,1,Clothing,2,3.9,24,19,23,Alexa,Amazon Pay,65.52,24,3,458,295.26,0.5425,Satisfied,Occasional Buyer
AMZ-103790,65,Non-Binary,Southeast Asia,2021,4,Prime,Silver,57,2619.15,45.95,1.75,1,Home & Kitchen,7,3.9,49,24,134,Smart TV,Gift Card,30.11,13,0,347,3537.49,0.3272,Satisfied,Loyal Shopper
AMZ-103791,59,Non-Binary,Southeast Asia,2023,2,Prime,Silver,32,11441.35,357.54,3.12,1,Sports,2,4.0,13,25,96,Desktop,Credit Card,37.01,33,4,70,16133.1,0.0402,Neutral,Premium Spender
AMZ-103792,19,Female,Europe,2023,2,Prime,Platinum,21,4842.24,230.58,19.05,4,Office,3,4.2,8,6,67,Smart TV,Amazon Pay,7.99,31,4,139,6981.28,0.2985,Neutral,Premium Spender
AMZ-103793,71,Male,North America,2022,3,Prime,Diamond,57,4666.28,81.86,0.0,0,Home & Kitchen,7,3.7,9,46,114,Desktop,Credit Card,9.71,26,2,687,5967.86,0.0861,Satisfied,Loyal Shopper
AMZ-103794,18,Male,East Asia,2020,5,Prime,Silver,1,72.17,72.17,100.0,1,Office,6,2.0,5,1,15,Tablet,Net Banking,9.66,8,3,218,98.31,0.3715,Neutral,Inactive User
AMZ-103795,39,Female,Southeast Asia,2017,8,Prime,Gold,22,558.03,25.36,9.09,2,Home & Kitchen,6,3.8,23,30,215,Tablet,Net Banking,52.93,35,0,446,703.49,0.6968,Satisfied,Bargain Hunter
AMZ-103796,27,Male,Middle East,2021,4,Prime,Diamond,3,386.41,128.8,100.0,3,Beauty,8,3.4,35,8,57,Desktop,Amazon Pay,37.98,4,3,64,407.88,0.9622,Dissatisfied,Occasional Buyer
AMZ-103797,54,Non-Binary,South Asia,2017,8,Prime,Diamond,27,4021.37,148.94,3.7,1,Electronics,7,3.7,27,42,99,Mobile,Cash on Delivery,68.48,32,4,546,4968.76,0.6108,Very Satisfied,Loyal Shopper
AMZ-103798,45,Female,North America,2018,7,Non-Prime,Silver,21,788.66,37.56,9.52,2,Books,9,3.9,8,67,165,Mobile,Net Banking,28.38,22,2,64,857.09,0.7883,Satisfied,Bargain Hunter
AMZ-103799,42,Non-Binary,East Asia,2021,4,Non-Prime,Platinum,32,1842.29,57.57,6.25,2,Toys,8,3.7,1,41,173,Mobile,Credit Card,71.09,32,0,302,2487.6,0.2307,Satisfied,Loyal Shopper
AMZ-103800,52,Non-Binary,Middle East,2016,9,Non-Prime,Diamond,1,7.93,7.93,100.0,1,Beauty,5,1.7,17,0,10,Mobile,Credit Card,3.04,13,2,723,8.99,0.8087,Neutral,Inactive User
AMZ-103801,61,Non-Binary,Europe,2019,6,Non-Prime,Gold,3,71.15,23.72,0.0,0,Automotive,4,1.7,24,1,0,Tablet,Gift Card,67.81,39,2,207,100.52,0.0362,Dissatisfied,Inactive User
AMZ-103802,45,Female,Latin America,2023,2,Prime,Diamond,49,10415.12,212.55,8.16,4,Automotive,3,4.9,37,5,109,Smart TV,Credit Card,0.13,39,3,197,14417.15,0.1041,Satisfied,Premium Spender
AMZ-103803,58,Non-Binary,Southeast Asia,2018,7,Non-Prime,Diamond,3,13.15,4.38,33.33,1,Electronics,7,1.4,22,4,2,Tablet,Net Banking,40.63,33,0,35,15.91,0.5397,Neutral,Inactive User
AMZ-103804,24,Non-Binary,Southeast Asia,2023,2,Prime,Diamond,42,5915.73,140.85,7.14,3,Grocery,2,4.3,46,23,40,Desktop,Net Banking,53.42,17,3,305,6152.12,0.1903,Very Satisfied,Premium Spender
AMZ-103805,44,Non-Binary,Europe,2020,5,Non-Prime,Gold,4,33.01,8.25,25.0,1,Beauty,3,1.2,48,0,10,Smart TV,Amazon Pay,39.38,0,3,493,48.94,0.0803,Dissatisfied,Inactive User
AMZ-103806,49,Female,North America,2017,8,Non-Prime,Silver,1,87.05,87.05,100.0,1,Sports,8,2.5,18,4,15,Desktop,Net Banking,39.87,31,0,349,112.99,0.2926,Neutral,Inactive User
AMZ-103807,48,Male,Latin America,2020,5,Prime,Gold,72,2926.16,40.64,0.0,0,Automotive,8,4.9,7,43,177,Smart TV,Amazon Pay,13.14,19,4,542,3802.89,0.0587,Very Satisfied,Loyal Shopper
AMZ-103808,41,Female,East Asia,2017,8,Prime,Gold,24,308.11,12.84,12.5,3,Office,9,3.6,49,46,106,Alexa,Gift Card,6.45,17,4,684,362.24,0.8981,Satisfied,Bargain Hunter
AMZ-103809,67,Male,Europe,2015,10,Prime,Platinum,38,1077.67,28.36,0.0,0,Books,3,4.0,17,41,102,Desktop,Credit Card,60.01,39,0,660,1436.53,0.498,Very Satisfied,Loyal Shopper
AMZ-103810,54,Female,North America,2017,8,Prime,Diamond,2,70.83,35.41,0.0,0,Sports,1,2.3,23,1,6,Smart TV,Cash on Delivery,14.27,0,0,190,103.06,0.5594,Very Dissatisfied,Inactive User
AMZ-103811,63,Non-Binary,Middle East,2017,8,Prime,Platinum,79,2582.8,32.69,2.53,2,Automotive,1,4.1,35,20,66,Alexa,Amazon Pay,65.19,4,1,582,3099.75,0.3144,Very Satisfied,Loyal Shopper
AMZ-103812,58,Female,Europe,2016,9,Prime,Gold,20,4759.01,237.95,10.0,2,Electronics,9,4.5,19,39,78,Desktop,Amazon Pay,21.91,11,1,105,5634.94,0.1764,Satisfied,Loyal Shopper
AMZ-103813,67,Female,North America,2022,3,Prime,Gold,1,27.47,27.47,100.0,1,Home & Kitchen,3,2.8,3,2,10,Alexa,Gift Card,21.42,35,1,646,33.72,0.2094,Very Dissatisfied,Inactive User
AMZ-103814,27,Male,Middle East,2021,4,Non-Prime,Diamond,39,1622.63,41.61,0.0,0,Toys,2,4.9,43,46,140,Tablet,Cash on Delivery,10.07,38,2,152,2139.96,0.7679,Satisfied,Loyal Shopper
AMZ-103815,30,Female,North America,2022,3,Prime,Silver,41,3203.62,78.14,7.32,3,Home & Kitchen,5,4.4,2,6,95,Tablet,Credit Card,18.28,22,0,214,3776.77,0.7219,Neutral,Premium Spender
AMZ-103816,36,Male,North America,2018,7,Prime,Platinum,1,16.65,16.65,0.0,0,Grocery,6,1.3,23,0,17,Tablet,Debit Card,71.82,20,4,490,20.79,0.3467,Neutral,Inactive User
AMZ-103817,21,Female,Middle East,2017,8,Prime,Platinum,13,109.05,8.39,23.08,3,Home & Kitchen,2,2.3,10,5,54,Alexa,UPI,30.89,33,2,668,144.78,0.7258,Dissatisfied,Occasional Buyer
AMZ-103818,19,Non-Binary,South Asia,2022,3,Non-Prime,Silver,0,50.19,50.19,0.0,0,Automotive,7,1.5,18,3,11,Alexa,UPI,11.54,18,2,635,56.47,0.3034,Very Dissatisfied,Inactive User
AMZ-103819,56,Non-Binary,East Asia,2017,8,Non-Prime,Silver,7,389.7,55.67,0.0,0,Office,1,2.1,41,15,54,Alexa,Amazon Pay,2.05,29,2,253,493.19,0.1561,Dissatisfied,Occasional Buyer
AMZ-103820,69,Non-Binary,Southeast Asia,2019,6,Prime,Platinum,17,237.9,13.99,41.18,7,Grocery,6,3.2,26,52,127,Mobile,Gift Card,32.27,20,4,674,354.96,0.6,Neutral,Bargain Hunter
AMZ-103821,54,Non-Binary,South Asia,2022,3,Prime,Gold,24,7336.11,305.67,0.0,0,Books,2,4.2,40,23,100,Alexa,Debit Card,46.26,18,3,115,8207.35,0.163,Neutral,Premium Spender
AMZ-103822,47,Non-Binary,North America,2021,4,Non-Prime,Silver,10,182.67,18.27,30.0,3,Electronics,8,2.9,3,18,51,Desktop,UPI,69.98,35,1,353,249.95,0.4187,Satisfied,Occasional Buyer
AMZ-103823,37,Female,South Asia,2021,4,Prime,Gold,9,684.75,76.08,44.44,4,Office,1,3.6,43,30,148,Desktop,Amazon Pay,54.24,35,2,460,935.85,0.0671,Satisfied,Bargain Hunter
AMZ-103824,53,Non-Binary,Middle East,2020,5,Prime,Diamond,71,3352.09,47.21,1.41,1,Home & Kitchen,8,4.0,0,47,71,Mobile,Cash on Delivery,14.83,39,4,415,3889.08,0.6199,Very Satisfied,Loyal Shopper
AMZ-103825,30,Male,South Asia,2021,4,Prime,Platinum,3,59.14,19.71,0.0,0,Clothing,3,2.0,9,2,7,Smart TV,Debit Card,71.32,39,1,365,79.86,0.0276,Neutral,Inactive User
AMZ-103826,50,Male,Europe,2018,7,Non-Prime,Diamond,3,541.07,180.36,100.0,3,Books,3,3.0,23,7,33,Desktop,Debit Card,10.49,1,0,77,706.05,0.7752,Neutral,Occasional Buyer
AMZ-103827,40,Non-Binary,Europe,2020,5,Prime,Gold,8,227.59,28.45,50.0,4,Electronics,7,3.9,43,88,90,Mobile,Amazon Pay,63.32,15,0,118,340.07,0.3984,Satisfied,Bargain Hunter
AMZ-103828,61,Male,North America,2020,5,Prime,Platinum,50,964.75,19.3,0.0,0,Electronics,2,4.8,16,11,174,Smart TV,Gift Card,6.46,19,0,441,1125.32,0.9787,Very Satisfied,Loyal Shopper
AMZ-103829,18,Non-Binary,Latin America,2018,7,Prime,Silver,4,51.52,12.88,0.0,0,Office,6,2.8,39,4,7,Smart TV,Amazon Pay,69.17,31,2,220,71.02,0.1616,Dissatisfied,Inactive User
AMZ-103830,26,Female,Latin America,2017,8,Prime,Platinum,3,14.53,4.84,33.33,1,Automotive,5,1.4,2,3,13,Smart TV,Net Banking,36.28,32,1,620,20.13,0.3168,Neutral,Inactive User
AMZ-103831,20,Non-Binary,East Asia,2023,2,Prime,Platinum,16,14423.72,901.48,25.0,4,Sports,2,3.2,43,22,93,Mobile,Cash on Delivery,28.65,3,3,189,15584.28,0.2153,Satisfied,Premium Spender
AMZ-103832,24,Male,Middle East,2021,4,Non-Prime,Silver,3,76.37,25.46,0.0,0,Clothing,4,2.0,0,3,18,Smart TV,UPI,11.19,21,4,349,79.64,0.6199,Neutral,Inactive User
AMZ-103833,44,Female,South Asia,2018,7,Prime,Diamond,3,21.12,7.04,33.33,1,Sports,3,1.1,33,0,1,Mobile,UPI,16.87,22,0,671,28.45,0.2238,Very Dissatisfied,Inactive User
AMZ-103834,66,Female,North America,2022,3,Non-Prime,Diamond,20,373.49,18.67,30.0,6,Toys,4,2.5,24,27,134,Alexa,Credit Card,17.85,9,0,451,431.91,0.0148,Neutral,Bargain Hunter
AMZ-103835,57,Non-Binary,Latin America,2017,8,Non-Prime,Gold,19,262.71,13.83,47.37,9,Clothing,9,3.6,46,75,237,Tablet,Debit Card,53.64,3,3,434,277.87,0.2081,Neutral,Bargain Hunter
AMZ-103836,29,Non-Binary,South Asia,2023,2,Prime,Gold,14,399.76,28.55,21.43,3,Clothing,5,3.6,8,37,137,Mobile,Net Banking,20.3,25,4,26,413.22,0.7017,Satisfied,Bargain Hunter
AMZ-103837,54,Non-Binary,Southeast Asia,2022,3,Prime,Diamond,33,4427.05,134.15,12.12,4,Office,5,4.2,36,9,90,Alexa,Cash on Delivery,43.1,6,1,285,4502.03,0.3331,Neutral,Premium Spender
AMZ-103838,37,Male,Middle East,2015,10,Prime,Platinum,47,6129.58,130.42,2.13,1,Automotive,5,3.0,46,15,93,Alexa,Cash on Delivery,20.08,30,1,555,9057.46,0.503,Satisfied,Premium Spender
AMZ-103839,31,Male,North America,2019,6,Prime,Gold,26,161.55,6.21,15.38,4,Clothing,8,2.9,28,70,114,Tablet,Gift Card,68.5,35,0,254,185.61,0.3569,Dissatisfied,Bargain Hunter
AMZ-103840,44,Non-Binary,Latin America,2015,10,Prime,Silver,55,2580.09,46.91,3.64,2,Home & Kitchen,3,4.7,12,44,112,Desktop,Debit Card,70.66,18,2,546,3287.15,0.4764,Very Satisfied,Loyal Shopper
AMZ-103841,63,Non-Binary,Latin America,2022,3,Prime,Platinum,11,324.76,29.52,18.18,2,Grocery,3,4.2,23,38,119,Tablet,UPI,12.39,13,0,196,428.48,0.6857,Neutral,Bargain Hunter
AMZ-103842,67,Male,Europe,2015,10,Prime,Diamond,32,12553.01,392.28,0.0,0,Books,5,3.5,38,24,47,Desktop,UPI,3.66,4,2,265,13351.47,0.5653,Very Satisfied,Premium Spender
AMZ-103843,19,Female,Europe,2023,2,Prime,Silver,11,197.8,17.98,18.18,2,Beauty,6,3.1,17,2,47,Alexa,Cash on Delivery,60.14,3,3,296,227.34,0.7238,Neutral,Occasional Buyer
AMZ-103844,38,Male,Latin America,2021,4,Non-Prime,Diamond,28,313.65,11.2,32.14,9,Electronics,5,4.5,34,46,110,Smart TV,Credit Card,58.65,35,1,289,390.28,0.9943,Dissatisfied,Bargain Hunter
AMZ-103845,61,Male,South Asia,2015,10,Prime,Platinum,14,75.0,5.36,7.14,1,Electronics,9,2.5,44,15,28,Smart TV,Cash on Delivery,37.93,20,2,612,91.49,0.5006,Satisfied,Occasional Buyer
AMZ-103846,58,Female,Europe,2020,5,Prime,Diamond,12,241.52,20.13,16.67,2,Office,8,2.4,25,18,21,Tablet,Credit Card,66.95,18,3,154,269.29,0.8062,Dissatisfied,Occasional Buyer
AMZ-103847,19,Female,East Asia,2020,5,Prime,Platinum,4,11.18,2.79,0.0,0,Toys,3,2.9,33,0,10,Smart TV,Net Banking,18.1,23,4,658,11.8,0.88,Dissatisfied,Inactive User
AMZ-103848,58,Male,North America,2020,5,Prime,Platinum,7,136.44,19.49,42.86,3,Beauty,4,3.2,25,14,51,Smart TV,Cash on Delivery,69.38,30,3,167,199.37,0.4825,Neutral,Occasional Buyer
AMZ-103849,70,Non-Binary,Middle East,2023,2,Prime,Diamond,47,2552.37,54.31,0.0,0,Toys,8,5.0,43,24,137,Tablet,Gift Card,3.04,24,0,108,2669.93,0.9606,Very Satisfied,Loyal Shopper
AMZ-103850,26,Male,North America,2023,2,Prime,Diamond,3,19.75,6.58,0.0,0,Electronics,8,1.1,49,2,1,Smart TV,Net Banking,41.15,29,3,281,24.7,0.0255,Neutral,Inactive User
AMZ-103851,35,Non-Binary,North America,2022,3,Prime,Silver,26,1575.41,60.59,0.0,0,Home & Kitchen,1,4.8,1,35,144,Alexa,Gift Card,3.49,14,3,252,1598.92,0.8366,Very Satisfied,Loyal Shopper
AMZ-103852,43,Female,East Asia,2016,9,Non-Prime,Platinum,19,558.46,29.39,26.32,5,Automotive,4,3.9,24,54,195,Mobile,Cash on Delivery,68.27,0,3,436,725.32,0.921,Satisfied,Bargain Hunter
AMZ-103853,36,Male,South Asia,2017,8,Non-Prime,Silver,1,88.76,88.76,100.0,1,Home & Kitchen,4,2.5,41,1,10,Tablet,Credit Card,40.44,6,1,136,108.69,0.6128,Neutral,Inactive User
AMZ-103854,33,Non-Binary,East Asia,2017,8,Prime,Gold,1,447.41,447.41,200.0,2,Grocery,2,2.2,2,5,26,Desktop,Net Banking,38.87,13,0,432,537.1,0.4228,Satisfied,Occasional Buyer
AMZ-103855,43,Female,North America,2023,2,Non-Prime,Silver,3,11.28,3.76,0.0,0,Sports,9,2.4,8,3,1,Smart TV,Cash on Delivery,37.21,0,3,499,13.32,0.9579,Very Dissatisfied,Inactive User
AMZ-103856,28,Male,Europe,2016,9,Prime,Platinum,0,9.09,9.09,100.0,1,Automotive,9,1.1,24,3,2,Desktop,UPI,76.81,31,1,386,10.46,0.4632,Neutral,Inactive User
AMZ-103857,39,Male,Latin America,2016,9,Prime,Diamond,35,1448.53,41.39,2.86,1,Home & Kitchen,9,4.1,4,34,178,Mobile,Cash on Delivery,48.79,9,2,182,1506.98,0.124,Satisfied,Loyal Shopper
AMZ-103858,51,Non-Binary,South Asia,2023,2,Prime,Diamond,2,71.74,35.87,0.0,0,Automotive,8,1.3,20,0,4,Mobile,Cash on Delivery,35.57,22,2,207,107.55,0.9057,Very Dissatisfied,Inactive User
AMZ-103859,56,Non-Binary,East Asia,2016,9,Non-Prime,Diamond,4,46.21,11.55,0.0,0,Grocery,5,2.4,6,2,3,Smart TV,Cash on Delivery,63.87,17,4,373,63.72,0.4573,Very Dissatisfied,Inactive User
AMZ-103860,57,Non-Binary,Latin America,2020,5,Prime,Gold,13,403.81,31.06,15.38,2,Beauty,9,3.9,49,12,48,Alexa,Net Banking,60.75,25,4,431,419.5,0.4666,Dissatisfied,Occasional Buyer
AMZ-103861,64,Non-Binary,South Asia,2021,4,Non-Prime,Silver,45,1507.66,33.5,2.22,1,Books,4,3.7,32,19,101,Alexa,Debit Card,76.64,28,2,721,1701.14,0.6393,Very Satisfied,Loyal Shopper
AMZ-103862,22,Female,South Asia,2018,7,Prime,Diamond,57,3354.37,58.85,0.0,0,Grocery,5,4.4,3,27,177,Alexa,Amazon Pay,47.4,18,2,115,4536.77,0.7553,Very Satisfied,Loyal Shopper
AMZ-103863,71,Non-Binary,Europe,2020,5,Non-Prime,Diamond,34,6315.06,185.74,8.82,3,Automotive,9,4.7,31,10,63,Smart TV,Net Banking,71.36,4,0,569,8096.48,0.6471,Very Satisfied,Premium Spender
AMZ-103864,28,Male,Middle East,2018,7,Prime,Platinum,23,3723.09,161.87,17.39,4,Beauty,5,4.6,41,10,107,Alexa,Debit Card,25.2,24,1,370,4881.66,0.9793,Very Satisfied,Premium Spender
AMZ-103865,67,Non-Binary,Europe,2020,5,Non-Prime,Platinum,44,11974.66,272.15,6.82,3,Office,8,4.3,22,7,84,Smart TV,Amazon Pay,61.21,14,3,251,16387.04,0.8786,Neutral,Premium Spender
AMZ-103866,41,Male,Europe,2016,9,Non-Prime,Gold,62,4697.09,75.76,3.23,2,Books,7,4.6,11,24,173,Smart TV,Amazon Pay,5.54,32,3,236,6300.03,0.0024,Very Satisfied,Loyal Shopper
AMZ-103867,61,Non-Binary,Europe,2017,8,Non-Prime,Gold,11,101.13,9.19,27.27,3,Grocery,1,3.3,3,2,20,Alexa,Gift Card,32.94,2,2,309,117.8,0.8275,Satisfied,Occasional Buyer
AMZ-103868,43,Non-Binary,Southeast Asia,2018,7,Prime,Silver,14,371.06,26.5,0.0,0,Books,8,3.8,23,3,57,Tablet,UPI,51.9,11,4,591,410.3,0.5936,Satisfied,Occasional Buyer
AMZ-103869,64,Male,Southeast Asia,2018,7,Prime,Platinum,47,11707.3,249.09,4.26,2,Books,7,4.6,8,11,61,Mobile,Cash on Delivery,3.18,34,2,219,16059.56,0.0674,Very Satisfied,Premium Spender
AMZ-103870,69,Female,Southeast Asia,2017,8,Prime,Platinum,4,60.29,15.07,0.0,0,Home & Kitchen,4,2.6,31,1,9,Tablet,UPI,44.39,37,0,332,69.8,0.1072,Neutral,Inactive User
AMZ-103871,66,Female,North America,2016,9,Prime,Diamond,36,10345.72,287.38,5.56,2,Sports,9,3.3,34,22,111,Mobile,UPI,26.15,22,3,624,10777.73,0.8617,Neutral,Premium Spender
AMZ-103872,65,Non-Binary,Middle East,2017,8,Prime,Gold,23,6164.01,268.0,4.35,1,Electronics,8,3.7,38,8,117,Mobile,UPI,51.88,14,0,181,6934.72,0.4404,Neutral,Premium Spender
AMZ-103873,64,Non-Binary,Middle East,2019,6,Prime,Silver,26,1674.5,64.4,0.0,0,Books,4,4.8,49,30,69,Smart TV,Cash on Delivery,61.1,39,2,247,1769.63,0.5279,Satisfied,Loyal Shopper
AMZ-103874,47,Male,East Asia,2017,8,Non-Prime,Platinum,56,2506.34,44.76,3.57,2,Office,2,4.0,1,10,66,Smart TV,Net Banking,28.06,12,3,269,3360.89,0.6348,Very Satisfied,Loyal Shopper
AMZ-103875,37,Female,South Asia,2017,8,Prime,Platinum,66,2185.78,33.12,0.0,0,Grocery,5,4.0,19,49,88,Desktop,Amazon Pay,5.66,26,3,113,3240.19,0.4325,Very Satisfied,Loyal Shopper
AMZ-103876,44,Female,Southeast Asia,2017,8,Prime,Silver,2,39.78,19.89,50.0,1,Office,4,2.9,34,0,13,Alexa,Cash on Delivery,42.42,3,0,513,40.86,0.5609,Dissatisfied,Inactive User
AMZ-103877,71,Non-Binary,Latin America,2015,10,Prime,Silver,5,491.99,98.4,60.0,3,Grocery,3,3.2,30,14,20,Mobile,Amazon Pay,62.42,35,0,103,497.7,0.4837,Dissatisfied,Occasional Buyer
AMZ-103878,28,Male,Europe,2019,6,Non-Prime,Silver,27,114.11,4.23,29.63,8,Books,8,3.1,30,97,115,Tablet,Cash on Delivery,18.97,7,2,419,168.61,0.8065,Neutral,Bargain Hunter
AMZ-103879,55,Non-Binary,South Asia,2015,10,Prime,Diamond,73,1031.29,14.13,1.37,1,Toys,2,3.9,25,47,129,Smart TV,Credit Card,75.19,22,1,532,1400.78,0.442,Satisfied,Loyal Shopper
AMZ-103880,22,Female,Europe,2016,9,Prime,Silver,10,312.48,31.25,10.0,1,Beauty,3,2.8,34,4,41,Desktop,UPI,74.81,13,1,165,387.66,0.4826,Dissatisfied,Occasional Buyer
AMZ-103881,58,Male,Middle East,2023,2,Prime,Diamond,22,3059.7,139.08,0.0,0,Sports,3,4.6,11,23,121,Smart TV,Net Banking,12.29,13,4,653,3882.35,0.0384,Satisfied,Loyal Shopper
AMZ-103882,33,Male,North America,2018,7,Non-Prime,Platinum,42,2175.03,51.79,0.0,0,Home & Kitchen,9,4.0,18,35,96,Smart TV,Net Banking,62.76,31,2,111,2797.25,0.1353,Satisfied,Loyal Shopper
AMZ-103883,51,Non-Binary,North America,2016,9,Prime,Gold,14,168.04,12.0,0.0,0,Grocery,6,2.5,41,17,52,Tablet,Gift Card,9.51,7,1,283,168.1,0.1899,Satisfied,Occasional Buyer
AMZ-103884,71,Non-Binary,Latin America,2022,3,Prime,Platinum,29,10598.33,365.46,10.34,3,Electronics,8,3.9,21,25,116,Desktop,Credit Card,41.89,11,3,33,14039.47,0.9284,Very Satisfied,Premium Spender
AMZ-103885,46,Non-Binary,East Asia,2016,9,Non-Prime,Gold,4,201.1,50.27,75.0,3,Grocery,8,2.2,9,15,59,Desktop,Cash on Delivery,54.27,21,1,608,278.13,0.3513,Dissatisfied,Occasional Buyer
AMZ-103886,39,Female,Southeast Asia,2017,8,Prime,Platinum,8,395.7,49.46,87.5,7,Grocery,5,4.4,4,51,119,Desktop,Credit Card,1.97,19,4,94,482.96,0.4345,Dissatisfied,Bargain Hunter
AMZ-103887,33,Male,Southeast Asia,2021,4,Prime,Gold,73,4692.94,64.29,0.0,0,Office,5,4.5,3,21,110,Tablet,Gift Card,43.07,16,3,606,6237.17,0.9038,Satisfied,Loyal Shopper
AMZ-103888,30,Non-Binary,Europe,2019,6,Prime,Diamond,40,7018.24,175.46,5.0,2,Electronics,2,4.9,17,21,110,Smart TV,UPI,55.87,19,3,112,9154.54,0.5965,Very Satisfied,Premium Spender
AMZ-103889,39,Female,East Asia,2023,2,Prime,Silver,3,18.41,6.14,0.0,0,Office,8,1.4,1,3,8,Alexa,Credit Card,12.67,36,4,597,21.22,0.3977,Dissatisfied,Inactive User
AMZ-103890,71,Male,Southeast Asia,2015,10,Prime,Platinum,0,83.44,83.44,100.0,1,Beauty,5,1.8,47,0,18,Mobile,Debit Card,54.77,27,4,365,96.83,0.8255,Neutral,Inactive User
AMZ-103891,53,Non-Binary,Europe,2023,2,Prime,Silver,4,64.87,16.22,25.0,1,Sports,5,1.1,4,4,0,Alexa,Cash on Delivery,54.12,33,0,572,91.85,0.3454,Neutral,Inactive User
AMZ-103892,53,Male,Latin America,2020,5,Prime,Diamond,39,1919.82,49.23,5.13,2,Sports,2,4.5,5,26,121,Alexa,UPI,29.39,1,1,489,2478.93,0.6216,Satisfied,Loyal Shopper
AMZ-103893,23,Non-Binary,East Asia,2017,8,Non-Prime,Platinum,38,3424.62,90.12,5.26,2,Office,8,3.7,32,34,83,Smart TV,Amazon Pay,4.84,13,0,509,3485.2,0.4342,Very Satisfied,Loyal Shopper
AMZ-103894,48,Female,Europe,2020,5,Prime,Platinum,30,10351.52,345.05,10.0,3,Office,6,4.0,35,5,56,Mobile,Gift Card,37.11,8,1,23,14858.52,0.4237,Neutral,Premium Spender
AMZ-103895,67,Female,Europe,2015,10,Non-Prime,Platinum,21,369.24,17.58,38.1,8,Home & Kitchen,4,2.8,19,25,126,Tablet,Debit Card,29.36,18,2,449,443.78,0.2677,Satisfied,Bargain Hunter
AMZ-103896,51,Female,Latin America,2021,4,Prime,Silver,32,10152.78,317.27,3.12,1,Beauty,5,3.8,39,19,64,Smart TV,Cash on Delivery,55.31,22,2,600,12984.57,0.2141,Very Satisfied,Premium Spender
AMZ-103897,38,Male,Latin America,2021,4,Prime,Platinum,3,6.82,2.27,0.0,0,Office,5,1.6,26,1,11,Mobile,Gift Card,55.35,11,0,291,8.14,0.4313,Dissatisfied,Inactive User
AMZ-103898,26,Male,Europe,2018,7,Prime,Platinum,33,12785.32,387.43,9.09,3,Home & Kitchen,8,3.6,49,6,112,Tablet,UPI,67.32,21,1,178,18182.39,0.4342,Very Satisfied,Premium Spender
AMZ-103899,60,Male,North America,2021,4,Non-Prime,Silver,30,14156.22,471.87,13.33,4,Books,3,4.2,24,8,70,Mobile,Amazon Pay,13.77,30,4,125,20702.19,0.7371,Neutral,Premium Spender
AMZ-103900,23,Female,East Asia,2015,10,Prime,Platinum,5,336.99,67.4,20.0,1,Office,7,2.9,42,14,16,Tablet,Debit Card,56.05,2,2,27,411.02,0.9274,Dissatisfied,Occasional Buyer
AMZ-103901,33,Female,Latin America,2018,7,Non-Prime,Diamond,16,164.95,10.31,37.5,6,Clothing,3,3.1,35,81,226,Desktop,Amazon Pay,12.38,34,2,453,168.46,0.2099,Dissatisfied,Bargain Hunter
AMZ-103902,40,Non-Binary,Europe,2019,6,Prime,Platinum,5,66.47,13.29,60.0,3,Books,3,3.8,46,15,46,Desktop,Amazon Pay,2.98,32,4,148,88.51,0.6017,Dissatisfied,Occasional Buyer
AMZ-103903,71,Non-Binary,Latin America,2023,2,Prime,Platinum,3,436.55,145.52,33.33,1,Books,5,2.7,40,2,55,Smart TV,UPI,7.52,14,4,485,572.83,0.4832,Satisfied,Occasional Buyer
AMZ-103904,29,Female,Southeast Asia,2015,10,Prime,Platinum,2,181.52,90.76,150.0,3,Clothing,8,3.3,17,9,16,Desktop,Cash on Delivery,21.75,22,0,126,226.26,0.4482,Satisfied,Occasional Buyer
AMZ-103905,39,Female,Europe,2017,8,Non-Prime,Silver,20,3275.39,163.77,10.0,2,Office,3,3.6,3,30,80,Tablet,Gift Card,64.48,27,3,565,4143.64,0.4303,Satisfied,Loyal Shopper
AMZ-103906,19,Female,Europe,2021,4,Non-Prime,Silver,0,88.46,88.46,0.0,0,Toys,4,2.4,1,2,19,Smart TV,Credit Card,40.18,39,2,436,107.87,0.6566,Very Dissatisfied,Inactive User
AMZ-103907,61,Non-Binary,Latin America,2015,10,Prime,Gold,55,4227.57,76.86,0.0,0,Toys,3,5.0,11,46,172,Desktop,Debit Card,22.51,8,2,351,5950.93,0.5625,Satisfied,Loyal Shopper
AMZ-103908,66,Female,North America,2022,3,Prime,Silver,55,4729.53,85.99,1.82,1,Automotive,9,5.0,21,48,152,Mobile,Amazon Pay,32.73,30,3,675,6309.76,0.6867,Satisfied,Loyal Shopper
AMZ-103909,33,Female,Latin America,2016,9,Non-Prime,Silver,23,6039.38,262.58,0.0,0,Sports,9,3.7,13,24,104,Smart TV,Net Banking,46.65,17,0,682,7358.0,0.2657,Very Satisfied,Premium Spender
AMZ-103910,44,Non-Binary,East Asia,2015,10,Non-Prime,Gold,4,82.92,20.73,0.0,0,Sports,3,3.0,25,3,14,Mobile,UPI,1.04,16,4,252,88.5,0.0179,Very Dissatisfied,Inactive User
AMZ-103911,38,Female,Middle East,2017,8,Prime,Silver,8,544.1,68.01,0.0,0,Grocery,9,3.2,1,6,49,Desktop,Gift Card,65.26,12,0,586,802.7,0.9841,Satisfied,Occasional Buyer
AMZ-103912,68,Non-Binary,East Asia,2023,2,Prime,Silver,5,345.29,69.06,60.0,3,Books,9,3.6,47,16,51,Smart TV,Credit Card,62.79,14,2,713,410.47,0.4908,Dissatisfied,Occasional Buyer
AMZ-103913,55,Male,North America,2023,2,Prime,Diamond,70,2997.85,42.83,1.43,1,Beauty,4,3.5,27,48,119,Alexa,Net Banking,58.12,30,2,293,3161.67,0.5002,Satisfied,Loyal Shopper
AMZ-103914,30,Male,East Asia,2016,9,Prime,Diamond,17,172.17,10.13,23.53,4,Electronics,4,3.1,28,97,152,Smart TV,Gift Card,52.75,33,4,720,183.71,0.3577,Dissatisfied,Bargain Hunter
AMZ-103915,69,Female,Middle East,2020,5,Prime,Diamond,2,53.4,26.7,50.0,1,Grocery,7,1.7,37,3,1,Smart TV,Net Banking,47.17,13,1,70,59.2,0.653,Neutral,Inactive User
AMZ-103916,58,Non-Binary,Europe,2020,5,Prime,Silver,3,38.5,12.83,33.33,1,Toys,3,1.2,3,1,0,Desktop,Credit Card,53.13,12,1,524,48.59,0.65,Dissatisfied,Inactive User
AMZ-103917,47,Male,Latin America,2021,4,Non-Prime,Diamond,3,463.38,154.46,100.0,3,Automotive,5,2.4,10,9,37,Smart TV,Net Banking,76.86,14,4,98,540.46,0.4943,Satisfied,Occasional Buyer
AMZ-103918,25,Male,East Asia,2018,7,Prime,Diamond,42,1679.62,39.99,4.76,2,Home & Kitchen,4,3.8,7,27,167,Tablet,Net Banking,4.65,33,1,52,2247.99,0.846,Satisfied,Loyal Shopper
AMZ-103919,43,Non-Binary,Middle East,2015,10,Prime,Silver,8,198.23,24.78,25.0,2,Automotive,6,3.3,2,19,26,Mobile,Gift Card,13.17,17,4,510,266.32,0.5973,Satisfied,Occasional Buyer
AMZ-103920,66,Non-Binary,Middle East,2016,9,Prime,Platinum,36,4920.54,136.68,0.0,0,Books,7,4.3,14,23,112,Desktop,Debit Card,59.9,7,3,73,6304.8,0.4719,Very Satisfied,Loyal Shopper
AMZ-103921,63,Male,Middle East,2022,3,Prime,Silver,13,148.28,11.41,0.0,0,Sports,3,3.7,18,16,15,Desktop,Credit Card,20.02,36,2,608,188.7,0.8316,Neutral,Occasional Buyer
AMZ-103922,27,Female,South Asia,2019,6,Prime,Platinum,1,49.52,49.52,100.0,1,Office,8,2.5,26,1,12,Desktop,Gift Card,62.97,35,0,532,61.49,0.5892,Very Dissatisfied,Inactive User
AMZ-103923,50,Male,Europe,2016,9,Prime,Diamond,16,7688.01,480.5,12.5,2,Automotive,9,3.1,36,7,106,Mobile,Net Banking,33.34,18,4,367,8059.59,0.6771,Very Satisfied,Premium Spender
AMZ-103924,59,Male,South Asia,2016,9,Non-Prime,Silver,14,57.26,4.09,21.43,3,Electronics,5,2.0,17,8,19,Smart TV,Net Banking,13.78,31,1,272,79.23,0.7227,Satisfied,Occasional Buyer
AMZ-103925,22,Non-Binary,Southeast Asia,2022,3,Prime,Gold,21,3868.54,184.22,0.0,0,Toys,9,3.8,7,40,124,Mobile,UPI,28.41,13,1,292,5378.43,0.7428,Satisfied,Loyal Shopper
AMZ-103926,62,Male,Latin America,2018,7,Prime,Gold,54,2956.03,54.74,1.85,1,Automotive,1,3.9,32,26,110,Alexa,Amazon Pay,15.61,37,0,445,3954.75,0.2486,Satisfied,Loyal Shopper
AMZ-103927,60,Non-Binary,East Asia,2021,4,Non-Prime,Diamond,29,357.46,12.33,27.59,8,Toys,1,3.7,13,84,137,Alexa,Credit Card,11.87,16,0,684,377.23,0.2339,Neutral,Bargain Hunter
AMZ-103928,30,Non-Binary,South Asia,2020,5,Prime,Gold,8,775.14,96.89,75.0,6,Books,9,2.8,6,59,98,Tablet,Net Banking,3.71,14,3,556,815.7,0.5231,Neutral,Bargain Hunter
AMZ-103929,35,Male,East Asia,2021,4,Prime,Silver,66,4582.21,69.43,3.03,2,Books,7,3.8,25,31,135,Alexa,Gift Card,59.84,1,2,165,5216.41,0.2954,Satisfied,Loyal Shopper
AMZ-103930,62,Male,East Asia,2018,7,Prime,Platinum,0,77.2,77.2,0.0,0,Toys,7,2.9,33,2,1,Tablet,Gift Card,3.31,17,4,37,108.53,0.4579,Neutral,Inactive User
AMZ-103931,29,Non-Binary,Europe,2017,8,Prime,Platinum,10,528.32,52.83,10.0,1,Home & Kitchen,9,3.4,46,7,53,Desktop,Amazon Pay,38.17,0,0,335,690.47,0.6676,Satisfied,Occasional Buyer
AMZ-103932,37,Female,North America,2021,4,Prime,Silver,11,422.42,38.4,27.27,3,Grocery,5,2.0,22,19,54,Tablet,Credit Card,25.98,38,2,284,578.4,0.7349,Dissatisfied,Occasional Buyer
AMZ-103933,41,Female,South Asia,2022,3,Non-Prime,Silver,31,4561.87,147.16,0.0,0,Beauty,1,3.5,24,43,112,Desktop,Credit Card,8.43,35,4,392,4841.86,0.4672,Satisfied,Loyal Shopper
AMZ-103934,19,Non-Binary,Middle East,2018,7,Prime,Diamond,79,1968.16,24.91,2.53,2,Toys,5,4.7,40,37,77,Alexa,Amazon Pay,18.14,23,2,709,2393.06,0.9723,Very Satisfied,Loyal Shopper
AMZ-103935,51,Female,East Asia,2017,8,Prime,Silver,14,760.06,54.29,57.14,8,Sports,8,3.3,43,80,97,Smart TV,Net Banking,44.73,26,2,312,894.2,0.0201,Dissatisfied,Bargain Hunter
AMZ-103936,46,Male,North America,2019,6,Prime,Gold,65,3093.86,47.6,3.08,2,Home & Kitchen,6,4.8,22,29,161,Desktop,Amazon Pay,63.06,23,4,502,4348.51,0.1931,Very Satisfied,Loyal Shopper
AMZ-103937,61,Male,North America,2018,7,Prime,Diamond,5,531.06,106.21,0.0,0,Clothing,1,2.3,39,4,28,Alexa,Debit Card,25.95,18,4,461,761.16,0.4324,Neutral,Occasional Buyer
AMZ-103938,39,Male,North America,2016,9,Non-Prime,Diamond,34,5936.99,174.62,2.94,1,Toys,4,3.5,37,9,101,Tablet,Gift Card,17.27,12,3,451,7172.7,0.8052,Satisfied,Premium Spender
AMZ-103939,58,Non-Binary,Middle East,2017,8,Prime,Diamond,47,14383.82,306.04,8.51,4,Automotive,2,3.4,41,29,76,Smart TV,Credit Card,41.93,23,0,341,17418.09,0.3053,Satisfied,Premium Spender
AMZ-103940,69,Female,Southeast Asia,2023,2,Prime,Platinum,3,25.33,8.44,0.0,0,Electronics,7,1.0,10,0,9,Smart TV,Gift Card,34.65,3,3,444,32.21,0.718,Dissatisfied,Inactive User
AMZ-103941,54,Male,Latin America,2015,10,Prime,Gold,19,7689.6,404.72,0.0,0,Books,2,3.1,3,29,69,Smart TV,Debit Card,16.23,22,1,69,8407.11,0.7834,Very Satisfied,Premium Spender
AMZ-103942,23,Non-Binary,Middle East,2023,2,Non-Prime,Diamond,25,743.83,29.75,16.0,4,Grocery,2,4.3,24,89,159,Mobile,Net Banking,6.65,5,0,444,974.84,0.7129,Satisfied,Bargain Hunter
AMZ-103943,45,Non-Binary,Southeast Asia,2022,3,Non-Prime,Gold,14,463.97,33.14,7.14,1,Electronics,5,3.7,34,12,27,Desktop,Cash on Delivery,38.67,27,2,683,464.36,0.23,Neutral,Occasional Buyer
AMZ-103944,37,Female,Latin America,2020,5,Prime,Diamond,78,1783.71,22.87,0.0,0,Sports,3,4.6,46,48,138,Alexa,Gift Card,70.1,1,0,561,2024.58,0.9853,Satisfied,Loyal Shopper
AMZ-103945,57,Male,Middle East,2023,2,Non-Prime,Silver,22,9509.3,432.24,18.18,4,Toys,2,3.2,38,25,59,Mobile,Amazon Pay,43.61,9,2,225,14017.18,0.367,Neutral,Premium Spender
AMZ-103946,20,Female,East Asia,2023,2,Prime,Silver,64,4554.55,71.16,0.0,0,Office,6,4.9,35,10,86,Smart TV,Net Banking,59.58,30,4,717,4680.6,0.5888,Very Satisfied,Loyal Shopper
AMZ-103947,51,Female,South Asia,2021,4,Prime,Silver,11,751.68,68.33,81.82,9,Office,1,4.4,27,44,137,Smart TV,Net Banking,75.23,31,4,33,776.19,0.8065,Neutral,Bargain Hunter
AMZ-103948,49,Non-Binary,North America,2019,6,Non-Prime,Platinum,17,366.67,21.57,41.18,7,Grocery,4,3.5,3,93,125,Alexa,Credit Card,78.1,25,0,244,525.54,0.2711,Neutral,Bargain Hunter
AMZ-103949,41,Non-Binary,South Asia,2019,6,Non-Prime,Diamond,30,3128.88,104.3,0.0,0,Automotive,8,3.5,18,49,161,Mobile,Gift Card,44.54,4,4,146,3938.27,0.0004,Satisfied,Loyal Shopper
AMZ-103950,50,Male,Europe,2021,4,Prime,Silver,9,272.78,30.31,0.0,0,Office,6,3.5,33,19,53,Desktop,Net Banking,75.19,13,4,469,321.46,0.0863,Neutral,Occasional Buyer
AMZ-103951,29,Male,East Asia,2016,9,Prime,Gold,44,5102.88,115.97,4.55,2,Toys,5,4.4,4,6,115,Mobile,Debit Card,7.78,31,4,253,5502.16,0.4533,Very Satisfied,Premium Spender
AMZ-103952,58,Female,Middle East,2021,4,Non-Prime,Silver,63,4602.31,73.05,0.0,0,Grocery,8,3.8,42,20,126,Alexa,Gift Card,68.33,30,1,409,6674.63,0.9213,Very Satisfied,Loyal Shopper
AMZ-103953,23,Non-Binary,North America,2020,5,Prime,Gold,14,338.62,24.19,0.0,0,Home & Kitchen,8,3.7,22,19,50,Tablet,UPI,1.1,32,1,206,446.29,0.9201,Dissatisfied,Occasional Buyer
AMZ-103954,31,Male,Latin America,2021,4,Non-Prime,Silver,51,1457.97,28.59,0.0,0,Electronics,5,3.7,44,42,159,Smart TV,Amazon Pay,39.03,21,4,421,1813.66,0.0368,Satisfied,Loyal Shopper
AMZ-103955,48,Female,East Asia,2022,3,Prime,Diamond,41,8407.73,205.07,0.0,0,Sports,5,3.6,14,10,46,Tablet,Amazon Pay,1.43,31,1,112,8518.88,0.5548,Satisfied,Premium Spender
AMZ-103956,59,Male,East Asia,2021,4,Non-Prime,Platinum,31,10653.72,343.67,12.9,4,Books,3,4.3,49,16,43,Mobile,Debit Card,76.64,21,2,693,11601.03,0.1109,Very Satisfied,Premium Spender
AMZ-103957,59,Male,East Asia,2020,5,Prime,Gold,7,528.66,75.52,57.14,4,Grocery,3,3.2,18,86,93,Desktop,Debit Card,41.54,14,4,286,550.99,0.7371,Satisfied,Bargain Hunter
AMZ-103958,58,Female,Europe,2020,5,Non-Prime,Diamond,15,587.36,39.16,13.33,2,Office,2,3.2,24,99,125,Alexa,Credit Card,25.07,11,3,699,783.37,0.092,Dissatisfied,Bargain Hunter
AMZ-103959,28,Non-Binary,Southeast Asia,2017,8,Prime,Diamond,67,1037.26,15.48,0.0,0,Automotive,6,4.2,29,19,123,Mobile,Cash on Delivery,14.42,11,3,620,1443.74,0.8064,Satisfied,Loyal Shopper
AMZ-103960,58,Male,South Asia,2022,3,Prime,Platinum,28,11663.98,416.57,7.14,2,Toys,8,3.6,25,20,108,Alexa,Gift Card,55.96,8,1,582,13594.38,0.971,Very Satisfied,Premium Spender
AMZ-103961,47,Female,North America,2023,2,Prime,Platinum,5,580.68,116.14,180.0,9,Toys,6,3.5,46,99,164,Mobile,Amazon Pay,4.58,15,0,261,616.41,0.0995,Dissatisfied,Bargain Hunter
AMZ-103962,24,Female,Middle East,2016,9,Prime,Platinum,7,744.83,106.4,28.57,2,Home & Kitchen,9,3.3,46,44,191,Desktop,Gift Card,51.78,18,2,656,847.25,0.1337,Satisfied,Bargain Hunter
AMZ-103963,49,Female,North America,2018,7,Non-Prime,Diamond,39,14683.96,376.51,5.13,2,Toys,8,3.5,35,10,88,Smart TV,Gift Card,77.89,33,1,299,20015.24,0.9598,Very Satisfied,Premium Spender
AMZ-103964,65,Male,Southeast Asia,2023,2,Prime,Gold,49,11307.77,230.77,8.16,4,Sports,2,3.2,46,17,40,Tablet,Net Banking,41.8,9,1,49,15315.7,0.8147,Satisfied,Premium Spender
AMZ-103965,49,Female,Latin America,2020,5,Non-Prime,Gold,0,56.68,56.68,0.0,0,Books,5,2.8,17,0,14,Smart TV,Cash on Delivery,33.14,17,3,70,69.63,0.685,Neutral,Inactive User
AMZ-103966,50,Male,South Asia,2016,9,Prime,Platinum,77,1354.35,17.59,1.3,1,Office,9,3.8,31,48,161,Smart TV,Net Banking,24.62,27,4,530,1590.46,0.3795,Very Satisfied,Loyal Shopper
AMZ-103967,33,Female,Europe,2016,9,Prime,Silver,43,8802.51,204.71,6.98,3,Electronics,7,3.8,1,24,67,Tablet,UPI,65.06,16,3,401,10425.46,0.4415,Neutral,Premium Spender
AMZ-103968,40,Male,Middle East,2020,5,Prime,Diamond,1,401.25,401.25,0.0,0,Home & Kitchen,3,2.2,41,5,27,Mobile,UPI,54.2,16,2,386,484.62,0.4428,Satisfied,Occasional Buyer
AMZ-103969,37,Female,North America,2021,4,Prime,Platinum,26,446.67,17.18,7.69,2,Clothing,1,4.3,40,66,221,Smart TV,Credit Card,16.59,16,0,667,585.81,0.769,Satisfied,Bargain Hunter
AMZ-103970,35,Non-Binary,Europe,2017,8,Non-Prime,Platinum,31,13284.18,428.52,9.68,3,Automotive,4,4.0,22,22,92,Smart TV,Cash on Delivery,30.37,38,3,592,14190.24,0.348,Very Satisfied,Premium Spender
AMZ-103971,41,Male,North America,2019,6,Prime,Diamond,6,681.82,113.64,66.67,4,Toys,1,3.2,24,56,97,Tablet,Gift Card,70.72,24,3,318,839.18,0.3455,Neutral,Bargain Hunter
AMZ-103972,52,Non-Binary,Latin America,2018,7,Prime,Diamond,5,410.1,82.02,40.0,2,Beauty,9,3.6,4,16,12,Smart TV,Debit Card,36.04,6,3,207,564.67,0.8426,Dissatisfied,Occasional Buyer
AMZ-103973,35,Female,South Asia,2023,2,Prime,Diamond,4,11.47,2.87,25.0,1,Office,4,1.5,43,4,13,Desktop,Amazon Pay,20.56,25,4,149,15.39,0.3658,Neutral,Inactive User
AMZ-103974,31,Female,Latin America,2019,6,Prime,Gold,1,12.59,12.59,100.0,1,Office,2,1.3,32,0,0,Mobile,UPI,49.18,1,2,225,15.17,0.8785,Very Dissatisfied,Inactive User
AMZ-103975,38,Non-Binary,Southeast Asia,2017,8,Non-Prime,Platinum,0,51.46,51.46,0.0,0,Toys,6,1.1,24,2,2,Mobile,Cash on Delivery,43.0,36,3,162,64.12,0.3558,Very Dissatisfied,Inactive User
AMZ-103976,63,Non-Binary,Middle East,2023,2,Non-Prime,Gold,43,7244.2,168.47,0.0,0,Toys,1,3.5,46,17,80,Mobile,Debit Card,65.05,10,3,650,10676.88,0.6591,Neutral,Premium Spender
AMZ-103977,30,Female,East Asia,2018,7,Non-Prime,Diamond,3,32.93,10.98,33.33,1,Electronics,4,1.1,26,3,2,Alexa,Cash on Delivery,31.66,27,1,468,37.01,0.9374,Dissatisfied,Inactive User
AMZ-103978,43,Female,Southeast Asia,2019,6,Non-Prime,Platinum,40,8070.06,201.75,2.5,1,Automotive,2,4.1,15,11,82,Mobile,Cash on Delivery,78.72,4,2,88,8922.88,0.488,Neutral,Premium Spender
AMZ-103979,39,Male,Southeast Asia,2015,10,Prime,Diamond,51,1885.95,36.98,3.92,2,Automotive,6,4.2,46,40,71,Alexa,Debit Card,33.79,21,4,304,2223.93,0.9072,Satisfied,Loyal Shopper
AMZ-103980,32,Non-Binary,East Asia,2021,4,Prime,Silver,20,11920.17,596.01,5.0,1,Automotive,2,4.2,48,8,44,Desktop,Amazon Pay,25.61,7,3,279,15225.27,0.4547,Satisfied,Premium Spender
AMZ-103981,30,Non-Binary,Middle East,2018,7,Prime,Gold,21,753.02,35.86,19.05,4,Clothing,6,4.2,8,50,149,Mobile,Gift Card,61.8,11,0,143,1032.16,0.1109,Neutral,Bargain Hunter
AMZ-103982,22,Male,Europe,2017,8,Prime,Gold,0,52.06,52.06,100.0,1,Home & Kitchen,5,1.9,41,0,13,Desktop,Net Banking,59.48,37,4,323,55.8,0.5525,Neutral,Inactive User
AMZ-103983,63,Male,South Asia,2015,10,Non-Prime,Gold,43,3831.49,89.1,4.65,2,Sports,9,4.8,5,17,108,Tablet,Gift Card,53.77,12,4,656,5469.29,0.8548,Very Satisfied,Loyal Shopper
AMZ-103984,64,Non-Binary,North America,2021,4,Prime,Platinum,22,424.83,19.31,18.18,4,Home & Kitchen,1,3.2,33,71,134,Mobile,Gift Card,12.74,20,4,463,464.73,0.9754,Satisfied,Bargain Hunter
AMZ-103985,18,Non-Binary,South Asia,2019,6,Prime,Platinum,1,38.03,38.03,100.0,1,Automotive,8,2.4,26,0,15,Alexa,Gift Card,36.42,37,3,218,56.64,0.5441,Very Dissatisfied,Inactive User
AMZ-103986,45,Non-Binary,Europe,2022,3,Prime,Gold,6,590.54,98.42,50.0,3,Grocery,9,3.7,30,12,47,Tablet,Debit Card,29.72,39,2,47,847.81,0.558,Neutral,Occasional Buyer
AMZ-103987,60,Male,North America,2017,8,Prime,Platinum,18,5916.34,328.69,5.56,1,Sports,7,4.2,12,23,68,Alexa,Cash on Delivery,77.01,33,3,58,6546.6,0.0648,Very Satisfied,Premium Spender
AMZ-103988,61,Female,Middle East,2015,10,Prime,Platinum,1,50.05,50.05,0.0,0,Home & Kitchen,4,1.6,30,3,17,Mobile,Credit Card,23.34,19,2,615,53.8,0.3201,Very Dissatisfied,Inactive User
AMZ-103989,50,Non-Binary,East Asia,2015,10,Prime,Platinum,3,91.56,30.52,33.33,1,Clothing,2,1.4,7,2,19,Tablet,Amazon Pay,30.25,32,0,489,110.09,0.2772,Neutral,Inactive User
AMZ-103990,36,Non-Binary,East Asia,2018,7,Prime,Platinum,1,473.07,473.07,0.0,0,Home & Kitchen,2,3.4,1,8,56,Smart TV,Gift Card,55.01,18,0,507,502.02,0.3356,Neutral,Occasional Buyer
AMZ-103991,53,Female,Europe,2018,7,Prime,Diamond,2,147.24,73.62,150.0,3,Grocery,1,2.7,15,6,23,Smart TV,UPI,32.91,7,4,249,195.55,0.7817,Neutral,Occasional Buyer
AMZ-103992,42,Female,Middle East,2016,9,Prime,Silver,1,59.79,59.79,100.0,1,Clothing,3,1.5,0,2,9,Mobile,Debit Card,39.21,4,0,576,68.35,0.1695,Neutral,Inactive User
AMZ-103993,48,Male,North America,2023,2,Prime,Silver,1,8.94,8.94,100.0,1,Automotive,6,2.6,37,0,0,Mobile,Credit Card,13.27,1,0,684,10.75,0.6556,Dissatisfied,Inactive User
AMZ-103994,40,Female,Middle East,2015,10,Prime,Diamond,3,56.27,18.76,33.33,1,Home & Kitchen,4,2.3,12,3,4,Alexa,Cash on Delivery,25.15,10,3,501,57.02,0.9072,Neutral,Inactive User
AMZ-103995,47,Male,Middle East,2018,7,Prime,Diamond,0,4.85,4.85,0.0,0,Clothing,6,2.1,24,0,2,Alexa,Gift Card,22.06,10,1,418,6.08,0.1517,Neutral,Inactive User
AMZ-103996,20,Female,East Asia,2022,3,Prime,Platinum,44,2910.87,66.16,4.55,2,Office,1,4.6,35,16,100,Tablet,Cash on Delivery,49.38,35,3,80,3791.0,0.2582,Very Satisfied,Loyal Shopper
AMZ-103997,37,Non-Binary,East Asia,2018,7,Prime,Diamond,39,10673.55,273.68,7.69,3,Office,7,4.8,30,28,102,Smart TV,Amazon Pay,59.27,10,1,188,13197.93,0.5472,Satisfied,Premium Spender
AMZ-103998,43,Female,North America,2020,5,Prime,Gold,2,231.18,115.59,50.0,1,Clothing,6,3.9,44,16,44,Alexa,UPI,9.97,23,1,614,235.52,0.2254,Neutral,Occasional Buyer
AMZ-103999,22,Female,North America,2023,2,Prime,Platinum,4,20.49,5.12,0.0,0,Books,6,1.7,2,4,5,Mobile,Debit Card,18.35,29,0,656,30.71,0.5031,Dissatisfied,Inactive User
AMZ-104000,52,Female,Europe,2022,3,Non-Prime,Silver,1,75.49,75.49,100.0,1,Clothing,9,1.2,30,0,12,Mobile,Debit Card,61.53,31,0,377,107.89,0.4909,Very Dissatisfied,Inactive User
AMZ-104001,65,Male,Latin America,2021,4,Prime,Platinum,78,4379.54,56.15,1.28,1,Sports,1,3.9,19,33,178,Tablet,Amazon Pay,16.12,9,0,574,4787.15,0.0545,Very Satisfied,Loyal Shopper
AMZ-104002,61,Female,Middle East,2015,10,Prime,Gold,8,781.5,97.69,100.0,8,Books,6,3.0,43,42,111,Mobile,Cash on Delivery,17.98,16,4,703,783.94,0.244,Satisfied,Bargain Hunter
AMZ-104003,25,Female,South Asia,2016,9,Prime,Platinum,14,78.63,5.62,21.43,3,Electronics,2,4.0,41,19,21,Mobile,Amazon Pay,57.18,26,2,83,94.99,0.5952,Dissatisfied,Occasional Buyer
AMZ-104004,31,Non-Binary,Latin America,2023,2,Non-Prime,Diamond,47,3158.35,67.2,2.13,1,Sports,7,4.8,7,10,154,Tablet,Debit Card,69.71,23,0,488,4589.36,0.6468,Satisfied,Loyal Shopper
AMZ-104005,67,Non-Binary,Southeast Asia,2023,2,Prime,Diamond,6,772.06,128.68,33.33,2,Grocery,3,3.7,16,43,163,Tablet,Amazon Pay,75.44,4,1,263,1025.83,0.2543,Neutral,Bargain Hunter
AMZ-104006,31,Male,North America,2023,2,Non-Prime,Platinum,3,55.77,18.59,0.0,0,Grocery,7,2.8,42,1,13,Smart TV,Debit Card,57.2,16,0,339,60.24,0.2541,Dissatisfied,Inactive User
AMZ-104007,71,Female,Middle East,2018,7,Non-Prime,Silver,30,3849.03,128.3,3.33,1,Toys,4,3.9,14,37,95,Mobile,Cash on Delivery,34.75,27,4,46,5051.16,0.5939,Very Satisfied,Loyal Shopper
AMZ-104008,68,Female,Southeast Asia,2021,4,Non-Prime,Gold,16,586.03,36.63,50.0,8,Home & Kitchen,3,3.2,17,54,114,Desktop,Gift Card,30.43,15,4,489,809.77,0.9091,Satisfied,Bargain Hunter
AMZ-104009,19,Female,Latin America,2015,10,Non-Prime,Platinum,24,10841.25,451.72,4.17,1,Grocery,7,3.1,37,9,64,Mobile,UPI,4.0,17,3,453,15945.62,0.9058,Satisfied,Premium Spender
AMZ-104010,34,Male,Europe,2017,8,Prime,Silver,32,4277.35,133.67,6.25,2,Office,4,3.5,43,21,101,Smart TV,Gift Card,77.97,11,0,302,4651.78,0.8584,Satisfied,Premium Spender
AMZ-104011,55,Non-Binary,South Asia,2015,10,Prime,Gold,3,19.49,6.5,0.0,0,Beauty,2,2.1,12,0,4,Mobile,UPI,3.36,32,4,617,21.25,0.6617,Very Dissatisfied,Inactive User
AMZ-104012,50,Male,East Asia,2020,5,Non-Prime,Gold,21,3880.47,184.78,9.52,2,Grocery,8,4.9,7,32,100,Tablet,Debit Card,36.47,32,4,350,4454.43,0.1523,Very Satisfied,Loyal Shopper
AMZ-104013,59,Non-Binary,South Asia,2018,7,Non-Prime,Diamond,45,3811.83,84.71,4.44,2,Electronics,6,3.6,38,35,102,Tablet,UPI,66.34,25,1,218,4597.9,0.7085,Very Satisfied,Loyal Shopper
AMZ-104014,67,Non-Binary,Europe,2020,5,Non-Prime,Gold,34,4646.29,136.66,5.88,2,Office,9,4.8,17,26,99,Mobile,Amazon Pay,52.07,15,0,560,5730.16,0.3216,Satisfied,Loyal Shopper
AMZ-104015,71,Female,Europe,2017,8,Prime,Silver,2,97.5,48.75,50.0,1,Toys,5,1.1,43,3,1,Desktop,Cash on Delivery,63.37,11,2,676,125.73,0.232,Neutral,Inactive User
AMZ-104016,51,Female,North America,2018,7,Prime,Gold,2,38.29,19.14,50.0,1,Electronics,4,1.6,1,4,13,Smart TV,Amazon Pay,15.39,3,4,650,55.41,0.6449,Neutral,Inactive User
AMZ-104017,26,Non-Binary,East Asia,2017,8,Prime,Platinum,17,4511.49,265.38,0.0,0,Clothing,8,4.9,44,5,104,Tablet,UPI,18.58,20,4,116,6218.76,0.2924,Neutral,Premium Spender
AMZ-104018,55,Non-Binary,Southeast Asia,2021,4,Prime,Diamond,19,9778.43,514.65,10.53,2,Clothing,7,4.9,38,11,61,Tablet,UPI,54.35,31,1,142,13815.02,0.1571,Satisfied,Premium Spender
AMZ-104019,35,Non-Binary,South Asia,2018,7,Non-Prime,Silver,7,515.17,73.6,114.29,8,Clothing,6,3.5,3,63,142,Tablet,Net Banking,50.04,32,4,396,669.08,0.1162,Dissatisfied,Bargain Hunter
AMZ-104020,58,Non-Binary,Southeast Asia,2015,10,Prime,Diamond,2,76.36,38.18,50.0,1,Automotive,4,1.5,19,0,2,Smart TV,Debit Card,46.48,14,0,428,97.01,0.1845,Very Dissatisfied,Inactive User
AMZ-104021,52,Male,Latin America,2016,9,Prime,Gold,12,573.14,47.76,8.33,1,Beauty,7,3.3,30,17,58,Tablet,UPI,67.54,35,4,23,609.96,0.8884,Dissatisfied,Occasional Buyer
AMZ-104022,61,Female,South Asia,2017,8,Non-Prime,Diamond,27,4832.33,178.98,3.7,1,Beauty,2,4.6,8,11,52,Smart TV,Credit Card,45.4,32,4,436,5001.16,0.1816,Very Satisfied,Premium Spender
AMZ-104023,24,Non-Binary,East Asia,2016,9,Prime,Gold,14,465.72,33.27,21.43,3,Grocery,3,3.2,14,6,49,Mobile,Cash on Delivery,19.86,19,2,3,472.23,0.1716,Dissatisfied,Occasional Buyer
AMZ-104024,49,Male,Europe,2018,7,Non-Prime,Silver,54,3274.15,60.63,3.7,2,Sports,1,4.1,35,33,124,Desktop,Amazon Pay,59.63,32,0,81,3965.02,0.7954,Very Satisfied,Loyal Shopper
AMZ-104025,51,Female,North America,2021,4,Non-Prime,Silver,29,5355.0,184.66,10.34,3,Electronics,3,4.8,49,27,108,Alexa,Amazon Pay,29.16,24,3,374,5483.11,0.0008,Very Satisfied,Premium Spender
AMZ-104026,42,Male,Southeast Asia,2019,6,Non-Prime,Platinum,9,349.09,38.79,44.44,4,Automotive,5,3.9,0,38,213,Desktop,Gift Card,14.51,38,0,409,428.97,0.8497,Dissatisfied,Bargain Hunter
AMZ-104027,31,Female,South Asia,2018,7,Prime,Diamond,17,7183.14,422.54,23.53,4,Clothing,6,3.2,39,22,41,Desktop,Amazon Pay,69.72,28,4,18,8732.93,0.4216,Satisfied,Premium Spender
AMZ-104028,48,Male,North America,2020,5,Prime,Diamond,6,486.09,81.02,16.67,1,Office,2,3.6,49,13,53,Desktop,Credit Card,62.09,20,0,676,708.74,0.9214,Satisfied,Occasional Buyer
AMZ-104029,45,Non-Binary,Europe,2021,4,Non-Prime,Silver,0,82.03,82.03,100.0,1,Books,5,2.3,36,1,16,Tablet,Debit Card,37.59,9,3,272,112.51,0.672,Dissatisfied,Inactive User
AMZ-104030,44,Male,Latin America,2021,4,Prime,Diamond,45,6025.78,133.91,8.89,4,Clothing,2,4.7,37,21,81,Desktop,Gift Card,40.64,1,3,107,6685.02,0.124,Satisfied,Premium Spender
AMZ-104031,26,Female,Southeast Asia,2015,10,Prime,Diamond,13,365.31,28.1,0.0,0,Office,9,2.3,19,2,25,Mobile,Credit Card,35.97,1,0,329,476.37,0.3434,Neutral,Occasional Buyer
AMZ-104032,23,Female,South Asia,2019,6,Non-Prime,Gold,28,325.01,11.61,21.43,6,Home & Kitchen,9,3.5,46,92,228,Tablet,UPI,48.01,17,2,480,365.63,0.2386,Dissatisfied,Bargain Hunter
AMZ-104033,40,Female,Southeast Asia,2017,8,Prime,Gold,1,26.48,26.48,0.0,0,Clothing,3,1.9,2,2,13,Alexa,UPI,56.9,39,4,144,27.74,0.7826,Neutral,Inactive User
AMZ-104034,24,Non-Binary,Southeast Asia,2021,4,Non-Prime,Diamond,24,1589.14,66.21,8.33,2,Automotive,2,4.1,37,24,134,Smart TV,Cash on Delivery,44.13,5,1,607,2356.76,0.1748,Satisfied,Loyal Shopper
AMZ-104035,22,Male,East Asia,2021,4,Non-Prime,Silver,10,647.71,64.77,20.0,2,Clothing,9,3.1,16,80,139,Desktop,Gift Card,1.06,25,4,456,839.84,0.8865,Satisfied,Bargain Hunter
AMZ-104036,62,Female,Latin America,2017,8,Prime,Diamond,60,3191.65,53.19,0.0,0,Beauty,8,3.6,41,47,65,Mobile,Credit Card,60.76,37,1,49,3568.78,0.2197,Satisfied,Loyal Shopper
AMZ-104037,60,Non-Binary,Middle East,2021,4,Prime,Silver,52,1463.99,28.15,3.85,2,Electronics,7,3.8,48,38,129,Smart TV,Amazon Pay,42.45,0,0,49,1632.11,0.2075,Very Satisfied,Loyal Shopper
AMZ-104038,50,Male,East Asia,2023,2,Non-Prime,Platinum,40,7452.7,186.32,2.5,1,Sports,5,4.8,25,8,80,Desktop,Gift Card,34.47,35,3,347,10489.47,0.5887,Neutral,Premium Spender
AMZ-104039,24,Male,East Asia,2021,4,Non-Prime,Platinum,4,83.18,20.8,25.0,1,Beauty,6,1.1,46,2,18,Tablet,Net Banking,18.91,3,4,227,119.94,0.8606,Very Dissatisfied,Inactive User
AMZ-104040,42,Female,South Asia,2020,5,Non-Prime,Gold,6,159.98,26.66,150.0,9,Books,1,3.9,32,84,140,Smart TV,UPI,20.34,16,0,677,216.32,0.9187,Dissatisfied,Bargain Hunter
AMZ-104041,33,Male,Latin America,2020,5,Non-Prime,Silver,25,8378.42,335.14,12.0,3,Toys,8,4.1,30,24,78,Smart TV,Amazon Pay,3.48,31,2,332,11269.85,0.2857,Very Satisfied,Premium Spender
AMZ-104042,47,Male,Middle East,2021,4,Prime,Platinum,12,142.86,11.91,8.33,1,Home & Kitchen,8,3.9,28,7,28,Alexa,Gift Card,4.66,33,1,558,201.64,0.4783,Satisfied,Occasional Buyer
AMZ-104043,37,Female,Europe,2023,2,Prime,Gold,2,78.18,39.09,50.0,1,Beauty,8,2.9,48,0,6,Desktop,UPI,14.22,15,1,471,87.77,0.2377,Dissatisfied,Inactive User
AMZ-104044,49,Non-Binary,South Asia,2016,9,Prime,Diamond,29,13811.65,476.26,13.79,4,Home & Kitchen,3,4.1,19,19,63,Desktop,Cash on Delivery,54.95,36,4,544,17523.44,0.3544,Very Satisfied,Premium Spender
AMZ-104045,29,Male,South Asia,2022,3,Prime,Diamond,0,44.8,44.8,0.0,0,Home & Kitchen,8,2.8,33,2,1,Tablet,Amazon Pay,71.5,11,0,537,66.89,0.5233,Dissatisfied,Inactive User
AMZ-104046,31,Male,South Asia,2019,6,Prime,Diamond,62,3780.89,60.98,3.23,2,Sports,8,4.0,6,34,62,Mobile,Cash on Delivery,9.96,18,2,129,4822.88,0.0234,Very Satisfied,Loyal Shopper
AMZ-104047,39,Female,East Asia,2020,5,Prime,Platinum,34,2077.45,61.1,2.94,1,Electronics,4,4.6,11,49,151,Alexa,UPI,55.31,22,1,399,2884.66,0.4193,Very Satisfied,Loyal Shopper
AMZ-104048,43,Non-Binary,East Asia,2015,10,Prime,Gold,6,353.79,58.97,0.0,0,Electronics,8,2.3,23,3,47,Desktop,Debit Card,44.43,8,1,709,440.58,0.9879,Neutral,Occasional Buyer
AMZ-104049,65,Female,North America,2021,4,Prime,Silver,6,189.74,31.62,0.0,0,Clothing,8,2.3,17,13,18,Desktop,Cash on Delivery,26.91,23,3,402,256.44,0.4949,Neutral,Occasional Buyer
AMZ-104050,47,Male,East Asia,2022,3,Prime,Diamond,28,1786.62,63.81,0.0,0,Books,8,4.2,25,40,75,Tablet,Amazon Pay,54.16,9,3,486,2489.28,0.0901,Satisfied,Loyal Shopper
AMZ-104051,30,Female,North America,2020,5,Non-Prime,Platinum,6,297.83,49.64,16.67,1,Electronics,3,3.2,43,1,19,Tablet,Debit Card,55.65,21,0,523,418.29,0.7289,Satisfied,Occasional Buyer
AMZ-104052,60,Female,Southeast Asia,2021,4,Prime,Silver,22,2531.88,115.09,0.0,0,Books,8,4.1,2,28,72,Alexa,UPI,50.08,13,2,416,3439.64,0.9206,Satisfied,Loyal Shopper
AMZ-104053,55,Female,East Asia,2023,2,Prime,Gold,66,1085.73,16.45,1.52,1,Beauty,9,3.5,27,30,73,Desktop,UPI,70.57,10,2,65,1208.4,0.9228,Satisfied,Loyal Shopper
AMZ-104054,48,Non-Binary,North America,2019,6,Non-Prime,Silver,13,110.89,8.53,30.77,4,Home & Kitchen,9,2.5,48,46,137,Tablet,Credit Card,32.77,6,2,532,144.11,0.3968,Satisfied,Bargain Hunter
AMZ-104055,27,Non-Binary,South Asia,2020,5,Non-Prime,Platinum,9,483.11,53.68,22.22,2,Office,1,3.3,13,2,34,Tablet,Cash on Delivery,8.69,15,4,47,493.52,0.553,Satisfied,Occasional Buyer
AMZ-104056,41,Non-Binary,East Asia,2023,2,Prime,Silver,9,678.92,75.44,88.89,8,Beauty,9,3.3,45,28,234,Smart TV,Cash on Delivery,79.42,16,0,319,720.96,0.1796,Dissatisfied,Bargain Hunter
AMZ-104057,19,Female,North America,2020,5,Prime,Diamond,9,91.75,10.19,0.0,0,Home & Kitchen,7,3.4,1,10,36,Desktop,UPI,28.62,5,0,556,100.7,0.253,Dissatisfied,Occasional Buyer
AMZ-104058,37,Female,South Asia,2023,2,Prime,Diamond,51,2011.33,39.44,3.92,2,Books,7,4.9,36,43,177,Smart TV,Debit Card,40.51,35,2,526,2856.32,0.4375,Satisfied,Loyal Shopper
AMZ-104059,31,Non-Binary,East Asia,2022,3,Non-Prime,Platinum,19,166.99,8.79,10.53,2,Toys,3,2.9,29,93,189,Desktop,Amazon Pay,72.53,11,4,257,217.07,0.115,Dissatisfied,Bargain Hunter
AMZ-104060,48,Male,Southeast Asia,2017,8,Prime,Silver,39,3281.54,84.14,5.13,2,Beauty,4,4.0,43,42,158,Mobile,Amazon Pay,35.82,37,3,660,3724.33,0.2831,Very Satisfied,Loyal Shopper
AMZ-104061,59,Female,Middle East,2023,2,Non-Prime,Diamond,40,1092.17,27.3,2.5,1,Grocery,4,5.0,21,23,151,Tablet,Net Banking,14.3,16,0,480,1541.97,0.5323,Very Satisfied,Loyal Shopper
AMZ-104062,27,Female,Southeast Asia,2016,9,Prime,Platinum,39,8737.49,224.04,0.0,0,Home & Kitchen,4,3.6,1,11,89,Desktop,Net Banking,53.39,13,4,256,12757.47,0.2557,Very Satisfied,Premium Spender
AMZ-104063,19,Non-Binary,North America,2020,5,Non-Prime,Silver,43,13640.24,317.21,2.33,1,Books,5,3.6,43,8,98,Mobile,Credit Card,33.27,1,2,470,16001.44,0.4243,Satisfied,Premium Spender
AMZ-104064,20,Non-Binary,North America,2015,10,Prime,Gold,14,158.62,11.33,21.43,3,Office,5,3.2,1,13,44,Desktop,Gift Card,23.55,9,2,629,195.55,0.7455,Dissatisfied,Occasional Buyer
AMZ-104065,25,Non-Binary,Middle East,2019,6,Prime,Gold,0,84.42,84.42,0.0,0,Electronics,3,2.6,48,1,14,Tablet,Cash on Delivery,2.14,35,3,153,84.74,0.7998,Neutral,Inactive User
AMZ-104066,64,Male,Southeast Asia,2018,7,Prime,Silver,28,4310.94,153.96,14.29,4,Toys,4,3.5,10,14,89,Alexa,Gift Card,20.65,1,3,415,6126.69,0.4885,Very Satisfied,Premium Spender
AMZ-104067,51,Female,North America,2019,6,Non-Prime,Platinum,4,67.28,16.82,0.0,0,Toys,7,2.3,44,2,11,Alexa,Credit Card,48.15,6,3,255,71.59,0.5351,Neutral,Inactive User
AMZ-104068,71,Male,Latin America,2018,7,Non-Prime,Diamond,4,376.59,94.15,25.0,1,Beauty,6,3.2,49,16,41,Smart TV,Cash on Delivery,45.88,17,4,296,545.83,0.6016,Satisfied,Occasional Buyer
AMZ-104069,64,Male,Southeast Asia,2020,5,Prime,Gold,2,13.47,6.74,0.0,0,Grocery,1,1.2,9,4,17,Mobile,Credit Card,47.93,8,2,113,17.6,0.4035,Neutral,Inactive User
AMZ-104070,51,Non-Binary,Southeast Asia,2020,5,Prime,Silver,47,9354.37,199.03,6.38,3,Grocery,6,3.6,34,12,106,Mobile,Net Banking,73.19,30,0,462,11500.8,0.8909,Satisfied,Premium Spender
AMZ-104071,70,Male,Latin America,2022,3,Prime,Diamond,4,567.58,141.9,75.0,3,Home & Kitchen,1,2.3,44,15,34,Tablet,Gift Card,72.08,2,3,670,788.0,0.0707,Dissatisfied,Occasional Buyer
AMZ-104072,18,Female,Middle East,2023,2,Prime,Silver,10,545.24,54.52,30.0,3,Grocery,5,3.3,4,10,38,Desktop,Credit Card,27.55,25,2,54,679.82,0.4501,Neutral,Occasional Buyer
AMZ-104073,49,Female,Middle East,2021,4,Non-Prime,Platinum,20,14645.93,732.3,0.0,0,Books,8,3.5,35,16,92,Tablet,Amazon Pay,50.14,5,0,566,20366.93,0.0217,Very Satisfied,Premium Spender
AMZ-104074,60,Non-Binary,South Asia,2022,3,Prime,Diamond,12,239.82,19.98,16.67,2,Books,8,2.9,34,11,28,Tablet,Gift Card,26.7,20,1,153,313.33,0.1227,Satisfied,Occasional Buyer
AMZ-104075,69,Non-Binary,North America,2021,4,Prime,Diamond,24,6082.63,253.44,16.67,4,Grocery,6,4.4,2,27,78,Alexa,Net Banking,18.67,30,4,199,6362.54,0.3867,Neutral,Premium Spender
AMZ-104076,53,Female,North America,2020,5,Non-Prime,Platinum,30,14871.49,495.72,3.33,1,Automotive,4,3.7,35,25,84,Mobile,Credit Card,31.3,13,1,612,17666.61,0.5323,Neutral,Premium Spender
AMZ-104077,25,Female,Southeast Asia,2015,10,Prime,Platinum,17,9544.25,561.43,0.0,0,Office,1,4.2,12,18,99,Tablet,Cash on Delivery,42.19,34,1,96,12311.16,0.9382,Neutral,Premium Spender
AMZ-104078,19,Female,South Asia,2021,4,Prime,Silver,23,8233.1,357.96,0.0,0,Automotive,6,4.4,22,10,81,Desktop,UPI,56.5,35,1,357,8781.04,0.2948,Satisfied,Premium Spender
AMZ-104079,58,Non-Binary,North America,2021,4,Prime,Platinum,54,2325.46,43.06,0.0,0,Grocery,3,4.1,3,37,71,Tablet,Gift Card,38.87,17,1,89,3355.16,0.1249,Very Satisfied,Loyal Shopper
AMZ-104080,26,Male,East Asia,2022,3,Prime,Diamond,8,280.04,35.01,12.5,1,Automotive,2,2.9,34,16,45,Desktop,Credit Card,22.99,16,0,678,381.92,0.7856,Neutral,Occasional Buyer
AMZ-104081,71,Female,Southeast Asia,2023,2,Non-Prime,Diamond,42,4999.03,119.02,4.76,2,Books,6,3.9,14,23,137,Alexa,Cash on Delivery,60.86,15,3,212,5061.92,0.6519,Very Satisfied,Loyal Shopper
AMZ-104082,47,Male,Europe,2016,9,Prime,Diamond,40,939.48,23.49,2.5,1,Clothing,9,3.9,10,22,104,Mobile,Cash on Delivery,79.96,36,1,117,1052.99,0.0577,Satisfied,Loyal Shopper
AMZ-104083,55,Female,Latin America,2017,8,Prime,Gold,5,546.09,109.22,60.0,3,Beauty,9,3.1,32,61,173,Tablet,Amazon Pay,40.72,8,3,519,619.44,0.6695,Neutral,Bargain Hunter
AMZ-104084,69,Non-Binary,North America,2022,3,Prime,Platinum,8,162.27,20.28,25.0,2,Office,3,3.2,24,5,56,Mobile,UPI,44.44,5,4,17,196.01,0.3148,Neutral,Occasional Buyer
AMZ-104085,56,Non-Binary,Middle East,2016,9,Non-Prime,Gold,9,422.15,46.91,33.33,3,Office,8,4.1,8,67,161,Smart TV,Gift Card,39.68,30,0,60,570.03,0.5943,Dissatisfied,Bargain Hunter
AMZ-104086,19,Non-Binary,Middle East,2015,10,Prime,Gold,36,11023.55,306.21,8.33,3,Sports,1,4.2,23,12,97,Smart TV,Credit Card,37.32,27,2,73,14044.31,0.01,Satisfied,Premium Spender
AMZ-104087,24,Male,South Asia,2018,7,Prime,Gold,19,10252.65,539.61,10.53,2,Grocery,9,4.1,48,27,104,Desktop,Cash on Delivery,26.8,26,3,686,14792.97,0.1318,Satisfied,Premium Spender
AMZ-104088,42,Male,Middle East,2018,7,Prime,Platinum,6,110.97,18.5,33.33,2,Home & Kitchen,8,2.9,39,69,148,Tablet,Debit Card,13.68,13,0,313,134.31,0.6954,Neutral,Bargain Hunter
AMZ-104089,65,Non-Binary,South Asia,2018,7,Prime,Diamond,2,71.82,35.91,0.0,0,Sports,7,2.4,25,0,18,Mobile,Gift Card,79.52,16,2,597,104.94,0.5064,Very Dissatisfied,Inactive User
AMZ-104090,59,Non-Binary,Southeast Asia,2023,2,Prime,Platinum,4,88.46,22.11,25.0,1,Toys,5,1.7,22,0,4,Smart TV,Debit Card,62.15,38,2,563,97.03,0.3581,Neutral,Inactive User
AMZ-104091,63,Female,Latin America,2015,10,Prime,Platinum,3,12.53,4.18,33.33,1,Books,1,2.3,35,3,1,Alexa,UPI,39.74,8,4,21,18.52,0.9314,Neutral,Inactive User
AMZ-104092,25,Male,Europe,2018,7,Prime,Diamond,24,3196.94,133.21,0.0,0,Beauty,8,4.4,33,19,112,Smart TV,Credit Card,73.92,13,3,503,4360.67,0.16,Satisfied,Premium Spender
AMZ-104093,61,Male,South Asia,2021,4,Prime,Gold,17,471.37,27.73,35.29,6,Home & Kitchen,6,3.8,34,81,182,Tablet,Credit Card,76.94,3,4,453,519.39,0.6726,Neutral,Bargain Hunter
AMZ-104094,57,Non-Binary,Southeast Asia,2019,6,Prime,Silver,8,158.05,19.76,12.5,1,Clothing,9,3.1,15,14,43,Tablet,Credit Card,15.3,14,3,664,216.09,0.5835,Dissatisfied,Occasional Buyer
AMZ-104095,24,Non-Binary,Latin America,2022,3,Prime,Platinum,12,329.6,27.47,25.0,3,Books,1,3.7,42,3,35,Alexa,Cash on Delivery,25.98,17,1,509,443.94,0.0093,Satisfied,Occasional Buyer
AMZ-104096,35,Female,North America,2018,7,Prime,Diamond,44,2555.05,58.07,0.0,0,Toys,9,5.0,9,36,172,Mobile,Net Banking,55.77,24,0,384,2770.77,0.8507,Very Satisfied,Loyal Shopper
AMZ-104097,55,Male,South Asia,2022,3,Non-Prime,Gold,0,29.7,29.7,0.0,0,Automotive,1,1.8,40,0,5,Alexa,UPI,72.42,13,2,7,33.49,0.188,Dissatisfied,Inactive User
AMZ-104098,55,Female,Latin America,2017,8,Non-Prime,Silver,3,332.76,110.92,0.0,0,Office,2,3.7,1,12,46,Alexa,Gift Card,33.28,12,3,268,489.21,0.5149,Dissatisfied,Occasional Buyer
AMZ-104099,41,Male,Europe,2022,3,Prime,Diamond,33,3749.69,113.63,3.03,1,Toys,7,4.9,44,15,177,Alexa,Amazon Pay,22.46,37,2,170,4435.79,0.2076,Satisfied,Loyal Shopper
AMZ-104100,28,Female,Europe,2021,4,Prime,Silver,4,65.28,16.32,25.0,1,Clothing,1,2.0,41,4,4,Desktop,Cash on Delivery,71.89,4,0,83,94.49,0.8567,Very Dissatisfied,Inactive User
AMZ-104101,50,Non-Binary,South Asia,2021,4,Prime,Diamond,13,203.85,15.68,7.69,1,Home & Kitchen,4,2.1,29,7,31,Mobile,Debit Card,78.61,12,3,409,248.35,0.2587,Satisfied,Occasional Buyer
AMZ-104102,62,Female,North America,2019,6,Prime,Platinum,28,6967.25,248.83,7.14,2,Electronics,3,4.2,44,17,54,Desktop,Credit Card,55.12,3,0,718,9818.75,0.7973,Satisfied,Premium Spender
AMZ-104103,45,Male,Latin America,2019,6,Prime,Diamond,28,208.54,7.45,21.43,6,Toys,8,3.7,38,95,138,Alexa,Cash on Delivery,48.87,11,4,565,274.77,0.1929,Dissatisfied,Bargain Hunter
AMZ-104104,38,Male,Middle East,2020,5,Prime,Diamond,5,494.18,98.84,160.0,8,Electronics,7,3.8,38,37,226,Smart TV,Credit Card,35.77,2,1,348,614.07,0.9246,Satisfied,Bargain Hunter
AMZ-104105,27,Female,East Asia,2018,7,Prime,Silver,17,428.19,25.19,23.53,4,Books,8,3.2,11,72,138,Alexa,Cash on Delivery,24.64,25,4,0,452.89,0.7403,Satisfied,Bargain Hunter
AMZ-104106,37,Non-Binary,Europe,2019,6,Prime,Gold,1,42.2,42.2,0.0,0,Sports,9,2.0,1,2,7,Smart TV,Gift Card,45.53,25,3,210,52.18,0.9131,Dissatisfied,Inactive User
AMZ-104107,25,Non-Binary,East Asia,2023,2,Prime,Platinum,4,67.79,16.95,0.0,0,Books,4,2.8,23,3,7,Mobile,Debit Card,68.7,10,4,111,68.19,0.8064,Neutral,Inactive User
AMZ-104108,42,Female,North America,2019,6,Prime,Silver,5,437.47,87.49,0.0,0,Grocery,1,2.9,6,6,47,Mobile,Credit Card,7.57,28,3,634,559.98,0.3489,Neutral,Occasional Buyer
AMZ-104109,48,Male,Europe,2017,8,Prime,Platinum,3,99.15,33.05,33.33,1,Books,8,2.1,9,3,9,Desktop,Debit Card,6.74,9,1,198,133.63,0.1921,Neutral,Inactive User
AMZ-104110,28,Male,Southeast Asia,2023,2,Non-Prime,Silver,6,94.31,15.72,50.0,3,Sports,4,4.0,8,5,11,Tablet,Gift Card,49.46,28,1,452,99.09,0.0084,Satisfied,Occasional Buyer
AMZ-104111,42,Female,Southeast Asia,2018,7,Prime,Platinum,16,557.16,34.82,56.25,9,Electronics,2,3.2,27,74,206,Smart TV,Gift Card,4.93,19,4,15,658.06,0.2184,Dissatisfied,Bargain Hunter
AMZ-104112,30,Non-Binary,East Asia,2018,7,Non-Prime,Diamond,5,249.23,49.85,140.0,7,Grocery,3,3.1,44,28,171,Desktop,Credit Card,68.89,9,2,424,264.47,0.2499,Satisfied,Bargain Hunter
AMZ-104113,48,Male,Europe,2017,8,Prime,Diamond,9,240.47,26.72,55.56,5,Sports,5,3.3,43,97,165,Tablet,Gift Card,18.13,29,3,270,335.42,0.53,Neutral,Bargain Hunter
AMZ-104114,33,Female,Europe,2015,10,Non-Prime,Diamond,66,3403.84,51.57,1.52,1,Office,1,3.7,35,41,142,Tablet,Cash on Delivery,38.89,3,3,88,4183.49,0.8107,Very Satisfied,Loyal Shopper
AMZ-104115,42,Non-Binary,Europe,2018,7,Prime,Gold,17,432.57,25.45,35.29,6,Home & Kitchen,2,4.1,29,31,123,Smart TV,Amazon Pay,46.25,32,4,580,613.09,0.6117,Satisfied,Bargain Hunter
AMZ-104116,63,Non-Binary,Middle East,2022,3,Non-Prime,Diamond,9,589.08,65.45,0.0,0,Electronics,6,2.0,9,5,44,Alexa,Debit Card,20.66,7,3,145,599.53,0.0934,Satisfied,Occasional Buyer
AMZ-104117,23,Non-Binary,South Asia,2021,4,Prime,Platinum,77,1992.33,25.87,2.6,2,Books,9,3.9,45,17,119,Desktop,Cash on Delivery,65.06,31,0,721,2480.82,0.782,Very Satisfied,Loyal Shopper
AMZ-104118,69,Male,North America,2023,2,Prime,Silver,35,12084.57,345.27,11.43,4,Home & Kitchen,2,3.5,45,19,80,Desktop,Gift Card,75.48,27,4,329,14693.55,0.9901,Neutral,Premium Spender
AMZ-104119,53,Male,North America,2023,2,Non-Prime,Silver,34,6464.61,190.14,5.88,2,Beauty,8,3.5,36,15,112,Smart TV,Gift Card,68.91,35,4,111,8471.79,0.0404,Neutral,Premium Spender
AMZ-104120,61,Non-Binary,East Asia,2015,10,Prime,Silver,52,3005.92,57.81,0.0,0,Electronics,7,4.4,16,45,103,Alexa,UPI,33.21,8,3,203,3769.67,0.746,Very Satisfied,Loyal Shopper
AMZ-104121,59,Female,Europe,2020,5,Prime,Silver,21,13265.31,631.68,14.29,3,Clothing,8,3.3,8,25,97,Tablet,Debit Card,19.7,18,3,575,13373.29,0.4853,Very Satisfied,Premium Spender
AMZ-104122,41,Female,Europe,2021,4,Prime,Silver,38,11263.16,296.4,7.89,3,Sports,8,4.0,12,5,105,Smart TV,Amazon Pay,21.2,23,3,279,11402.77,0.5561,Satisfied,Premium Spender
AMZ-104123,38,Female,Middle East,2016,9,Prime,Diamond,2,90.57,45.28,50.0,1,Office,4,2.1,11,0,7,Alexa,UPI,36.83,19,4,15,99.15,0.0943,Very Dissatisfied,Inactive User
AMZ-104124,34,Female,Middle East,2023,2,Prime,Diamond,1,163.72,163.72,300.0,3,Electronics,2,3.4,16,19,34,Desktop,Gift Card,60.77,15,0,26,231.35,0.1077,Satisfied,Occasional Buyer
AMZ-104125,22,Male,Southeast Asia,2015,10,Prime,Silver,20,433.98,21.7,45.0,9,Books,3,3.2,18,52,124,Smart TV,Gift Card,60.4,33,0,58,598.7,0.6679,Neutral,Bargain Hunter
AMZ-104126,29,Female,Middle East,2023,2,Prime,Gold,46,2310.52,50.23,2.17,1,Home & Kitchen,9,4.4,44,45,74,Mobile,Gift Card,48.21,3,1,706,2630.71,0.6412,Satisfied,Loyal Shopper
AMZ-104127,25,Male,North America,2023,2,Prime,Silver,3,57.32,19.11,33.33,1,Office,7,2.0,14,2,13,Smart TV,Cash on Delivery,16.17,29,4,434,59.22,0.5213,Dissatisfied,Inactive User
AMZ-104128,42,Female,Middle East,2021,4,Prime,Gold,18,778.73,43.26,33.33,6,Books,5,4.3,26,41,153,Tablet,Amazon Pay,52.66,20,0,37,795.75,0.1108,Neutral,Bargain Hunter
AMZ-104129,22,Female,Europe,2023,2,Non-Prime,Diamond,11,394.32,35.85,27.27,3,Automotive,6,2.7,31,12,54,Tablet,Debit Card,46.65,27,4,667,410.24,0.8298,Neutral,Occasional Buyer
AMZ-104130,34,Non-Binary,Latin America,2016,9,Non-Prime,Platinum,60,1285.72,21.43,3.33,2,Office,2,4.9,18,13,84,Smart TV,Net Banking,10.88,13,3,577,1807.24,0.3307,Very Satisfied,Loyal Shopper
AMZ-104131,37,Male,South Asia,2023,2,Non-Prime,Silver,6,285.67,47.61,33.33,2,Automotive,7,2.3,6,6,13,Mobile,Cash on Delivery,45.42,21,0,88,374.26,0.7894,Dissatisfied,Occasional Buyer
AMZ-104132,50,Female,South Asia,2018,7,Prime,Silver,31,4904.2,158.2,6.45,2,Sports,5,3.9,34,14,74,Alexa,Net Banking,29.83,29,1,29,7090.89,0.2181,Very Satisfied,Loyal Shopper
AMZ-104133,22,Male,Southeast Asia,2022,3,Non-Prime,Diamond,1,54.66,54.66,0.0,0,Beauty,8,2.8,34,0,13,Desktop,Net Banking,65.6,32,0,243,63.05,0.0963,Neutral,Inactive User
AMZ-104134,59,Male,Latin America,2018,7,Non-Prime,Diamond,27,11285.63,417.99,7.41,2,Automotive,3,5.0,8,25,99,Desktop,Credit Card,49.58,14,4,550,16672.46,0.3564,Very Satisfied,Premium Spender
AMZ-104135,52,Non-Binary,East Asia,2017,8,Prime,Diamond,45,5104.56,113.43,6.67,3,Clothing,2,3.8,9,21,54,Tablet,UPI,21.88,23,2,659,6003.2,0.1259,Satisfied,Premium Spender
AMZ-104136,67,Non-Binary,South Asia,2017,8,Prime,Platinum,25,11949.92,478.0,12.0,3,Grocery,1,4.8,34,25,59,Smart TV,Cash on Delivery,64.66,8,0,167,13321.7,0.9526,Very Satisfied,Premium Spender
AMZ-104137,62,Male,East Asia,2022,3,Non-Prime,Gold,5,406.21,81.24,20.0,1,Automotive,4,3.6,11,14,39,Smart TV,UPI,35.22,3,3,36,471.91,0.7484,Satisfied,Occasional Buyer
AMZ-104138,43,Male,Europe,2020,5,Non-Prime,Silver,17,13147.84,773.4,0.0,0,Home & Kitchen,6,3.9,40,24,78,Tablet,UPI,51.61,20,0,529,13912.17,0.8633,Very Satisfied,Premium Spender
AMZ-104139,35,Female,Middle East,2016,9,Prime,Diamond,26,3694.67,142.1,0.0,0,Electronics,9,3.6,10,23,77,Smart TV,Credit Card,61.87,15,4,313,4396.77,0.8981,Very Satisfied,Loyal Shopper
AMZ-104140,35,Non-Binary,Latin America,2016,9,Prime,Diamond,10,312.75,31.27,10.0,1,Home & Kitchen,4,3.3,23,8,55,Tablet,Gift Card,68.17,37,2,570,354.75,0.0707,Dissatisfied,Occasional Buyer
AMZ-104141,69,Male,Latin America,2016,9,Prime,Diamond,1,75.79,75.79,0.0,0,Clothing,2,2.6,31,2,3,Tablet,Credit Card,23.09,33,3,109,78.26,0.2473,Dissatisfied,Inactive User
AMZ-104142,65,Non-Binary,Middle East,2016,9,Non-Prime,Gold,44,4350.81,98.88,0.0,0,Beauty,4,4.0,13,15,103,Tablet,Gift Card,2.54,33,4,656,4564.55,0.0123,Very Satisfied,Premium Spender
AMZ-104143,60,Male,East Asia,2020,5,Non-Prime,Diamond,1,507.69,507.69,0.0,0,Electronics,5,2.4,8,3,14,Mobile,Amazon Pay,0.84,13,1,533,579.92,0.2628,Dissatisfied,Occasional Buyer
AMZ-104144,58,Female,North America,2019,6,Prime,Gold,14,513.19,36.66,21.43,3,Sports,3,3.4,43,1,20,Desktop,Gift Card,68.71,33,1,646,740.32,0.4709,Dissatisfied,Occasional Buyer
AMZ-104145,49,Non-Binary,Southeast Asia,2019,6,Prime,Gold,20,728.29,36.41,40.0,8,Beauty,5,3.9,41,89,100,Tablet,Debit Card,77.87,11,4,43,781.67,0.0239,Dissatisfied,Bargain Hunter
AMZ-104146,67,Male,Europe,2021,4,Prime,Gold,4,91.45,22.86,25.0,1,Toys,8,2.1,3,3,19,Mobile,Credit Card,50.19,17,0,576,133.38,0.9369,Neutral,Inactive User
AMZ-104147,44,Male,East Asia,2018,7,Prime,Silver,15,753.91,50.26,13.33,2,Books,1,4.0,5,37,202,Tablet,Gift Card,22.92,37,2,598,947.58,0.3689,Dissatisfied,Bargain Hunter
AMZ-104148,31,Male,East Asia,2018,7,Non-Prime,Diamond,15,347.88,23.19,26.67,4,Home & Kitchen,2,3.4,36,72,177,Alexa,Amazon Pay,31.64,33,1,225,421.79,0.8966,Satisfied,Bargain Hunter
AMZ-104149,41,Non-Binary,Latin America,2022,3,Non-Prime,Silver,11,216.7,19.7,9.09,1,Clothing,6,2.1,31,16,28,Mobile,Cash on Delivery,52.29,23,2,388,303.9,0.7866,Satisfied,Occasional Buyer
AMZ-104150,69,Male,Latin America,2015,10,Non-Prime,Gold,57,4132.22,72.5,1.75,1,Home & Kitchen,1,4.8,12,24,63,Alexa,Cash on Delivery,38.1,35,0,49,5201.38,0.731,Very Satisfied,Loyal Shopper
AMZ-104151,30,Female,East Asia,2018,7,Non-Prime,Silver,12,497.16,41.43,8.33,1,Grocery,4,2.5,22,12,28,Smart TV,Gift Card,71.32,29,4,317,552.7,0.4173,Satisfied,Occasional Buyer
AMZ-104152,58,Non-Binary,South Asia,2020,5,Prime,Silver,34,1625.88,47.82,2.94,1,Sports,5,3.7,34,31,154,Tablet,UPI,13.07,17,4,634,1817.97,0.073,Very Satisfied,Loyal Shopper
AMZ-104153,53,Non-Binary,Southeast Asia,2021,4,Non-Prime,Gold,27,341.58,12.65,11.11,3,Toys,6,3.1,8,45,118,Tablet,Amazon Pay,28.72,35,2,6,461.24,0.8312,Satisfied,Bargain Hunter
AMZ-104154,23,Non-Binary,South Asia,2015,10,Prime,Silver,19,6127.33,322.49,5.26,1,Grocery,6,3.2,18,24,119,Alexa,Debit Card,9.18,4,3,413,7047.71,0.4755,Satisfied,Premium Spender
AMZ-104155,48,Female,South Asia,2022,3,Prime,Diamond,44,4280.52,97.28,2.27,1,Sports,2,4.3,6,46,74,Mobile,Gift Card,2.19,38,3,402,5413.67,0.8501,Very Satisfied,Loyal Shopper
AMZ-104156,47,Non-Binary,Latin America,2018,7,Non-Prime,Gold,20,5320.88,266.04,15.0,3,Electronics,2,4.7,21,18,110,Desktop,Debit Card,41.92,30,0,273,6810.13,0.0018,Satisfied,Premium Spender
AMZ-104157,56,Male,Latin America,2023,2,Non-Prime,Diamond,18,7239.53,402.2,16.67,3,Office,3,4.9,43,14,63,Desktop,Gift Card,41.11,6,3,278,8598.59,0.4375,Neutral,Premium Spender
AMZ-104158,20,Female,Latin America,2019,6,Non-Prime,Silver,2,43.95,21.98,50.0,1,Toys,7,1.0,6,0,17,Smart TV,Gift Card,57.33,5,2,718,56.65,0.8078,Dissatisfied,Inactive User
AMZ-104159,21,Male,South Asia,2019,6,Prime,Silver,13,364.56,28.04,15.38,2,Office,1,2.7,19,8,22,Desktop,Net Banking,2.19,32,1,513,399.13,0.5692,Neutral,Occasional Buyer
AMZ-104160,61,Male,East Asia,2015,10,Non-Prime,Gold,43,4534.22,105.45,4.65,2,Toys,5,3.6,12,39,138,Smart TV,Credit Card,32.21,28,1,35,4977.1,0.0099,Satisfied,Loyal Shopper
AMZ-104161,38,Non-Binary,South Asia,2020,5,Prime,Platinum,21,4574.78,217.85,0.0,0,Office,1,4.0,49,44,154,Alexa,UPI,39.44,22,4,453,5909.74,0.8957,Satisfied,Loyal Shopper
AMZ-104162,61,Male,Europe,2021,4,Prime,Diamond,1,454.37,454.37,100.0,1,Sports,6,3.9,15,2,36,Tablet,Amazon Pay,75.42,2,0,486,627.05,0.6958,Neutral,Occasional Buyer
AMZ-104163,35,Male,East Asia,2018,7,Non-Prime,Diamond,0,29.12,29.12,100.0,1,Grocery,1,1.3,31,3,11,Smart TV,UPI,63.14,25,0,688,30.67,0.3133,Very Dissatisfied,Inactive User
AMZ-104164,71,Male,Europe,2017,8,Prime,Gold,13,663.83,51.06,46.15,6,Electronics,1,4.1,48,70,150,Smart TV,Amazon Pay,68.98,13,4,29,701.4,0.2935,Neutral,Bargain Hunter
AMZ-104165,64,Non-Binary,Middle East,2018,7,Prime,Platinum,7,340.51,48.64,42.86,3,Grocery,9,4.2,22,58,217,Smart TV,Gift Card,2.97,25,2,101,378.79,0.8652,Dissatisfied,Bargain Hunter
AMZ-104166,24,Female,Latin America,2015,10,Prime,Silver,22,714.2,32.46,18.18,4,Toys,7,2.7,35,51,90,Desktop,Cash on Delivery,14.46,4,3,163,793.5,0.6238,Satisfied,Bargain Hunter
AMZ-104167,49,Female,Middle East,2022,3,Prime,Gold,20,7752.19,387.61,15.0,3,Beauty,7,4.3,24,16,97,Alexa,Credit Card,0.52,36,1,674,10085.13,0.0501,Very Satisfied,Premium Spender
AMZ-104168,21,Non-Binary,Latin America,2021,4,Prime,Diamond,25,2725.72,109.03,8.0,2,Home & Kitchen,4,4.8,48,35,139,Smart TV,Debit Card,1.18,16,4,129,3835.6,0.4084,Very Satisfied,Loyal Shopper
AMZ-104169,63,Male,Latin America,2018,7,Prime,Diamond,8,499.09,62.39,62.5,5,Electronics,1,4.3,48,48,149,Desktop,Debit Card,44.43,11,0,73,618.58,0.2193,Satisfied,Bargain Hunter
AMZ-104170,28,Non-Binary,Europe,2017,8,Prime,Silver,77,3185.72,41.37,2.6,2,Clothing,1,3.5,49,38,79,Alexa,Amazon Pay,42.14,14,4,55,3444.04,0.2379,Satisfied,Loyal Shopper
AMZ-104171,68,Non-Binary,Middle East,2020,5,Non-Prime,Diamond,12,453.78,37.81,0.0,0,Automotive,7,2.6,0,9,59,Desktop,Net Banking,12.89,7,1,486,455.64,0.4628,Satisfied,Occasional Buyer
AMZ-104172,36,Male,Middle East,2018,7,Prime,Diamond,19,7666.61,403.51,21.05,4,Office,9,4.6,32,16,84,Tablet,Cash on Delivery,4.68,1,4,532,8358.43,0.8325,Very Satisfied,Premium Spender
AMZ-104173,37,Non-Binary,Latin America,2016,9,Prime,Platinum,4,405.04,101.26,0.0,0,Automotive,2,2.9,47,15,23,Tablet,Net Banking,38.04,16,1,178,482.8,0.3789,Neutral,Occasional Buyer
AMZ-104174,42,Male,Southeast Asia,2018,7,Non-Prime,Gold,27,251.77,9.32,7.41,2,Toys,2,3.1,40,61,154,Smart TV,Credit Card,8.13,37,4,82,271.84,0.9309,Neutral,Bargain Hunter
AMZ-104175,63,Male,Europe,2022,3,Prime,Diamond,61,3734.47,61.22,1.64,1,Toys,1,4.8,22,48,139,Mobile,Credit Card,77.18,7,4,320,4335.91,0.5164,Satisfied,Loyal Shopper
AMZ-104176,60,Non-Binary,Europe,2017,8,Non-Prime,Gold,60,2950.52,49.18,3.33,2,Home & Kitchen,6,4.5,24,38,110,Desktop,Credit Card,43.76,22,0,60,4324.46,0.862,Satisfied,Loyal Shopper
AMZ-104177,30,Male,Europe,2015,10,Prime,Gold,28,780.86,27.89,21.43,6,Electronics,6,3.4,40,85,227,Alexa,Net Banking,53.33,9,0,137,816.12,0.7153,Dissatisfied,Bargain Hunter
AMZ-104178,58,Non-Binary,Europe,2018,7,Non-Prime,Gold,53,4659.03,87.91,0.0,0,Grocery,1,4.1,44,13,113,Smart TV,Debit Card,16.38,24,0,593,5305.16,0.8725,Very Satisfied,Loyal Shopper
AMZ-104179,53,Male,Southeast Asia,2019,6,Non-Prime,Gold,68,1967.6,28.94,1.47,1,Books,8,4.9,31,20,171,Desktop,Net Banking,30.75,34,3,220,2766.38,0.8567,Very Satisfied,Loyal Shopper
AMZ-104180,60,Non-Binary,Southeast Asia,2022,3,Prime,Platinum,26,6948.66,267.26,15.38,4,Grocery,5,4.0,15,8,76,Tablet,Debit Card,55.47,30,2,543,10012.8,0.5453,Satisfied,Premium Spender
AMZ-104181,35,Female,South Asia,2018,7,Prime,Silver,67,3574.56,53.35,0.0,0,Office,6,4.6,28,24,104,Smart TV,Cash on Delivery,37.51,0,4,360,4957.93,0.8464,Very Satisfied,Loyal Shopper
AMZ-104182,26,Female,South Asia,2020,5,Non-Prime,Diamond,10,328.7,32.87,20.0,2,Sports,1,3.3,36,36,156,Mobile,Gift Card,8.88,30,1,606,463.33,0.8788,Dissatisfied,Bargain Hunter
AMZ-104183,62,Non-Binary,Latin America,2016,9,Prime,Gold,22,3007.71,136.71,4.55,1,Toys,1,3.7,10,10,134,Tablet,Credit Card,38.66,19,0,197,4455.95,0.2029,Satisfied,Loyal Shopper
AMZ-104184,48,Female,Europe,2021,4,Prime,Silver,45,1802.28,40.05,4.44,2,Electronics,8,4.7,22,25,92,Tablet,Credit Card,49.71,9,3,222,2021.47,0.6971,Satisfied,Loyal Shopper
AMZ-104185,32,Male,Middle East,2022,3,Prime,Platinum,28,238.97,8.53,32.14,9,Clothing,5,2.6,20,34,147,Desktop,Gift Card,17.43,18,4,597,351.64,0.6051,Dissatisfied,Bargain Hunter
AMZ-104186,55,Non-Binary,North America,2016,9,Prime,Gold,63,3340.19,53.02,3.17,2,Toys,1,3.8,37,25,158,Mobile,Gift Card,50.99,22,3,466,3906.91,0.4589,Very Satisfied,Loyal Shopper
AMZ-104187,26,Male,Europe,2015,10,Prime,Gold,41,2372.19,57.86,0.0,0,Grocery,8,5.0,13,47,179,Desktop,Credit Card,0.38,20,2,541,3037.59,0.2921,Very Satisfied,Loyal Shopper
AMZ-104188,43,Non-Binary,South Asia,2015,10,Non-Prime,Platinum,78,3124.46,40.06,2.56,2,Home & Kitchen,2,4.3,35,43,60,Smart TV,Amazon Pay,69.73,39,1,286,3677.01,0.5276,Satisfied,Loyal Shopper
AMZ-104189,18,Female,East Asia,2020,5,Non-Prime,Gold,49,2110.57,43.07,0.0,0,Grocery,8,4.5,19,22,86,Mobile,Cash on Delivery,44.26,29,1,501,3074.72,0.7945,Very Satisfied,Loyal Shopper
AMZ-104190,48,Female,Latin America,2019,6,Prime,Gold,3,68.28,22.76,33.33,1,Books,7,1.9,8,1,8,Smart TV,Cash on Delivery,38.19,32,0,691,69.42,0.138,Dissatisfied,Inactive User
AMZ-104191,20,Female,East Asia,2016,9,Non-Prime,Diamond,18,14686.27,815.9,0.0,0,Sports,2,3.5,1,23,44,Mobile,Debit Card,12.75,3,2,327,15711.98,0.5501,Very Satisfied,Premium Spender
AMZ-104192,38,Female,Europe,2022,3,Prime,Platinum,61,967.09,15.85,0.0,0,Books,6,3.7,19,11,81,Mobile,Gift Card,27.66,4,4,495,1212.13,0.6094,Very Satisfied,Loyal Shopper
AMZ-104193,27,Female,Europe,2018,7,Non-Prime,Diamond,9,688.83,76.54,55.56,5,Electronics,4,2.8,39,86,162,Mobile,Net Banking,57.12,14,3,155,855.25,0.21,Satisfied,Bargain Hunter
AMZ-104194,61,Female,East Asia,2016,9,Non-Prime,Platinum,0,68.77,68.77,100.0,1,Grocery,3,1.5,8,4,11,Mobile,Credit Card,4.72,16,1,422,70.72,0.0094,Very Dissatisfied,Inactive User
AMZ-104195,59,Non-Binary,North America,2016,9,Prime,Diamond,2,193.45,96.72,50.0,1,Sports,9,2.2,8,9,22,Desktop,UPI,0.27,31,0,290,265.07,0.7197,Satisfied,Occasional Buyer
AMZ-104196,24,Male,Middle East,2019,6,Prime,Gold,17,3234.52,190.27,23.53,4,Sports,6,3.8,39,11,91,Mobile,Credit Card,69.74,3,3,472,4382.8,0.1959,Very Satisfied,Premium Spender
AMZ-104197,57,Female,East Asia,2018,7,Prime,Diamond,8,586.56,73.32,0.0,0,Office,4,2.8,14,3,20,Alexa,Net Banking,19.19,7,0,591,707.44,0.918,Neutral,Occasional Buyer
AMZ-104198,54,Non-Binary,Latin America,2021,4,Prime,Silver,28,10278.51,367.09,7.14,2,Beauty,3,3.4,22,21,64,Desktop,Net Banking,66.84,38,0,62,13746.32,0.2666,Satisfied,Premium Spender
AMZ-104199,51,Male,Latin America,2018,7,Prime,Gold,11,208.36,18.94,0.0,0,Clothing,6,2.5,6,10,54,Alexa,Credit Card,13.37,28,4,90,264.31,0.8036,Dissatisfied,Occasional Buyer
AMZ-104200,27,Non-Binary,South Asia,2021,4,Prime,Diamond,1,117.05,117.05,0.0,0,Sports,3,2.8,49,15,29,Desktop,Amazon Pay,68.54,33,2,11,150.88,0.9156,Satisfied,Occasional Buyer
AMZ-104201,39,Male,Latin America,2018,7,Non-Prime,Platinum,8,470.25,58.78,12.5,1,Automotive,5,2.8,31,8,45,Smart TV,Debit Card,63.99,39,0,630,578.7,0.9469,Satisfied,Occasional Buyer
AMZ-104202,29,Non-Binary,South Asia,2023,2,Non-Prime,Platinum,4,587.02,146.75,25.0,1,Electronics,8,2.6,23,5,52,Mobile,Credit Card,36.12,23,1,566,618.72,0.7614,Satisfied,Occasional Buyer
AMZ-104203,62,Male,East Asia,2015,10,Prime,Platinum,10,228.82,22.88,90.0,9,Grocery,4,3.6,25,83,118,Smart TV,Cash on Delivery,75.42,26,3,418,230.58,0.4076,Satisfied,Bargain Hunter
AMZ-104204,27,Female,Latin America,2018,7,Non-Prime,Gold,26,2409.1,92.66,0.0,0,Toys,1,4.3,37,17,67,Mobile,Debit Card,76.36,16,0,279,3035.93,0.7343,Satisfied,Loyal Shopper
AMZ-104205,36,Female,Middle East,2021,4,Non-Prime,Silver,16,220.19,13.76,50.0,8,Home & Kitchen,2,4.1,26,43,166,Mobile,Amazon Pay,70.21,27,4,328,268.08,0.796,Satisfied,Bargain Hunter
AMZ-104206,37,Non-Binary,North America,2021,4,Non-Prime,Diamond,6,437.35,72.89,50.0,3,Books,2,3.4,19,17,15,Alexa,Gift Card,66.78,0,0,294,557.45,0.9694,Satisfied,Occasional Buyer
AMZ-104207,69,Male,South Asia,2023,2,Non-Prime,Gold,25,781.08,31.24,20.0,5,Beauty,1,4.1,36,26,212,Tablet,Net Banking,66.36,3,0,80,946.68,0.0993,Satisfied,Bargain Hunter
AMZ-104208,70,Non-Binary,Europe,2022,3,Non-Prime,Gold,6,112.38,18.73,33.33,2,Electronics,3,2.9,24,2,58,Tablet,Net Banking,72.54,39,3,561,144.93,0.9613,Satisfied,Occasional Buyer
AMZ-104209,41,Female,Southeast Asia,2021,4,Prime,Diamond,13,113.2,8.71,23.08,3,Automotive,1,3.1,8,6,34,Alexa,UPI,3.56,32,1,538,164.26,0.0374,Satisfied,Occasional Buyer
AMZ-104210,65,Non-Binary,South Asia,2017,8,Prime,Gold,11,198.3,18.03,54.55,6,Electronics,3,2.6,24,95,157,Tablet,Cash on Delivery,77.37,6,1,201,226.8,0.8225,Neutral,Bargain Hunter
AMZ-104211,61,Female,South Asia,2016,9,Prime,Platinum,3,62.85,20.95,33.33,1,Beauty,3,2.2,14,13,50,Mobile,Credit Card,29.41,32,3,201,81.4,0.8748,Dissatisfied,Occasional Buyer
AMZ-104212,49,Non-Binary,Middle East,2017,8,Prime,Diamond,28,12459.81,444.99,14.29,4,Electronics,5,4.3,43,5,93,Mobile,Amazon Pay,7.23,26,3,488,13812.89,0.7622,Satisfied,Premium Spender
AMZ-104213,34,Male,East Asia,2023,2,Prime,Gold,65,884.47,13.61,3.08,2,Toys,3,3.9,30,24,133,Alexa,UPI,62.39,30,3,294,1074.66,0.3229,Very Satisfied,Loyal Shopper
AMZ-104214,67,Male,Middle East,2019,6,Prime,Platinum,40,6492.82,162.32,5.0,2,Automotive,5,3.4,15,11,47,Smart TV,Net Banking,49.1,20,3,562,8177.34,0.7121,Satisfied,Premium Spender
AMZ-104215,28,Non-Binary,Middle East,2017,8,Non-Prime,Gold,23,223.57,9.72,17.39,4,Electronics,7,2.7,24,73,115,Smart TV,Amazon Pay,47.19,3,3,382,333.83,0.0306,Neutral,Bargain Hunter
AMZ-104216,30,Non-Binary,North America,2020,5,Non-Prime,Gold,30,7453.0,248.43,0.0,0,Office,2,4.8,32,25,113,Alexa,Cash on Delivery,78.51,38,4,592,10400.92,0.0498,Satisfied,Premium Spender
AMZ-104217,69,Non-Binary,South Asia,2015,10,Prime,Silver,44,7288.19,165.64,6.82,3,Beauty,3,3.9,30,5,41,Smart TV,Credit Card,79.63,37,1,231,7717.49,0.0588,Very Satisfied,Premium Spender
AMZ-104218,59,Non-Binary,Latin America,2019,6,Prime,Platinum,24,2984.75,124.36,4.17,1,Clothing,3,4.5,33,10,127,Alexa,Amazon Pay,9.88,24,2,52,3805.92,0.7996,Very Satisfied,Loyal Shopper
AMZ-104219,36,Non-Binary,Southeast Asia,2016,9,Non-Prime,Silver,1,10.92,10.92,0.0,0,Grocery,4,2.6,27,1,10,Tablet,Cash on Delivery,48.38,12,4,521,16.17,0.0816,Neutral,Inactive User
AMZ-104220,62,Female,Latin America,2017,8,Prime,Silver,39,3309.27,84.85,0.0,0,Office,8,4.8,1,31,116,Mobile,Net Banking,1.92,13,2,288,4815.72,0.5393,Satisfied,Loyal Shopper
AMZ-104221,46,Male,Southeast Asia,2015,10,Non-Prime,Platinum,23,394.52,17.15,17.39,4,Office,8,2.7,8,50,104,Alexa,UPI,36.28,28,4,340,521.79,0.4855,Satisfied,Bargain Hunter
AMZ-104222,21,Female,Southeast Asia,2020,5,Non-Prime,Platinum,4,107.66,26.91,0.0,0,Sports,4,2.5,21,16,29,Tablet,Credit Card,22.22,19,4,303,138.94,0.1986,Dissatisfied,Occasional Buyer
AMZ-104223,28,Female,Middle East,2017,8,Prime,Diamond,16,579.03,36.19,25.0,4,Clothing,1,4.1,40,21,102,Smart TV,Net Banking,26.61,7,3,618,628.05,0.515,Satisfied,Bargain Hunter
AMZ-104224,23,Non-Binary,South Asia,2021,4,Prime,Diamond,7,384.56,54.94,0.0,0,Beauty,1,3.5,9,3,41,Alexa,Credit Card,6.39,28,3,577,542.45,0.111,Dissatisfied,Occasional Buyer
AMZ-104225,61,Non-Binary,Europe,2023,2,Prime,Platinum,35,14512.99,414.66,5.71,2,Office,2,4.6,18,7,101,Alexa,Debit Card,7.87,22,1,236,20221.71,0.4097,Satisfied,Premium Spender
AMZ-104226,58,Female,Latin America,2018,7,Non-Prime,Silver,0,15.61,15.61,100.0,1,Automotive,1,1.9,24,0,5,Alexa,Net Banking,6.86,30,1,254,20.15,0.2835,Neutral,Inactive User
AMZ-104227,31,Female,Middle East,2023,2,Prime,Diamond,3,4.7,1.57,0.0,0,Grocery,5,1.9,13,4,14,Desktop,Net Banking,52.62,5,3,539,6.91,0.3451,Very Dissatisfied,Inactive User
AMZ-104228,52,Female,Latin America,2017,8,Non-Prime,Silver,17,13880.57,816.5,17.65,3,Toys,2,4.6,21,15,51,Smart TV,UPI,27.82,22,3,18,14242.32,0.9673,Neutral,Premium Spender
AMZ-104229,61,Female,Latin America,2020,5,Prime,Diamond,3,540.79,180.26,100.0,3,Home & Kitchen,1,3.0,7,7,22,Mobile,Gift Card,30.17,38,4,601,750.37,0.1534,Neutral,Occasional Buyer
AMZ-104230,24,Female,Southeast Asia,2019,6,Prime,Silver,14,460.51,32.89,28.57,4,Home & Kitchen,8,4.1,47,24,158,Tablet,Net Banking,20.47,33,3,417,495.38,0.213,Dissatisfied,Bargain Hunter
AMZ-104231,37,Non-Binary,North America,2017,8,Prime,Gold,15,216.96,14.46,40.0,6,Toys,3,2.8,31,24,134,Alexa,Debit Card,20.81,9,0,665,295.17,0.8281,Dissatisfied,Bargain Hunter
AMZ-104232,62,Male,Latin America,2019,6,Non-Prime,Platinum,21,4700.64,223.84,9.52,2,Sports,4,3.9,33,29,159,Mobile,Debit Card,2.87,16,1,662,4972.94,0.2243,Very Satisfied,Loyal Shopper
AMZ-104233,54,Non-Binary,Middle East,2020,5,Non-Prime,Platinum,60,2366.11,39.44,1.67,1,Clothing,9,4.3,8,20,74,Alexa,Amazon Pay,60.4,11,2,429,2497.86,0.544,Satisfied,Loyal Shopper
AMZ-104234,44,Male,South Asia,2021,4,Prime,Gold,18,725.2,40.29,50.0,9,Toys,1,4.5,34,65,219,Tablet,Debit Card,43.19,23,0,220,1012.25,0.8722,Dissatisfied,Bargain Hunter
AMZ-104235,68,Male,Europe,2018,7,Non-Prime,Platinum,63,4515.5,71.67,1.59,1,Books,6,3.9,49,48,160,Tablet,UPI,63.56,28,4,706,4834.47,0.5462,Satisfied,Loyal Shopper
AMZ-104236,39,Female,Middle East,2018,7,Non-Prime,Silver,23,5368.72,233.42,4.35,1,Home & Kitchen,6,3.6,45,14,108,Desktop,Debit Card,14.12,32,4,62,7099.36,0.6944,Satisfied,Premium Spender
AMZ-104237,48,Female,Southeast Asia,2015,10,Prime,Platinum,38,2447.6,64.41,2.63,1,Toys,7,4.1,16,31,119,Alexa,Amazon Pay,22.7,6,4,236,2794.37,0.0626,Satisfied,Loyal Shopper
AMZ-104238,59,Male,Latin America,2019,6,Prime,Platinum,20,797.52,39.88,10.0,2,Beauty,6,2.6,47,94,149,Tablet,Net Banking,9.85,24,1,188,1014.89,0.435,Dissatisfied,Bargain Hunter
AMZ-104239,21,Male,North America,2017,8,Prime,Diamond,25,10257.0,410.28,0.0,0,Books,2,5.0,9,24,91,Smart TV,Amazon Pay,32.96,7,0,705,13664.91,0.0681,Satisfied,Premium Spender
AMZ-104240,54,Female,Europe,2016,9,Prime,Platinum,20,470.65,23.53,15.0,3,Office,8,3.9,33,68,105,Tablet,Cash on Delivery,67.14,36,3,718,482.74,0.6061,Neutral,Bargain Hunter
AMZ-104241,56,Male,East Asia,2015,10,Prime,Silver,46,10670.17,231.96,8.7,4,Grocery,3,3.8,33,16,114,Alexa,Debit Card,24.49,33,1,295,11527.6,0.9902,Neutral,Premium Spender
AMZ-104242,61,Non-Binary,South Asia,2018,7,Prime,Silver,4,95.3,23.82,0.0,0,Toys,7,2.0,37,3,9,Tablet,Credit Card,4.47,32,2,534,101.03,0.0442,Dissatisfied,Inactive User
AMZ-104243,71,Female,North America,2016,9,Prime,Gold,35,7674.46,219.27,0.0,0,Clothing,1,3.2,1,11,64,Alexa,Net Banking,56.97,38,2,534,9239.56,0.0633,Very Satisfied,Premium Spender
AMZ-104244,27,Female,Southeast Asia,2015,10,Prime,Platinum,60,2198.31,36.64,0.0,0,Toys,2,4.3,47,48,131,Alexa,Net Banking,27.68,10,3,391,2994.05,0.2619,Very Satisfied,Loyal Shopper
AMZ-104245,57,Non-Binary,North America,2021,4,Prime,Platinum,3,299.91,99.97,100.0,3,Beauty,4,3.6,37,12,32,Tablet,Cash on Delivery,37.57,23,2,500,369.16,0.0277,Neutral,Occasional Buyer
AMZ-104246,26,Female,North America,2017,8,Prime,Diamond,2,407.49,203.75,100.0,2,Home & Kitchen,9,2.9,27,10,22,Tablet,Gift Card,45.69,24,0,638,484.89,0.6369,Satisfied,Occasional Buyer
AMZ-104247,20,Female,Southeast Asia,2019,6,Non-Prime,Platinum,27,277.12,10.26,7.41,2,Home & Kitchen,6,2.7,17,28,210,Desktop,Net Banking,73.93,30,4,246,334.2,0.6183,Satisfied,Bargain Hunter
AMZ-104248,53,Female,East Asia,2016,9,Prime,Silver,26,4298.25,165.32,0.0,0,Sports,8,3.6,11,34,96,Smart TV,Credit Card,14.74,14,1,447,4978.89,0.9815,Satisfied,Loyal Shopper
AMZ-104249,20,Male,Latin America,2020,5,Non-Prime,Gold,26,324.21,12.47,26.92,7,Toys,1,3.3,16,99,201,Alexa,Gift Card,45.26,6,0,285,426.17,0.4469,Dissatisfied,Bargain Hunter
AMZ-104250,64,Non-Binary,North America,2016,9,Prime,Gold,35,2903.23,82.95,5.71,2,Clothing,2,4.6,38,36,162,Mobile,UPI,70.58,25,3,580,3113.44,0.0875,Satisfied,Loyal Shopper
AMZ-104251,23,Female,Latin America,2017,8,Prime,Diamond,31,6266.22,202.14,3.23,1,Books,7,4.0,39,7,75,Smart TV,Cash on Delivery,58.86,8,1,639,9021.16,0.8687,Neutral,Premium Spender
AMZ-104252,54,Female,Latin America,2022,3,Prime,Silver,4,78.5,19.62,0.0,0,Books,5,2.5,7,0,9,Tablet,Net Banking,20.63,10,0,376,100.3,0.6865,Dissatisfied,Inactive User
AMZ-104253,59,Male,North America,2016,9,Prime,Gold,20,279.89,13.99,35.0,7,Sports,2,4.4,12,90,111,Tablet,UPI,62.73,4,2,50,395.81,0.4645,Neutral,Bargain Hunter
AMZ-104254,60,Female,Middle East,2015,10,Prime,Gold,27,717.44,26.57,25.93,7,Books,5,3.5,21,48,119,Smart TV,Debit Card,15.46,39,0,149,769.84,0.4681,Satisfied,Bargain Hunter
AMZ-104255,32,Non-Binary,South Asia,2019,6,Non-Prime,Gold,11,681.21,61.93,36.36,4,Home & Kitchen,3,3.4,25,47,172,Alexa,Net Banking,7.78,15,4,173,783.56,0.3708,Dissatisfied,Bargain Hunter
AMZ-104256,38,Non-Binary,South Asia,2020,5,Non-Prime,Diamond,24,454.27,18.93,20.83,5,Office,8,2.7,36,56,212,Desktop,Credit Card,52.28,35,4,327,461.92,0.7941,Dissatisfied,Bargain Hunter
AMZ-104257,52,Male,North America,2019,6,Prime,Silver,7,146.66,20.95,85.71,6,Clothing,1,4.3,41,24,237,Desktop,Gift Card,38.18,11,3,444,208.79,0.3212,Satisfied,Bargain Hunter
AMZ-104258,64,Non-Binary,South Asia,2016,9,Prime,Gold,22,781.63,35.53,18.18,4,Automotive,7,2.8,28,32,120,Smart TV,Net Banking,65.96,23,1,684,1022.13,0.504,Neutral,Bargain Hunter
AMZ-104259,46,Female,East Asia,2023,2,Prime,Platinum,10,225.74,22.57,30.0,3,Sports,6,2.9,31,3,14,Alexa,UPI,21.62,0,0,554,328.94,0.6547,Neutral,Occasional Buyer
AMZ-104260,66,Non-Binary,Middle East,2018,7,Non-Prime,Diamond,5,385.04,77.01,0.0,0,Clothing,6,3.8,35,15,29,Alexa,Debit Card,15.36,32,4,569,562.49,0.2156,Dissatisfied,Occasional Buyer
AMZ-104261,35,Male,South Asia,2015,10,Prime,Silver,22,541.85,24.63,13.64,3,Books,3,4.5,27,51,237,Desktop,Gift Card,2.17,25,1,5,735.31,0.0126,Satisfied,Bargain Hunter
AMZ-104262,52,Male,Europe,2016,9,Prime,Diamond,0,24.83,24.83,0.0,0,Toys,1,1.3,49,2,8,Tablet,UPI,35.97,22,0,96,30.87,0.009,Neutral,Inactive User
AMZ-104263,31,Male,Latin America,2016,9,Prime,Diamond,2,9.75,4.88,50.0,1,Toys,2,1.3,36,2,8,Mobile,Cash on Delivery,47.29,32,3,444,13.44,0.7816,Very Dissatisfied,Inactive User
AMZ-104264,68,Non-Binary,East Asia,2019,6,Prime,Diamond,0,55.44,55.44,0.0,0,Sports,3,1.1,10,0,14,Smart TV,Debit Card,76.49,5,2,215,66.15,0.6476,Very Dissatisfied,Inactive User
AMZ-104265,49,Male,Europe,2019,6,Prime,Gold,8,596.04,74.5,0.0,0,Automotive,9,3.1,45,19,28,Alexa,Gift Card,17.31,32,0,126,709.87,0.3722,Dissatisfied,Occasional Buyer
AMZ-104266,21,Female,Middle East,2020,5,Non-Prime,Platinum,11,314.1,28.55,0.0,0,Electronics,7,3.2,27,2,27,Smart TV,Credit Card,74.1,39,1,303,403.86,0.6296,Dissatisfied,Occasional Buyer
AMZ-104267,51,Female,Europe,2018,7,Prime,Diamond,1,12.22,12.22,100.0,1,Automotive,3,2.2,7,3,12,Mobile,Gift Card,39.34,39,3,669,13.1,0.308,Very Dissatisfied,Inactive User
AMZ-104268,52,Non-Binary,Middle East,2019,6,Non-Prime,Diamond,29,791.21,27.28,24.14,7,Clothing,2,2.8,18,99,120,Alexa,Amazon Pay,26.28,22,1,200,1038.44,0.8675,Neutral,Bargain Hunter
AMZ-104269,57,Non-Binary,North America,2015,10,Non-Prime,Gold,51,4559.03,89.39,0.0,0,Grocery,2,4.2,33,38,114,Desktop,Gift Card,15.55,11,4,398,6408.93,0.7607,Satisfied,Loyal Shopper
AMZ-104270,46,Non-Binary,East Asia,2023,2,Prime,Platinum,12,656.36,54.7,16.67,2,Books,8,4.1,16,24,103,Smart TV,Credit Card,11.87,21,1,63,944.32,0.6173,Dissatisfied,Bargain Hunter
AMZ-104271,29,Male,East Asia,2022,3,Prime,Silver,13,406.75,31.29,38.46,5,Grocery,2,4.3,4,53,148,Smart TV,Credit Card,24.83,35,1,84,545.66,0.8206,Satisfied,Bargain Hunter
AMZ-104272,47,Non-Binary,Latin America,2016,9,Prime,Silver,2,232.58,116.29,0.0,0,Home & Kitchen,9,3.5,23,17,59,Mobile,Net Banking,9.12,38,3,585,258.52,0.0566,Dissatisfied,Occasional Buyer
AMZ-104273,53,Female,Southeast Asia,2021,4,Non-Prime,Platinum,33,7267.32,220.22,9.09,3,Books,4,4.0,24,16,59,Desktop,Gift Card,10.97,4,0,90,7413.21,0.5467,Neutral,Premium Spender
AMZ-104274,25,Male,North America,2017,8,Prime,Platinum,4,45.44,11.36,25.0,1,Clothing,9,2.4,6,0,11,Alexa,Net Banking,62.27,26,4,407,51.2,0.3003,Neutral,Inactive User
AMZ-104275,39,Female,Latin America,2015,10,Non-Prime,Platinum,2,121.65,60.83,150.0,3,Books,8,4.0,12,10,30,Smart TV,Cash on Delivery,40.27,0,3,492,137.54,0.4249,Neutral,Occasional Buyer
AMZ-104276,20,Non-Binary,Middle East,2020,5,Prime,Platinum,28,638.73,22.81,32.14,9,Grocery,1,3.2,13,80,187,Mobile,UPI,47.8,19,0,286,788.78,0.8403,Neutral,Bargain Hunter
AMZ-104277,45,Non-Binary,North America,2015,10,Prime,Silver,46,3814.02,82.91,8.7,4,Grocery,2,4.0,27,17,67,Smart TV,Gift Card,77.67,38,3,258,5235.07,0.7701,Satisfied,Premium Spender
AMZ-104278,28,Male,North America,2017,8,Prime,Diamond,12,502.98,41.91,66.67,8,Books,6,2.6,19,25,102,Mobile,Gift Card,36.55,28,3,680,666.63,0.7864,Satisfied,Bargain Hunter
AMZ-104279,44,Female,South Asia,2021,4,Prime,Diamond,13,215.33,16.56,23.08,3,Grocery,5,2.0,10,19,30,Alexa,Amazon Pay,13.82,10,2,725,261.44,0.4473,Neutral,Occasional Buyer
AMZ-104280,23,Female,Southeast Asia,2016,9,Non-Prime,Gold,37,4730.01,127.84,0.0,0,Sports,4,5.0,12,16,63,Smart TV,Credit Card,65.26,35,0,358,5565.96,0.8956,Very Satisfied,Premium Spender
AMZ-104281,71,Male,North America,2022,3,Prime,Silver,5,223.93,44.79,40.0,2,Electronics,1,3.5,19,37,93,Smart TV,Credit Card,62.7,0,1,328,295.88,0.7089,Satisfied,Bargain Hunter
AMZ-104282,42,Non-Binary,Latin America,2023,2,Prime,Silver,28,647.27,23.12,17.86,5,Clothing,3,4.1,21,74,139,Mobile,Amazon Pay,63.2,23,2,89,755.76,0.669,Satisfied,Bargain Hunter
AMZ-104283,27,Female,Latin America,2019,6,Prime,Diamond,8,638.22,79.78,100.0,8,Clothing,8,4.4,2,94,177,Desktop,Net Banking,38.49,28,4,532,954.73,0.352,Neutral,Bargain Hunter
AMZ-104284,66,Male,North America,2022,3,Prime,Gold,0,71.35,71.35,0.0,0,Office,6,1.7,30,3,16,Smart TV,Amazon Pay,66.55,33,2,346,83.75,0.5813,Dissatisfied,Inactive User
AMZ-104285,31,Female,Europe,2019,6,Non-Prime,Diamond,0,59.92,59.92,100.0,1,Beauty,8,2.2,13,1,18,Desktop,Cash on Delivery,66.64,31,1,382,72.33,0.786,Neutral,Inactive User
AMZ-104286,39,Female,Middle East,2016,9,Non-Prime,Diamond,0,66.41,66.41,0.0,0,Sports,7,2.1,6,0,4,Tablet,Cash on Delivery,4.47,31,2,700,82.65,0.9766,Very Dissatisfied,Inactive User
AMZ-104287,25,Male,Southeast Asia,2023,2,Non-Prime,Platinum,68,3028.91,44.54,0.0,0,Clothing,1,3.7,3,37,162,Mobile,Amazon Pay,5.96,10,3,61,4307.93,0.004,Satisfied,Loyal Shopper
AMZ-104288,21,Female,North America,2022,3,Prime,Gold,22,100.72,4.58,36.36,8,Automotive,9,3.9,37,29,96,Tablet,Credit Card,61.17,32,0,148,146.04,0.6216,Satisfied,Bargain Hunter
AMZ-104289,70,Male,South Asia,2016,9,Prime,Gold,6,97.69,16.28,16.67,1,Automotive,3,3.3,13,7,27,Smart TV,Cash on Delivery,50.4,32,1,367,113.81,0.0664,Neutral,Occasional Buyer
AMZ-104290,67,Non-Binary,East Asia,2016,9,Non-Prime,Diamond,35,4848.12,138.52,11.43,4,Toys,9,3.3,27,17,119,Alexa,Credit Card,4.47,1,4,402,5498.53,0.2623,Very Satisfied,Premium Spender
AMZ-104291,64,Non-Binary,Europe,2017,8,Prime,Diamond,16,14177.92,886.12,0.0,0,Books,5,4.5,27,14,83,Smart TV,Amazon Pay,25.22,20,4,551,14266.26,0.3199,Satisfied,Premium Spender
AMZ-104292,65,Male,East Asia,2015,10,Prime,Platinum,0,37.26,37.26,100.0,1,Office,2,2.1,37,3,16,Smart TV,UPI,46.54,39,1,153,48.83,0.9903,Neutral,Inactive User
AMZ-104293,21,Female,Europe,2018,7,Non-Prime,Silver,2,80.44,40.22,0.0,0,Grocery,7,2.3,35,1,12,Mobile,Debit Card,16.77,33,1,411,116.04,0.4156,Dissatisfied,Inactive User
AMZ-104294,25,Female,South Asia,2016,9,Prime,Silver,1,323.49,323.49,200.0,2,Beauty,3,2.0,22,2,30,Smart TV,Amazon Pay,57.69,30,4,165,377.88,0.2702,Satisfied,Occasional Buyer
AMZ-104295,34,Male,Middle East,2015,10,Non-Prime,Diamond,1,100.53,100.53,100.0,1,Home & Kitchen,9,2.1,25,1,44,Desktop,Amazon Pay,64.25,18,1,56,127.94,0.29,Dissatisfied,Occasional Buyer
AMZ-104296,39,Female,South Asia,2019,6,Prime,Silver,1,219.05,219.05,200.0,2,Books,2,2.4,6,19,57,Mobile,Credit Card,28.29,25,0,263,250.04,0.216,Neutral,Occasional Buyer
AMZ-104297,25,Non-Binary,Europe,2020,5,Non-Prime,Silver,8,512.2,64.03,50.0,4,Grocery,2,4.2,30,62,201,Tablet,Gift Card,8.81,17,2,218,657.25,0.7299,Dissatisfied,Bargain Hunter
AMZ-104298,49,Non-Binary,Middle East,2018,7,Non-Prime,Platinum,36,13698.14,380.5,2.78,1,Office,8,3.2,20,17,91,Desktop,Cash on Delivery,27.24,16,0,452,15723.54,0.2463,Very Satisfied,Premium Spender
AMZ-104299,33,Male,Europe,2016,9,Non-Prime,Diamond,21,3418.95,162.81,9.52,2,Books,2,4.7,20,33,86,Alexa,Net Banking,16.94,16,3,6,4746.63,0.0198,Very Satisfied,Loyal Shopper
AMZ-104300,58,Non-Binary,Southeast Asia,2016,9,Non-Prime,Gold,29,1587.04,54.73,0.0,0,Sports,8,3.8,10,25,107,Alexa,Credit Card,75.68,30,2,330,2301.07,0.3255,Very Satisfied,Loyal Shopper
AMZ-104301,51,Male,Latin America,2022,3,Prime,Platinum,27,760.04,28.15,18.52,5,Clothing,4,4.0,23,96,167,Tablet,UPI,58.55,27,0,213,955.48,0.3243,Neutral,Bargain Hunter
AMZ-104302,70,Male,North America,2020,5,Prime,Platinum,47,5875.66,125.01,0.0,0,Sports,6,3.9,29,26,71,Alexa,Cash on Delivery,8.91,38,0,536,8652.8,0.193,Very Satisfied,Premium Spender
AMZ-104303,54,Non-Binary,East Asia,2022,3,Prime,Gold,46,2971.19,64.59,4.35,2,Books,1,4.8,44,38,165,Tablet,Gift Card,59.78,17,4,357,3087.89,0.8349,Satisfied,Loyal Shopper
AMZ-104304,40,Non-Binary,Middle East,2023,2,Prime,Diamond,7,197.41,28.2,0.0,0,Sports,2,2.5,49,12,48,Smart TV,Credit Card,78.82,22,0,355,271.29,0.4325,Satisfied,Occasional Buyer
AMZ-104305,36,Non-Binary,South Asia,2019,6,Prime,Silver,9,322.64,35.85,0.0,0,Automotive,8,3.4,42,15,57,Alexa,Amazon Pay,57.58,20,2,473,329.74,0.0882,Neutral,Occasional Buyer
AMZ-104306,32,Male,Europe,2021,4,Prime,Silver,30,9596.97,319.9,6.67,2,Automotive,9,3.2,12,23,118,Desktop,Gift Card,0.55,25,0,132,13936.77,0.9024,Satisfied,Premium Spender
AMZ-104307,61,Male,East Asia,2016,9,Prime,Platinum,5,424.01,84.8,40.0,2,Clothing,9,2.3,18,13,57,Alexa,Cash on Delivery,33.45,16,0,133,603.81,0.0728,Satisfied,Occasional Buyer
AMZ-104308,51,Female,East Asia,2015,10,Prime,Diamond,63,4633.85,73.55,3.17,2,Office,9,3.8,17,13,179,Alexa,UPI,47.68,36,3,499,5009.57,0.2098,Satisfied,Loyal Shopper
AMZ-104309,21,Female,Europe,2022,3,Prime,Platinum,39,3777.48,96.86,10.26,4,Grocery,2,3.6,34,25,81,Tablet,Gift Card,19.58,11,2,48,4574.31,0.5255,Neutral,Premium Spender
AMZ-104310,36,Male,Europe,2022,3,Prime,Silver,4,204.22,51.05,25.0,1,Office,5,3.2,29,7,31,Desktop,Net Banking,29.51,21,4,72,232.25,0.8606,Neutral,Occasional Buyer
AMZ-104311,63,Male,Southeast Asia,2018,7,Prime,Platinum,4,80.78,20.2,25.0,1,Office,1,1.9,20,3,4,Smart TV,Debit Card,51.93,8,3,452,92.43,0.1528,Neutral,Inactive User
AMZ-104312,24,Non-Binary,North America,2021,4,Non-Prime,Gold,22,5482.83,249.22,18.18,4,Sports,3,4.4,14,7,112,Smart TV,Debit Card,15.25,30,1,384,7899.81,0.8348,Neutral,Premium Spender
AMZ-104313,49,Male,North America,2016,9,Prime,Platinum,3,74.88,24.96,0.0,0,Grocery,3,2.9,16,4,10,Tablet,Cash on Delivery,51.03,35,1,267,111.64,0.6838,Neutral,Inactive User
AMZ-104314,58,Non-Binary,South Asia,2023,2,Prime,Platinum,12,152.46,12.71,16.67,2,Toys,1,2.2,19,5,23,Mobile,Credit Card,10.87,8,1,670,218.88,0.1496,Dissatisfied,Occasional Buyer
AMZ-104315,65,Non-Binary,East Asia,2016,9,Prime,Gold,4,305.39,76.35,50.0,2,Clothing,7,3.0,32,8,27,Desktop,Cash on Delivery,51.59,31,2,682,366.08,0.4358,Dissatisfied,Occasional Buyer
AMZ-104316,18,Male,Latin America,2017,8,Prime,Platinum,24,120.93,5.04,8.33,2,Office,8,3.2,49,37,230,Tablet,UPI,61.73,15,1,489,176.47,0.3289,Satisfied,Bargain Hunter
AMZ-104317,27,Male,North America,2017,8,Prime,Silver,22,187.57,8.53,22.73,5,Clothing,6,2.7,8,87,182,Desktop,Gift Card,3.52,16,4,617,213.41,0.335,Satisfied,Bargain Hunter
AMZ-104318,50,Male,North America,2021,4,Prime,Diamond,6,491.57,81.93,16.67,1,Clothing,6,2.8,33,4,16,Smart TV,Credit Card,68.32,2,1,340,572.21,0.7162,Neutral,Occasional Buyer
AMZ-104319,29,Non-Binary,Latin America,2021,4,Prime,Platinum,1,92.12,92.12,100.0,1,Sports,2,1.5,35,4,14,Smart TV,Cash on Delivery,64.79,29,1,445,113.06,0.8311,Very Dissatisfied,Inactive User
AMZ-104320,59,Male,East Asia,2020,5,Prime,Silver,4,128.87,32.22,25.0,1,Clothing,3,2.6,2,15,52,Mobile,Debit Card,25.84,37,0,455,176.0,0.3169,Dissatisfied,Occasional Buyer
AMZ-104321,27,Male,Southeast Asia,2023,2,Non-Prime,Gold,2,69.57,34.78,50.0,1,Grocery,5,2.0,14,1,8,Smart TV,UPI,71.0,9,0,124,100.84,0.7736,Neutral,Inactive User
AMZ-104322,56,Female,North America,2016,9,Prime,Platinum,21,457.62,21.79,14.29,3,Beauty,5,4.0,37,35,100,Alexa,Cash on Delivery,73.83,12,3,184,578.17,0.039,Satisfied,Bargain Hunter
AMZ-104323,37,Non-Binary,Southeast Asia,2019,6,Prime,Gold,2,31.36,15.68,0.0,0,Beauty,9,2.0,3,0,14,Smart TV,Amazon Pay,76.17,27,1,468,41.39,0.5961,Very Dissatisfied,Inactive User
AMZ-104324,58,Non-Binary,North America,2022,3,Prime,Gold,13,281.21,21.63,0.0,0,Beauty,8,2.7,24,10,13,Desktop,Credit Card,64.13,32,2,467,307.4,0.5112,Neutral,Occasional Buyer
AMZ-104325,39,Female,Middle East,2017,8,Prime,Platinum,46,2605.24,56.64,2.17,1,Office,9,4.6,7,13,75,Tablet,Gift Card,27.9,0,3,207,3871.49,0.7785,Satisfied,Loyal Shopper
AMZ-104326,32,Non-Binary,Middle East,2022,3,Prime,Gold,2,12.4,6.2,0.0,0,Grocery,1,1.8,22,4,12,Alexa,Debit Card,57.16,35,0,289,12.83,0.4804,Neutral,Inactive User
AMZ-104327,23,Female,North America,2020,5,Prime,Gold,1,31.3,31.3,0.0,0,Electronics,3,3.0,42,1,4,Desktop,Credit Card,12.0,30,4,598,35.85,0.0837,Very Dissatisfied,Inactive User
AMZ-104328,24,Non-Binary,Middle East,2017,8,Non-Prime,Diamond,22,2757.06,125.32,9.09,2,Books,5,3.5,9,15,136,Desktop,Debit Card,62.33,3,3,454,3401.38,0.4205,Very Satisfied,Loyal Shopper
AMZ-104329,67,Male,East Asia,2015,10,Prime,Diamond,43,3511.59,81.66,4.65,2,Grocery,5,4.6,15,48,136,Smart TV,Amazon Pay,72.1,24,0,645,4827.28,0.4153,Very Satisfied,Loyal Shopper
AMZ-104330,70,Non-Binary,Southeast Asia,2015,10,Non-Prime,Diamond,69,4477.84,64.9,0.0,0,Clothing,1,4.3,1,37,88,Smart TV,UPI,36.97,18,0,45,4951.03,0.1579,Satisfied,Loyal Shopper
AMZ-104331,62,Female,South Asia,2021,4,Non-Prime,Diamond,5,512.1,102.42,40.0,2,Toys,1,2.1,13,4,45,Mobile,Net Banking,38.56,28,1,97,525.75,0.1455,Neutral,Occasional Buyer
AMZ-104332,49,Male,Middle East,2023,2,Prime,Diamond,42,2044.33,48.67,0.0,0,Grocery,3,3.7,39,39,134,Desktop,Cash on Delivery,27.67,15,2,2,2761.82,0.9206,Very Satisfied,Loyal Shopper
AMZ-104333,51,Male,Latin America,2023,2,Prime,Diamond,11,582.89,52.99,9.09,1,Clothing,8,2.5,15,18,21,Alexa,Debit Card,23.1,20,0,339,747.7,0.2084,Dissatisfied,Occasional Buyer
AMZ-104334,70,Non-Binary,Latin America,2019,6,Prime,Platinum,78,3811.24,48.86,2.56,2,Automotive,2,3.5,11,31,116,Desktop,Amazon Pay,46.97,1,4,182,5341.39,0.2288,Satisfied,Loyal Shopper
AMZ-104335,59,Male,Latin America,2018,7,Prime,Diamond,40,11308.95,282.72,5.0,2,Automotive,1,3.4,11,23,83,Mobile,Credit Card,16.93,7,0,152,16599.43,0.8089,Satisfied,Premium Spender
AMZ-104336,52,Male,Europe,2018,7,Non-Prime,Platinum,7,128.41,18.34,28.57,2,Office,3,2.5,49,14,53,Smart TV,Debit Card,2.1,39,4,709,156.83,0.5727,Dissatisfied,Occasional Buyer
AMZ-104337,65,Female,South Asia,2022,3,Non-Prime,Gold,9,533.08,59.23,22.22,2,Clothing,9,2.6,4,46,148,Alexa,Amazon Pay,21.27,39,3,77,544.92,0.6746,Neutral,Bargain Hunter
AMZ-104338,19,Female,Latin America,2015,10,Prime,Platinum,48,8452.2,176.09,6.25,3,Electronics,7,4.3,33,24,87,Desktop,Amazon Pay,7.84,27,3,398,12068.46,0.8975,Satisfied,Premium Spender
AMZ-104339,31,Female,Southeast Asia,2017,8,Non-Prime,Gold,8,487.79,60.97,25.0,2,Office,3,2.2,25,19,48,Smart TV,Gift Card,42.5,11,4,651,526.92,0.2711,Dissatisfied,Occasional Buyer
AMZ-104340,19,Male,North America,2017,8,Prime,Diamond,18,607.91,33.77,38.89,7,Grocery,1,3.9,27,59,128,Alexa,Cash on Delivery,17.97,7,3,241,670.46,0.9119,Satisfied,Bargain Hunter
AMZ-104341,43,Non-Binary,Southeast Asia,2018,7,Non-Prime,Platinum,15,199.55,13.3,26.67,4,Toys,2,2.5,25,31,158,Smart TV,Debit Card,63.36,15,2,325,298.69,0.4342,Satisfied,Bargain Hunter
AMZ-104342,47,Female,Southeast Asia,2019,6,Non-Prime,Silver,4,43.79,10.95,25.0,1,Sports,6,1.6,3,4,0,Tablet,UPI,17.19,2,0,79,50.78,0.0872,Very Dissatisfied,Inactive User
AMZ-104343,46,Non-Binary,Southeast Asia,2017,8,Prime,Gold,8,468.93,58.62,0.0,0,Home & Kitchen,9,3.2,32,8,52,Desktop,Net Banking,37.87,3,4,271,554.24,0.9404,Satisfied,Occasional Buyer
AMZ-104344,40,Non-Binary,South Asia,2022,3,Prime,Platinum,36,4088.45,113.57,0.0,0,Beauty,8,3.8,12,34,149,Alexa,Gift Card,24.41,9,0,706,5771.62,0.2827,Very Satisfied,Loyal Shopper
AMZ-104345,55,Male,Latin America,2020,5,Prime,Gold,29,4336.86,149.55,10.34,3,Home & Kitchen,7,3.4,41,20,85,Alexa,Amazon Pay,25.42,27,0,65,4945.2,0.3534,Satisfied,Premium Spender
AMZ-104346,35,Non-Binary,Latin America,2018,7,Prime,Gold,11,561.4,51.04,18.18,2,Toys,6,2.6,42,16,43,Tablet,Credit Card,33.83,15,4,72,613.03,0.5841,Satisfied,Occasional Buyer
AMZ-104347,31,Male,Latin America,2017,8,Non-Prime,Platinum,45,11881.38,264.03,8.89,4,Home & Kitchen,2,4.6,0,25,40,Mobile,Credit Card,24.44,16,4,656,17585.81,0.7941,Neutral,Premium Spender
AMZ-104348,27,Male,East Asia,2018,7,Prime,Silver,66,3347.32,50.72,3.03,2,Books,4,4.6,6,30,163,Desktop,Net Banking,52.47,0,4,299,3468.95,0.2302,Very Satisfied,Loyal Shopper
AMZ-104349,44,Male,East Asia,2018,7,Prime,Gold,1,57.52,57.52,100.0,1,Grocery,4,2.7,35,0,14,Desktop,Debit Card,36.94,15,3,487,71.56,0.8848,Very Dissatisfied,Inactive User
AMZ-104350,24,Non-Binary,Middle East,2018,7,Prime,Platinum,1,494.88,494.88,100.0,1,Grocery,6,2.3,1,10,22,Mobile,Credit Card,40.26,8,4,496,551.98,0.2037,Dissatisfied,Occasional Buyer
AMZ-104351,67,Male,North America,2021,4,Prime,Gold,2,96.65,48.33,50.0,1,Home & Kitchen,6,1.0,26,0,5,Smart TV,Amazon Pay,30.41,8,4,26,101.52,0.8099,Neutral,Inactive User
AMZ-104352,56,Female,Southeast Asia,2020,5,Prime,Gold,24,1050.3,43.76,0.0,0,Automotive,4,4.9,49,34,153,Smart TV,Debit Card,40.19,18,2,400,1098.99,0.3576,Satisfied,Loyal Shopper
AMZ-104353,66,Male,Europe,2023,2,Prime,Platinum,0,17.96,17.96,0.0,0,Office,5,1.1,1,0,6,Smart TV,Net Banking,72.0,15,1,462,22.46,0.7139,Very Dissatisfied,Inactive User
AMZ-104354,40,Female,Latin America,2019,6,Non-Prime,Platinum,3,4.65,1.55,0.0,0,Beauty,3,1.2,0,2,3,Smart TV,Amazon Pay,3.46,24,3,80,6.9,0.9949,Very Dissatisfied,Inactive User
AMZ-104355,37,Non-Binary,Middle East,2022,3,Prime,Platinum,3,75.23,25.08,0.0,0,Electronics,7,1.0,4,2,10,Tablet,Amazon Pay,31.6,12,3,453,108.82,0.8764,Very Dissatisfied,Inactive User
AMZ-104356,51,Male,Middle East,2023,2,Non-Prime,Silver,27,3423.47,126.8,3.7,1,Automotive,3,4.0,31,17,132,Mobile,Amazon Pay,11.36,4,1,475,4530.04,0.6212,Satisfied,Loyal Shopper
AMZ-104357,65,Female,North America,2020,5,Non-Prime,Gold,3,82.29,27.43,33.33,1,Office,9,1.3,2,4,0,Tablet,Debit Card,14.61,23,1,57,122.48,0.6542,Very Dissatisfied,Inactive User
AMZ-104358,55,Non-Binary,East Asia,2015,10,Non-Prime,Platinum,1,473.44,473.44,200.0,2,Clothing,5,3.3,17,13,47,Mobile,Gift Card,12.9,27,2,571,697.98,0.2463,Neutral,Occasional Buyer
AMZ-104359,26,Non-Binary,South Asia,2017,8,Prime,Diamond,2,61.26,30.63,50.0,1,Beauty,9,2.4,43,1,0,Mobile,Cash on Delivery,16.57,33,4,192,85.84,0.2958,Neutral,Inactive User
AMZ-104360,68,Non-Binary,Latin America,2015,10,Prime,Silver,19,548.2,28.85,15.79,3,Sports,9,2.7,6,88,131,Tablet,Gift Card,18.63,14,3,268,755.58,0.5164,Dissatisfied,Bargain Hunter
AMZ-104361,46,Female,Europe,2022,3,Prime,Silver,4,462.9,115.72,25.0,1,Home & Kitchen,1,2.9,41,10,46,Mobile,Cash on Delivery,36.11,36,1,132,489.28,0.988,Satisfied,Occasional Buyer
AMZ-104362,31,Non-Binary,Southeast Asia,2016,9,Non-Prime,Platinum,24,3536.97,147.37,0.0,0,Automotive,4,4.4,27,35,115,Desktop,Credit Card,61.15,14,1,561,5194.55,0.622,Satisfied,Loyal Shopper
AMZ-104363,39,Non-Binary,South Asia,2021,4,Prime,Silver,4,91.45,22.86,25.0,1,Home & Kitchen,1,2.7,8,4,16,Tablet,Net Banking,33.79,32,0,385,116.31,0.6387,Neutral,Inactive User
AMZ-104364,19,Non-Binary,North America,2019,6,Prime,Platinum,20,1519.92,76.0,0.0,0,Sports,3,3.9,18,25,112,Mobile,Net Banking,19.15,10,3,637,1741.62,0.919,Very Satisfied,Loyal Shopper
AMZ-104365,36,Female,South Asia,2019,6,Prime,Silver,36,2540.33,70.56,5.56,2,Office,3,4.7,23,13,171,Tablet,Credit Card,38.85,0,2,190,3134.82,0.3435,Very Satisfied,Loyal Shopper
AMZ-104366,49,Non-Binary,North America,2023,2,Prime,Gold,39,2296.63,58.89,0.0,0,Beauty,8,3.9,4,33,179,Smart TV,UPI,64.11,23,2,623,2765.27,0.3483,Very Satisfied,Loyal Shopper
AMZ-104367,19,Non-Binary,North America,2020,5,Non-Prime,Silver,10,262.62,26.26,30.0,3,Sports,7,3.4,31,5,27,Smart TV,UPI,40.23,10,4,361,359.38,0.4325,Satisfied,Occasional Buyer
AMZ-104368,70,Male,East Asia,2018,7,Non-Prime,Gold,12,588.04,49.0,16.67,2,Clothing,4,2.5,44,18,32,Tablet,Amazon Pay,68.27,3,3,458,736.8,0.1144,Neutral,Occasional Buyer
AMZ-104369,28,Male,Middle East,2020,5,Non-Prime,Silver,41,11850.98,289.05,7.32,3,Books,8,4.5,38,26,95,Desktop,Cash on Delivery,53.6,12,3,1,17610.1,0.4086,Satisfied,Premium Spender
AMZ-104370,59,Non-Binary,South Asia,2017,8,Prime,Platinum,6,341.1,56.85,50.0,3,Automotive,3,2.8,2,10,28,Mobile,Debit Card,68.11,21,0,358,407.89,0.3169,Satisfied,Occasional Buyer
AMZ-104371,45,Non-Binary,South Asia,2015,10,Prime,Diamond,54,2948.34,54.6,1.85,1,Grocery,3,4.9,6,17,107,Smart TV,Credit Card,5.01,31,0,246,3770.93,0.3119,Satisfied,Loyal Shopper
AMZ-104372,52,Male,Europe,2021,4,Prime,Silver,77,3731.89,48.47,0.0,0,Books,2,4.9,47,46,75,Desktop,Credit Card,53.19,30,3,174,4255.18,0.1583,Satisfied,Loyal Shopper
AMZ-104373,69,Non-Binary,Latin America,2015,10,Prime,Silver,77,3466.33,45.02,2.6,2,Home & Kitchen,4,4.5,46,45,143,Mobile,Credit Card,68.7,23,1,562,4667.61,0.1248,Very Satisfied,Loyal Shopper
AMZ-104374,64,Female,Middle East,2019,6,Prime,Gold,13,143.49,11.04,15.38,2,Office,9,3.5,14,10,30,Alexa,UPI,59.56,13,0,90,159.33,0.1929,Satisfied,Occasional Buyer
AMZ-104375,41,Non-Binary,Latin America,2017,8,Non-Prime,Silver,23,264.06,11.48,13.04,3,Office,1,2.8,37,80,98,Smart TV,Net Banking,56.32,3,2,236,357.3,0.2757,Dissatisfied,Bargain Hunter
AMZ-104376,46,Female,South Asia,2021,4,Prime,Silver,21,13825.98,658.38,9.52,2,Office,8,4.7,15,15,65,Mobile,Net Banking,37.43,3,2,550,19090.8,0.4823,Neutral,Premium Spender
AMZ-104377,38,Male,Middle East,2020,5,Prime,Silver,0,66.15,66.15,0.0,0,Home & Kitchen,4,2.3,34,1,2,Desktop,Amazon Pay,18.6,25,0,164,94.74,0.3143,Neutral,Inactive User
AMZ-104378,40,Non-Binary,East Asia,2022,3,Non-Prime,Gold,17,12334.98,725.59,5.88,1,Books,6,3.4,24,10,66,Smart TV,Debit Card,55.12,15,1,334,16654.37,0.3678,Very Satisfied,Premium Spender
AMZ-104379,31,Non-Binary,Southeast Asia,2022,3,Prime,Silver,38,3321.58,87.41,5.26,2,Sports,8,4.9,29,46,85,Mobile,Gift Card,5.54,12,3,157,4561.39,0.2386,Satisfied,Loyal Shopper
AMZ-104380,27,Non-Binary,South Asia,2015,10,Non-Prime,Silver,22,770.74,35.03,13.64,3,Office,5,4.0,8,26,164,Mobile,UPI,60.26,24,0,11,1039.68,0.9044,Neutral,Bargain Hunter
AMZ-104381,35,Male,Europe,2018,7,Prime,Silver,20,14073.68,703.68,15.0,3,Home & Kitchen,7,3.4,0,11,100,Desktop,Cash on Delivery,47.8,13,0,523,14264.96,0.2558,Neutral,Premium Spender
AMZ-104382,46,Male,Europe,2022,3,Prime,Platinum,70,1682.14,24.03,1.43,1,Toys,6,4.2,38,18,93,Mobile,Gift Card,58.6,22,2,433,2286.9,0.472,Very Satisfied,Loyal Shopper
AMZ-104383,50,Non-Binary,Southeast Asia,2023,2,Prime,Platinum,24,387.05,16.13,37.5,9,Electronics,6,4.1,31,55,229,Smart TV,Gift Card,22.24,23,4,519,545.4,0.5116,Satisfied,Bargain Hunter
AMZ-104384,24,Male,Europe,2020,5,Non-Prime,Diamond,13,319.8,24.6,15.38,2,Clothing,9,3.6,17,4,35,Desktop,Credit Card,15.93,25,4,89,387.69,0.8371,Satisfied,Occasional Buyer
AMZ-104385,70,Male,North America,2022,3,Prime,Silver,32,6502.49,203.2,6.25,2,Home & Kitchen,6,3.6,20,18,63,Smart TV,Net Banking,14.5,25,1,153,7412.93,0.4671,Very Satisfied,Premium Spender
AMZ-104386,53,Male,North America,2019,6,Non-Prime,Silver,0,86.72,86.72,100.0,1,Beauty,5,2.4,15,0,16,Smart TV,Cash on Delivery,18.48,33,4,459,124.02,0.8919,Neutral,Inactive User
AMZ-104387,69,Non-Binary,Middle East,2016,9,Prime,Gold,8,696.22,87.03,87.5,7,Electronics,4,3.5,29,26,211,Smart TV,Gift Card,10.86,37,4,190,729.1,0.3829,Neutral,Bargain Hunter
AMZ-104388,20,Male,Europe,2019,6,Non-Prime,Platinum,18,6803.67,377.98,22.22,4,Toys,3,4.2,3,21,83,Alexa,Cash on Delivery,15.54,20,1,628,7316.1,0.0493,Satisfied,Premium Spender
AMZ-104389,53,Non-Binary,Middle East,2019,6,Prime,Gold,20,4141.27,207.06,20.0,4,Home & Kitchen,2,3.8,27,16,119,Desktop,Net Banking,70.79,16,0,549,4967.96,0.7595,Neutral,Premium Spender
AMZ-104390,34,Male,Southeast Asia,2022,3,Prime,Platinum,39,3677.12,94.29,0.0,0,Grocery,9,3.7,22,19,74,Mobile,Cash on Delivery,61.58,30,0,284,4249.86,0.5566,Satisfied,Premium Spender
AMZ-104391,49,Female,East Asia,2023,2,Prime,Platinum,21,651.76,31.04,33.33,7,Electronics,7,3.5,44,77,112,Alexa,Gift Card,52.58,30,0,513,692.66,0.9961,Dissatisfied,Bargain Hunter
AMZ-104392,20,Male,South Asia,2022,3,Prime,Gold,25,2743.64,109.75,8.0,2,Electronics,3,4.2,44,21,112,Smart TV,Amazon Pay,1.11,6,3,540,3241.21,0.9468,Very Satisfied,Loyal Shopper
AMZ-104393,66,Female,Europe,2015,10,Non-Prime,Gold,0,69.82,69.82,100.0,1,Office,7,1.6,10,0,8,Desktop,Debit Card,66.33,37,2,149,92.06,0.6724,Very Dissatisfied,Inactive User
AMZ-104394,46,Non-Binary,Latin America,2015,10,Prime,Diamond,25,9565.74,382.63,4.0,1,Clothing,8,3.3,37,29,65,Desktop,UPI,71.78,33,1,299,11915.42,0.1753,Neutral,Premium Spender
AMZ-104395,28,Non-Binary,South Asia,2015,10,Non-Prime,Platinum,10,292.32,29.23,30.0,3,Grocery,6,3.9,3,5,18,Tablet,Net Banking,40.95,3,4,205,354.17,0.2596,Satisfied,Occasional Buyer
AMZ-104396,52,Female,East Asia,2021,4,Prime,Gold,11,269.43,24.49,9.09,1,Office,5,2.0,47,10,34,Mobile,UPI,58.28,23,3,708,356.4,0.7229,Dissatisfied,Occasional Buyer
AMZ-104397,31,Male,Europe,2018,7,Non-Prime,Gold,21,11043.78,525.89,9.52,2,Home & Kitchen,2,4.1,24,18,88,Smart TV,Gift Card,7.76,32,1,534,13209.81,0.4279,Satisfied,Premium Spender
AMZ-104398,33,Male,Middle East,2018,7,Non-Prime,Diamond,2,54.67,27.34,0.0,0,Home & Kitchen,7,1.4,23,2,19,Smart TV,UPI,63.64,38,4,235,77.96,0.9855,Neutral,Inactive User
AMZ-104399,61,Male,Middle East,2016,9,Prime,Silver,39,3252.63,83.4,2.56,1,Sports,5,3.9,0,12,153,Desktop,Gift Card,34.52,1,2,581,4654.03,0.8488,Very Satisfied,Loyal Shopper
AMZ-104400,62,Female,Middle East,2023,2,Prime,Diamond,9,432.28,48.03,11.11,1,Toys,1,3.3,8,2,26,Tablet,UPI,10.09,12,1,511,564.05,0.2949,Dissatisfied,Occasional Buyer
AMZ-104401,40,Female,Latin America,2019,6,Prime,Silver,28,13335.38,476.26,10.71,3,Toys,5,3.5,19,28,95,Desktop,Gift Card,77.72,39,3,377,19867.64,0.149,Very Satisfied,Premium Spender
AMZ-104402,39,Male,Southeast Asia,2023,2,Prime,Silver,5,445.39,89.08,40.0,2,Automotive,5,2.7,7,56,140,Tablet,Amazon Pay,59.18,26,4,482,525.63,0.8111,Neutral,Bargain Hunter
AMZ-104403,44,Female,Southeast Asia,2017,8,Prime,Silver,64,903.28,14.11,1.56,1,Sports,6,3.8,6,18,107,Tablet,UPI,22.33,12,4,544,1113.31,0.2888,Satisfied,Loyal Shopper
AMZ-104404,22,Non-Binary,North America,2017,8,Prime,Platinum,5,262.18,52.44,40.0,2,Sports,7,2.3,46,2,40,Mobile,Amazon Pay,20.47,3,0,374,392.86,0.0194,Neutral,Occasional Buyer
AMZ-104405,47,Non-Binary,North America,2019,6,Non-Prime,Platinum,16,3444.26,215.27,12.5,2,Home & Kitchen,5,3.4,22,28,57,Smart TV,Credit Card,49.12,23,2,398,4206.66,0.9578,Satisfied,Premium Spender
AMZ-104406,59,Non-Binary,Southeast Asia,2015,10,Prime,Silver,14,413.2,29.51,14.29,2,Sports,3,4.4,40,30,91,Smart TV,Credit Card,4.03,17,4,347,534.93,0.662,Satisfied,Bargain Hunter
AMZ-104407,32,Male,North America,2020,5,Non-Prime,Gold,77,4755.43,61.76,2.6,2,Toys,5,3.6,24,11,87,Mobile,Cash on Delivery,25.37,36,3,471,4986.71,0.3956,Satisfied,Loyal Shopper
AMZ-104408,42,Female,Latin America,2019,6,Non-Prime,Platinum,1,477.41,477.41,0.0,0,Toys,6,3.3,32,17,12,Tablet,Amazon Pay,53.85,32,4,402,672.35,0.2583,Dissatisfied,Occasional Buyer
AMZ-104409,35,Non-Binary,South Asia,2021,4,Prime,Platinum,74,3254.76,43.98,1.35,1,Home & Kitchen,2,3.8,5,13,166,Smart TV,Gift Card,23.57,5,1,225,4673.96,0.1959,Satisfied,Loyal Shopper
AMZ-104410,61,Male,South Asia,2023,2,Prime,Platinum,14,335.82,23.99,42.86,6,Beauty,2,2.6,0,41,207,Tablet,Amazon Pay,13.93,23,4,133,379.79,0.2461,Satisfied,Bargain Hunter
AMZ-104411,66,Non-Binary,Southeast Asia,2022,3,Prime,Silver,4,78.09,19.52,25.0,1,Electronics,6,1.8,37,2,1,Desktop,Credit Card,40.85,32,3,298,110.81,0.9215,Very Dissatisfied,Inactive User
AMZ-104412,19,Non-Binary,Southeast Asia,2019,6,Non-Prime,Gold,8,241.4,30.18,25.0,2,Clothing,2,3.1,31,72,158,Smart TV,Cash on Delivery,71.34,28,0,467,347.56,0.6069,Neutral,Bargain Hunter
AMZ-104413,49,Non-Binary,Southeast Asia,2021,4,Non-Prime,Diamond,79,1341.84,16.99,0.0,0,Sports,4,3.8,39,17,67,Desktop,Net Banking,6.61,36,1,116,1822.2,0.5561,Very Satisfied,Loyal Shopper
AMZ-104414,33,Non-Binary,East Asia,2022,3,Prime,Gold,28,657.47,23.48,25.0,7,Toys,9,3.3,9,60,226,Alexa,Debit Card,37.63,39,0,301,859.24,0.8454,Dissatisfied,Bargain Hunter
AMZ-104415,36,Non-Binary,East Asia,2021,4,Prime,Platinum,0,99.66,99.66,0.0,0,Automotive,1,1.1,31,0,16,Mobile,Cash on Delivery,51.36,31,1,71,123.01,0.5229,Very Dissatisfied,Inactive User
AMZ-104416,29,Female,North America,2021,4,Non-Prime,Silver,4,29.48,7.37,25.0,1,Toys,7,1.8,15,1,19,Tablet,Credit Card,53.48,26,1,103,31.75,0.9096,Dissatisfied,Inactive User
AMZ-104417,23,Male,South Asia,2019,6,Prime,Platinum,4,25.29,6.32,0.0,0,Electronics,9,1.4,24,0,12,Desktop,Amazon Pay,13.28,11,2,28,26.58,0.4174,Dissatisfied,Inactive User
AMZ-104418,39,Female,Middle East,2021,4,Prime,Gold,0,1.08,1.08,0.0,0,Automotive,4,2.6,14,2,10,Smart TV,Credit Card,13.19,5,1,645,1.32,0.4706,Neutral,Inactive User
AMZ-104419,21,Female,South Asia,2021,4,Prime,Platinum,7,206.68,29.53,57.14,4,Office,9,3.2,23,45,189,Tablet,Net Banking,65.62,28,3,121,241.54,0.5787,Dissatisfied,Bargain Hunter
AMZ-104420,71,Male,Middle East,2021,4,Prime,Platinum,9,316.58,35.18,33.33,3,Sports,3,3.6,10,27,192,Alexa,Net Banking,40.93,23,3,510,400.29,0.9441,Satisfied,Bargain Hunter
AMZ-104421,49,Non-Binary,Europe,2018,7,Prime,Gold,17,8662.7,509.57,17.65,3,Books,8,3.6,10,28,75,Smart TV,Cash on Delivery,38.79,5,2,201,12638.16,0.5865,Neutral,Premium Spender
AMZ-104422,43,Male,Southeast Asia,2016,9,Prime,Gold,13,599.82,46.14,0.0,0,Grocery,2,2.0,24,17,32,Mobile,Credit Card,61.99,2,2,269,754.66,0.3657,Dissatisfied,Occasional Buyer
AMZ-104423,64,Non-Binary,Latin America,2017,8,Prime,Diamond,18,518.33,28.8,22.22,4,Home & Kitchen,9,3.2,6,81,138,Tablet,Amazon Pay,7.14,38,2,557,527.03,0.4836,Satisfied,Bargain Hunter
AMZ-104424,64,Non-Binary,East Asia,2017,8,Prime,Platinum,36,9439.65,262.21,11.11,4,Office,5,3.9,23,22,108,Desktop,Debit Card,47.82,12,1,495,11335.67,0.085,Very Satisfied,Premium Spender
AMZ-104425,42,Male,East Asia,2018,7,Prime,Gold,5,277.31,55.46,40.0,2,Grocery,6,3.9,42,11,28,Desktop,Cash on Delivery,7.85,22,3,592,326.64,0.8854,Satisfied,Occasional Buyer
AMZ-104426,59,Female,Latin America,2016,9,Non-Prime,Diamond,37,3035.12,82.03,2.7,1,Books,6,4.0,20,18,167,Mobile,Credit Card,49.12,5,2,232,3817.88,0.9944,Satisfied,Loyal Shopper
AMZ-104427,49,Male,Southeast Asia,2018,7,Non-Prime,Silver,19,570.3,30.02,42.11,8,Clothing,9,3.7,49,56,239,Alexa,Amazon Pay,76.11,39,3,330,655.37,0.0042,Satisfied,Bargain Hunter
AMZ-104428,55,Female,North America,2023,2,Non-Prime,Gold,14,147.77,10.56,7.14,1,Electronics,9,2.8,17,1,34,Tablet,Cash on Delivery,14.0,23,4,630,172.12,0.7119,Dissatisfied,Occasional Buyer
AMZ-104429,62,Non-Binary,Europe,2019,6,Prime,Platinum,2,60.81,30.41,50.0,1,Clothing,9,1.5,6,3,7,Desktop,Amazon Pay,62.89,1,1,364,61.8,0.4979,Very Dissatisfied,Inactive User
AMZ-104430,67,Non-Binary,South Asia,2023,2,Non-Prime,Gold,13,76.49,5.88,23.08,3,Automotive,3,3.4,23,3,41,Desktop,Net Banking,23.9,15,3,1,79.9,0.9391,Neutral,Occasional Buyer
AMZ-104431,46,Non-Binary,Europe,2021,4,Prime,Diamond,4,36.81,9.2,25.0,1,Office,2,2.5,1,4,19,Alexa,Credit Card,10.61,2,4,221,52.66,0.5544,Very Dissatisfied,Inactive User
AMZ-104432,25,Male,Southeast Asia,2019,6,Prime,Diamond,57,1759.63,30.87,1.75,1,Sports,5,4.9,18,42,61,Smart TV,Net Banking,7.56,6,4,651,2517.84,0.2514,Very Satisfied,Loyal Shopper
AMZ-104433,29,Male,Europe,2022,3,Non-Prime,Gold,26,7403.11,284.74,0.0,0,Books,2,4.7,25,29,84,Alexa,Cash on Delivery,18.8,18,1,188,8614.1,0.0362,Satisfied,Premium Spender
AMZ-104434,31,Non-Binary,Middle East,2023,2,Non-Prime,Platinum,42,6135.45,146.08,9.52,4,Books,3,4.5,46,25,98,Mobile,Gift Card,16.85,8,0,233,8253.03,0.3674,Satisfied,Premium Spender
AMZ-104435,35,Male,Southeast Asia,2015,10,Prime,Silver,0,73.73,73.73,0.0,0,Sports,4,1.0,19,4,17,Smart TV,Amazon Pay,77.26,23,1,187,103.37,0.7387,Dissatisfied,Inactive User
AMZ-104436,45,Non-Binary,Latin America,2017,8,Prime,Silver,10,146.52,14.65,0.0,0,Office,3,3.6,35,4,44,Alexa,Debit Card,44.81,11,3,439,192.88,0.622,Dissatisfied,Occasional Buyer
AMZ-104437,67,Female,Europe,2021,4,Prime,Gold,14,293.27,20.95,28.57,4,Sports,3,3.4,47,58,96,Smart TV,Debit Card,13.36,24,0,5,308.19,0.8173,Dissatisfied,Bargain Hunter
AMZ-104438,69,Non-Binary,East Asia,2020,5,Prime,Gold,3,8.06,2.69,0.0,0,Home & Kitchen,3,2.5,25,3,3,Smart TV,Net Banking,58.43,24,2,37,11.97,0.4469,Neutral,Inactive User
AMZ-104439,66,Non-Binary,Latin America,2018,7,Non-Prime,Diamond,49,3310.63,67.56,0.0,0,Automotive,7,3.0,28,8,71,Mobile,Credit Card,39.5,24,3,695,3442.98,0.143,Neutral,Premium Spender
AMZ-104440,41,Non-Binary,North America,2021,4,Non-Prime,Gold,40,14828.75,370.72,0.0,0,Beauty,9,3.5,30,17,48,Desktop,Debit Card,66.58,1,0,68,20187.89,0.3864,Very Satisfied,Premium Spender
AMZ-104441,37,Male,North America,2020,5,Non-Prime,Silver,4,452.99,113.25,0.0,0,Grocery,2,2.3,35,1,41,Desktop,Cash on Delivery,61.47,32,0,66,605.09,0.6118,Neutral,Occasional Buyer
AMZ-104442,44,Female,Middle East,2021,4,Non-Prime,Silver,32,1753.02,54.78,0.0,0,Office,9,3.8,6,19,140,Smart TV,Net Banking,38.35,12,1,327,2180.27,0.6173,Satisfied,Loyal Shopper
AMZ-104443,19,Non-Binary,North America,2023,2,Prime,Diamond,21,5025.58,239.31,4.76,1,Beauty,5,4.0,47,11,105,Desktop,UPI,52.64,10,1,21,6505.7,0.5672,Neutral,Premium Spender
AMZ-104444,64,Female,North America,2016,9,Prime,Platinum,44,2939.74,66.81,2.27,1,Toys,1,3.8,31,34,87,Alexa,Debit Card,58.36,12,0,651,3681.61,0.0072,Satisfied,Loyal Shopper
AMZ-104445,38,Male,East Asia,2022,3,Prime,Gold,25,234.12,9.36,32.0,8,Automotive,8,2.6,41,99,191,Mobile,Cash on Delivery,53.21,14,3,607,319.66,0.3755,Dissatisfied,Bargain Hunter
AMZ-104446,50,Female,North America,2021,4,Prime,Diamond,3,92.22,30.74,0.0,0,Grocery,2,2.8,43,0,17,Mobile,UPI,50.23,32,1,404,96.37,0.2663,Dissatisfied,Inactive User
AMZ-104447,48,Female,Latin America,2023,2,Non-Prime,Diamond,0,13.58,13.58,0.0,0,Office,8,2.9,45,4,9,Desktop,Debit Card,10.13,13,3,135,14.56,0.7908,Neutral,Inactive User
AMZ-104448,70,Non-Binary,North America,2020,5,Non-Prime,Gold,26,490.84,18.88,15.38,4,Sports,8,4.2,20,87,118,Alexa,Amazon Pay,51.7,3,1,505,691.75,0.3637,Satisfied,Bargain Hunter
AMZ-104449,29,Non-Binary,Latin America,2020,5,Non-Prime,Diamond,1,80.84,80.84,100.0,1,Automotive,5,2.7,37,3,8,Tablet,UPI,67.96,24,2,243,100.1,0.3525,Dissatisfied,Inactive User
AMZ-104450,51,Non-Binary,South Asia,2021,4,Non-Prime,Diamond,36,12806.87,355.75,0.0,0,Beauty,3,5.0,39,14,46,Mobile,Cash on Delivery,55.37,30,0,694,17250.54,0.3398,Neutral,Premium Spender
AMZ-104451,62,Non-Binary,East Asia,2017,8,Prime,Platinum,42,4683.2,111.5,9.52,4,Toys,8,4.8,30,17,105,Tablet,Gift Card,39.6,2,0,155,5840.76,0.6268,Neutral,Premium Spender
AMZ-104452,24,Female,Southeast Asia,2021,4,Prime,Platinum,20,4405.07,220.25,5.0,1,Books,9,5.0,10,29,162,Alexa,UPI,14.94,10,0,562,5565.69,0.7647,Satisfied,Loyal Shopper
AMZ-104453,45,Female,Middle East,2023,2,Prime,Diamond,40,1970.68,49.27,0.0,0,Automotive,5,4.4,26,11,112,Alexa,Amazon Pay,78.06,14,2,293,2561.43,0.5196,Very Satisfied,Loyal Shopper
AMZ-104454,20,Male,Europe,2021,4,Prime,Gold,11,562.97,51.18,81.82,9,Clothing,5,3.3,41,71,187,Mobile,Debit Card,74.82,17,0,229,830.88,0.4297,Neutral,Bargain Hunter
AMZ-104455,40,Female,Middle East,2021,4,Prime,Silver,47,7022.4,149.41,6.38,3,Home & Kitchen,3,4.6,26,6,54,Desktop,Cash on Delivery,4.67,33,4,167,7819.87,0.3726,Satisfied,Premium Spender
AMZ-104456,64,Female,Europe,2019,6,Prime,Platinum,40,13933.97,348.35,7.5,3,Automotive,6,4.9,35,12,95,Desktop,Debit Card,4.58,34,2,62,17894.49,0.5168,Very Satisfied,Premium Spender
AMZ-104457,59,Non-Binary,East Asia,2016,9,Prime,Diamond,10,129.55,12.96,60.0,6,Sports,2,2.9,40,75,237,Mobile,Net Banking,46.87,21,1,552,174.61,0.7751,Dissatisfied,Bargain Hunter
AMZ-104458,18,Female,North America,2021,4,Prime,Platinum,19,8338.58,438.87,5.26,1,Clothing,5,3.2,41,22,79,Desktop,Amazon Pay,71.69,29,2,492,9134.95,0.209,Satisfied,Premium Spender
AMZ-104459,54,Non-Binary,Southeast Asia,2016,9,Prime,Silver,36,5451.05,151.42,0.0,0,Clothing,1,4.1,28,8,48,Tablet,Net Banking,12.65,28,4,62,5937.36,0.007,Neutral,Premium Spender
AMZ-104460,52,Female,East Asia,2016,9,Non-Prime,Silver,2,2.31,1.16,0.0,0,Electronics,1,2.9,36,3,8,Tablet,Cash on Delivery,64.74,12,2,114,3.36,0.4079,Dissatisfied,Inactive User
AMZ-104461,24,Non-Binary,East Asia,2019,6,Prime,Gold,66,2635.21,39.93,0.0,0,Home & Kitchen,3,4.2,18,23,153,Desktop,Gift Card,43.44,20,1,272,2763.16,0.7795,Satisfied,Loyal Shopper
AMZ-104462,46,Male,Europe,2020,5,Prime,Gold,45,14230.28,316.23,6.67,3,Grocery,1,4.7,37,5,73,Tablet,Net Banking,62.53,37,0,268,19798.19,0.6981,Satisfied,Premium Spender
AMZ-104463,18,Non-Binary,South Asia,2022,3,Prime,Gold,34,14773.38,434.51,8.82,3,Home & Kitchen,3,3.8,45,24,82,Smart TV,Net Banking,56.31,5,3,104,17023.43,0.3779,Satisfied,Premium Spender
AMZ-104464,59,Female,East Asia,2019,6,Non-Prime,Gold,77,3994.55,51.88,0.0,0,Books,9,3.7,26,26,118,Mobile,Debit Card,56.75,24,4,641,4695.99,0.5467,Very Satisfied,Loyal Shopper
AMZ-104465,48,Non-Binary,Latin America,2023,2,Non-Prime,Silver,72,3305.18,45.91,0.0,0,Electronics,5,4.8,22,16,151,Alexa,Net Banking,22.66,35,1,161,4519.43,0.9828,Satisfied,Loyal Shopper
AMZ-104466,60,Male,Latin America,2020,5,Prime,Platinum,1,76.25,76.25,0.0,0,Electronics,8,1.3,22,4,15,Desktop,Net Banking,69.46,39,3,604,93.11,0.5088,Very Dissatisfied,Inactive User
AMZ-104467,47,Female,South Asia,2015,10,Prime,Gold,40,6680.3,167.01,5.0,2,Home & Kitchen,6,5.0,26,15,52,Mobile,Net Banking,3.61,12,4,699,6863.59,0.4197,Satisfied,Premium Spender
AMZ-104468,19,Male,Middle East,2018,7,Prime,Platinum,4,76.39,19.1,25.0,1,Toys,6,1.1,25,2,5,Mobile,Debit Card,45.57,28,1,515,94.37,0.2962,Neutral,Inactive User
AMZ-104469,43,Female,Middle East,2018,7,Non-Prime,Silver,14,144.93,10.35,21.43,3,Sports,3,3.9,26,14,32,Smart TV,Debit Card,10.63,35,3,537,181.24,0.5401,Satisfied,Occasional Buyer
AMZ-104470,46,Non-Binary,Middle East,2017,8,Non-Prime,Platinum,34,11113.18,326.86,11.76,4,Books,6,3.5,6,22,112,Smart TV,Gift Card,34.46,5,2,188,11146.28,0.4649,Satisfied,Premium Spender
AMZ-104471,32,Female,Middle East,2015,10,Prime,Diamond,4,43.4,10.85,25.0,1,Sports,8,2.8,20,3,8,Tablet,Cash on Delivery,2.01,34,0,349,53.77,0.4507,Neutral,Inactive User
AMZ-104472,29,Female,Latin America,2021,4,Non-Prime,Gold,10,194.3,19.43,20.0,2,Books,3,2.5,42,19,48,Tablet,Gift Card,63.06,26,4,250,216.93,0.7276,Dissatisfied,Occasional Buyer
AMZ-104473,27,Female,Middle East,2015,10,Non-Prime,Gold,4,14.57,3.64,0.0,0,Toys,2,1.5,34,2,0,Tablet,Credit Card,49.09,14,1,530,19.33,0.805,Dissatisfied,Inactive User
AMZ-104474,57,Non-Binary,South Asia,2023,2,Non-Prime,Diamond,4,590.66,147.66,25.0,1,Home & Kitchen,6,3.9,14,7,30,Alexa,Gift Card,37.06,31,3,211,729.02,0.6165,Neutral,Occasional Buyer
AMZ-104475,18,Female,Middle East,2021,4,Prime,Platinum,1,31.86,31.86,0.0,0,Clothing,3,2.2,8,0,16,Alexa,UPI,40.91,0,4,403,46.61,0.2143,Neutral,Inactive User
AMZ-104476,63,Male,Middle East,2022,3,Prime,Diamond,52,2852.96,54.86,0.0,0,Grocery,1,4.6,22,18,172,Desktop,Net Banking,12.61,35,1,364,3475.43,0.7943,Very Satisfied,Loyal Shopper
AMZ-104477,50,Non-Binary,Europe,2016,9,Prime,Gold,62,4658.21,75.13,0.0,0,Clothing,4,4.9,49,35,60,Mobile,UPI,73.21,22,3,132,5181.44,0.9104,Very Satisfied,Loyal Shopper
AMZ-104478,33,Non-Binary,East Asia,2023,2,Non-Prime,Diamond,4,83.33,20.83,25.0,1,Beauty,8,1.2,9,1,1,Tablet,Cash on Delivery,37.37,36,0,195,85.98,0.2007,Very Dissatisfied,Inactive User
AMZ-104479,40,Non-Binary,Latin America,2017,8,Prime,Gold,12,411.45,34.29,66.67,8,Beauty,8,3.3,15,78,227,Mobile,Gift Card,47.51,14,1,102,422.21,0.4878,Dissatisfied,Bargain Hunter
AMZ-104480,35,Non-Binary,Latin America,2017,8,Non-Prime,Diamond,21,4897.26,233.2,9.52,2,Electronics,1,3.5,40,6,58,Smart TV,Net Banking,6.49,15,0,703,6898.46,0.5419,Neutral,Premium Spender
AMZ-104481,50,Female,Southeast Asia,2021,4,Prime,Diamond,25,12950.73,518.03,4.0,1,Books,9,4.0,13,17,87,Tablet,Cash on Delivery,21.04,1,4,458,13188.53,0.2875,Satisfied,Premium Spender
AMZ-104482,50,Non-Binary,Middle East,2023,2,Prime,Gold,1,53.41,53.41,0.0,0,Clothing,9,1.8,39,1,10,Alexa,UPI,32.96,39,2,311,75.69,0.9444,Neutral,Inactive User
AMZ-104483,41,Non-Binary,North America,2019,6,Non-Prime,Silver,7,268.49,38.36,0.0,0,Home & Kitchen,9,3.4,9,11,52,Alexa,Amazon Pay,11.98,30,2,472,306.47,0.8018,Satisfied,Occasional Buyer
AMZ-104484,41,Male,East Asia,2023,2,Prime,Diamond,20,1106.53,55.33,10.0,2,Clothing,5,4.6,34,20,157,Desktop,Credit Card,12.83,37,3,285,1162.73,0.9354,Satisfied,Loyal Shopper
AMZ-104485,50,Non-Binary,East Asia,2015,10,Prime,Gold,7,81.32,11.62,0.0,0,Automotive,4,2.3,36,4,20,Tablet,Debit Card,42.55,20,1,306,120.91,0.5071,Dissatisfied,Occasional Buyer
AMZ-104486,27,Female,South Asia,2021,4,Non-Prime,Platinum,1,2.57,2.57,100.0,1,Office,3,1.6,21,2,1,Tablet,UPI,49.53,19,3,257,3.0,0.2773,Neutral,Inactive User
AMZ-104487,35,Male,Middle East,2019,6,Non-Prime,Platinum,9,511.77,56.86,33.33,3,Beauty,3,4.0,39,15,14,Tablet,Gift Card,48.17,3,0,551,738.15,0.3755,Neutral,Occasional Buyer
AMZ-104488,18,Non-Binary,Latin America,2017,8,Prime,Gold,14,314.53,22.47,7.14,1,Books,4,2.8,24,8,28,Smart TV,Credit Card,56.71,29,4,492,460.3,0.1163,Dissatisfied,Occasional Buyer
AMZ-104489,38,Male,North America,2022,3,Prime,Gold,3,40.82,13.61,0.0,0,Books,4,2.3,13,4,6,Mobile,Net Banking,50.96,3,1,489,50.96,0.0571,Very Dissatisfied,Inactive User
AMZ-104490,40,Male,Southeast Asia,2015,10,Non-Prime,Diamond,61,3203.47,52.52,1.64,1,Home & Kitchen,2,4.4,41,42,61,Desktop,Amazon Pay,58.13,38,4,207,3623.12,0.9939,Satisfied,Loyal Shopper
AMZ-104491,54,Female,South Asia,2022,3,Non-Prime,Gold,38,7698.65,202.6,5.26,2,Clothing,6,3.8,18,23,80,Desktop,Amazon Pay,43.43,1,4,321,8314.16,0.4346,Very Satisfied,Premium Spender
AMZ-104492,25,Female,Middle East,2020,5,Prime,Silver,2,37.0,18.5,50.0,1,Toys,3,2.4,31,0,12,Smart TV,Credit Card,6.8,37,0,353,52.87,0.5954,Very Dissatisfied,Inactive User
AMZ-104493,69,Male,North America,2022,3,Non-Prime,Silver,27,132.06,4.89,11.11,3,Sports,8,2.9,20,99,154,Alexa,UPI,21.12,38,4,675,172.15,0.4296,Dissatisfied,Bargain Hunter
AMZ-104494,62,Non-Binary,Latin America,2022,3,Prime,Diamond,22,3463.72,157.44,13.64,3,Home & Kitchen,7,4.0,1,25,70,Desktop,Gift Card,71.01,18,0,88,3981.4,0.4899,Neutral,Premium Spender
AMZ-104495,24,Female,East Asia,2023,2,Non-Prime,Gold,1,591.28,591.28,100.0,1,Automotive,1,2.1,0,3,46,Alexa,Amazon Pay,43.25,35,0,424,613.66,0.5731,Dissatisfied,Occasional Buyer
AMZ-104496,37,Non-Binary,Europe,2018,7,Prime,Diamond,2,82.9,41.45,50.0,1,Toys,6,2.1,43,0,11,Mobile,Cash on Delivery,20.18,14,0,541,93.37,0.1364,Very Dissatisfied,Inactive User
AMZ-104497,49,Male,Middle East,2019,6,Prime,Diamond,2,50.56,25.28,0.0,0,Books,8,1.3,25,3,6,Smart TV,Amazon Pay,38.89,38,2,104,66.65,0.9453,Neutral,Inactive User
AMZ-104498,44,Non-Binary,North America,2020,5,Prime,Platinum,13,289.49,22.27,7.69,1,Beauty,3,2.4,39,12,45,Smart TV,Cash on Delivery,77.83,13,0,683,333.91,0.3236,Satisfied,Occasional Buyer
AMZ-104499,56,Female,Southeast Asia,2020,5,Non-Prime,Platinum,26,3781.37,145.44,0.0,0,Sports,7,4.0,27,15,152,Smart TV,Cash on Delivery,31.01,23,2,369,5286.2,0.0559,Satisfied,Loyal Shopper
AMZ-104500,68,Non-Binary,Southeast Asia,2015,10,Non-Prime,Silver,65,1884.08,28.99,0.0,0,Beauty,4,4.6,4,26,141,Desktop,UPI,30.84,1,2,610,2026.1,0.3988,Very Satisfied,Loyal Shopper
AMZ-104501,54,Non-Binary,Europe,2015,10,Prime,Diamond,3,59.6,19.87,0.0,0,Beauty,4,1.8,13,3,7,Mobile,UPI,6.85,12,1,435,64.56,0.8686,Dissatisfied,Inactive User
AMZ-104502,49,Non-Binary,East Asia,2015,10,Prime,Diamond,21,4623.08,220.15,0.0,0,Automotive,5,4.2,38,32,123,Mobile,UPI,45.79,10,2,135,5003.32,0.0682,Satisfied,Loyal Shopper
AMZ-104503,47,Non-Binary,South Asia,2016,9,Prime,Platinum,1,90.63,90.63,0.0,0,Home & Kitchen,6,2.3,24,4,19,Tablet,Amazon Pay,69.59,8,0,339,127.98,0.2185,Neutral,Inactive User
AMZ-104504,47,Female,Middle East,2022,3,Prime,Gold,8,622.15,77.77,37.5,3,Grocery,6,2.7,41,26,101,Mobile,Gift Card,62.73,23,2,168,810.31,0.256,Dissatisfied,Bargain Hunter
AMZ-104505,20,Male,South Asia,2023,2,Prime,Silver,56,2677.49,47.81,3.57,2,Grocery,6,4.1,23,33,155,Alexa,Net Banking,5.46,34,3,331,2998.42,0.4922,Satisfied,Loyal Shopper
AMZ-104506,70,Female,Europe,2020,5,Prime,Gold,3,55.27,18.42,0.0,0,Sports,8,1.5,33,1,17,Desktop,Amazon Pay,28.23,19,1,561,75.95,0.9751,Neutral,Inactive User
AMZ-104507,57,Female,Middle East,2021,4,Prime,Platinum,57,4757.97,83.47,1.75,1,Clothing,5,4.7,9,29,90,Mobile,Debit Card,24.94,7,0,184,7135.57,0.4656,Satisfied,Loyal Shopper
AMZ-104508,22,Female,Southeast Asia,2018,7,Prime,Gold,14,741.11,52.94,64.29,9,Grocery,7,2.5,47,76,176,Smart TV,Credit Card,7.64,30,1,136,773.67,0.4876,Dissatisfied,Bargain Hunter
AMZ-104509,71,Non-Binary,North America,2023,2,Prime,Platinum,6,627.28,104.55,116.67,7,Sports,9,3.8,35,94,184,Smart TV,UPI,64.1,26,3,624,859.7,0.9657,Dissatisfied,Bargain Hunter
AMZ-104510,30,Female,North America,2021,4,Prime,Silver,2,188.69,94.34,50.0,1,Home & Kitchen,3,2.8,42,4,53,Smart TV,Gift Card,12.35,24,2,83,201.93,0.5437,Dissatisfied,Occasional Buyer
AMZ-104511,58,Female,Southeast Asia,2016,9,Prime,Silver,12,551.08,45.92,0.0,0,Books,6,3.6,8,11,51,Smart TV,Credit Card,33.48,37,3,234,711.74,0.903,Dissatisfied,Occasional Buyer
AMZ-104512,27,Male,East Asia,2023,2,Prime,Silver,43,4052.11,94.24,2.33,1,Home & Kitchen,7,4.0,23,40,156,Alexa,Cash on Delivery,11.91,31,3,631,5006.46,0.4062,Very Satisfied,Loyal Shopper
AMZ-104513,43,Female,Europe,2015,10,Non-Prime,Diamond,20,13276.4,663.82,5.0,1,Grocery,2,4.4,36,14,104,Mobile,Net Banking,31.93,37,1,18,19682.16,0.7805,Very Satisfied,Premium Spender
AMZ-104514,57,Male,North America,2016,9,Prime,Silver,0,80.13,80.13,100.0,1,Beauty,6,1.4,37,4,11,Alexa,UPI,51.7,7,3,294,112.21,0.091,Neutral,Inactive User
AMZ-104515,48,Male,Europe,2020,5,Prime,Diamond,75,1946.24,25.95,0.0,0,Toys,2,4.1,6,36,115,Mobile,Credit Card,54.12,30,3,440,2866.18,0.3336,Very Satisfied,Loyal Shopper
AMZ-104516,32,Female,Latin America,2015,10,Prime,Silver,36,3291.09,91.42,5.56,2,Clothing,4,3.9,3,48,169,Alexa,Amazon Pay,76.72,10,0,10,3949.29,0.6655,Satisfied,Loyal Shopper
AMZ-104517,26,Non-Binary,North America,2021,4,Prime,Silver,40,6128.85,153.22,5.0,2,Books,8,3.1,39,6,93,Desktop,Cash on Delivery,77.39,0,4,409,7255.91,0.3432,Satisfied,Premium Spender
AMZ-104518,68,Female,North America,2022,3,Non-Prime,Silver,3,577.38,192.46,100.0,3,Beauty,7,2.9,10,2,28,Alexa,Credit Card,48.69,33,4,676,618.91,0.2362,Dissatisfied,Occasional Buyer
AMZ-104519,33,Non-Binary,East Asia,2017,8,Prime,Platinum,48,4821.01,100.44,6.25,3,Office,3,3.1,6,24,68,Alexa,Cash on Delivery,59.39,21,0,528,5203.83,0.0391,Very Satisfied,Premium Spender
AMZ-104520,71,Male,Southeast Asia,2016,9,Non-Prime,Platinum,4,6.12,1.53,0.0,0,Electronics,1,1.6,31,1,11,Tablet,Amazon Pay,31.35,32,2,24,8.77,0.6719,Dissatisfied,Inactive User
AMZ-104521,43,Male,Latin America,2018,7,Non-Prime,Gold,28,677.38,24.19,17.86,5,Office,1,3.7,11,81,229,Smart TV,UPI,61.49,3,0,521,854.99,0.9584,Dissatisfied,Bargain Hunter
AMZ-104522,60,Non-Binary,Southeast Asia,2018,7,Non-Prime,Diamond,42,14592.76,347.45,9.52,4,Books,6,3.4,29,5,62,Smart TV,Credit Card,35.25,33,2,703,21584.87,0.962,Satisfied,Premium Spender
AMZ-104523,45,Non-Binary,Europe,2018,7,Non-Prime,Gold,0,72.19,72.19,0.0,0,Office,1,2.3,40,2,1,Desktop,Net Banking,27.86,34,3,605,105.5,0.3806,Dissatisfied,Inactive User
AMZ-104524,51,Male,Southeast Asia,2017,8,Non-Prime,Silver,21,2328.7,110.89,4.76,1,Office,2,4.5,30,19,146,Smart TV,Credit Card,18.86,4,2,634,3049.97,0.4431,Satisfied,Loyal Shopper
AMZ-104525,70,Male,East Asia,2019,6,Prime,Silver,71,2704.94,38.1,2.82,2,Home & Kitchen,1,4.7,41,43,112,Tablet,UPI,43.33,23,3,35,3674.97,0.5494,Very Satisfied,Loyal Shopper
AMZ-104526,60,Male,North America,2022,3,Non-Prime,Platinum,3,263.59,87.86,100.0,3,Electronics,9,2.8,18,17,47,Mobile,Cash on Delivery,12.9,4,1,684,356.23,0.7782,Neutral,Occasional Buyer
AMZ-104527,46,Non-Binary,North America,2023,2,Prime,Diamond,68,3282.15,48.27,0.0,0,Beauty,5,4.3,21,23,129,Alexa,UPI,14.64,7,3,474,4592.59,0.2202,Satisfied,Loyal Shopper
AMZ-104528,30,Male,Latin America,2018,7,Prime,Platinum,7,338.87,48.41,0.0,0,Grocery,2,3.7,18,19,19,Mobile,Gift Card,59.18,14,4,123,507.81,0.8887,Dissatisfied,Occasional Buyer
AMZ-104529,66,Male,Latin America,2020,5,Prime,Diamond,36,9479.31,263.31,2.78,1,Clothing,5,4.0,21,12,59,Mobile,Net Banking,31.36,18,4,57,12536.03,0.8734,Satisfied,Premium Spender
AMZ-104530,34,Female,Middle East,2016,9,Prime,Silver,58,3429.14,59.12,1.72,1,Toys,6,4.2,30,32,109,Tablet,Gift Card,17.95,31,2,133,4352.46,0.6697,Very Satisfied,Loyal Shopper
AMZ-104531,71,Male,North America,2016,9,Non-Prime,Diamond,12,379.86,31.66,58.33,7,Electronics,9,2.9,28,46,224,Mobile,UPI,43.17,4,3,209,402.76,0.8449,Neutral,Bargain Hunter
AMZ-104532,38,Non-Binary,Latin America,2023,2,Prime,Gold,10,746.85,74.69,40.0,4,Office,8,2.9,32,53,194,Alexa,Debit Card,58.64,35,0,75,825.39,0.2106,Neutral,Bargain Hunter
AMZ-104533,49,Male,Europe,2023,2,Prime,Diamond,21,3228.8,153.75,4.76,1,Office,8,3.8,22,30,110,Desktop,Credit Card,63.2,7,4,43,4833.12,0.3661,Very Satisfied,Loyal Shopper
AMZ-104534,35,Male,North America,2022,3,Prime,Platinum,27,14216.5,526.54,11.11,3,Office,8,4.4,36,12,62,Smart TV,UPI,61.34,19,0,16,16767.26,0.1376,Satisfied,Premium Spender
AMZ-104535,41,Non-Binary,East Asia,2019,6,Prime,Silver,4,74.25,18.56,0.0,0,Office,5,2.5,17,3,10,Smart TV,Net Banking,5.54,18,4,299,86.32,0.3477,Neutral,Inactive User
AMZ-104536,68,Female,East Asia,2017,8,Non-Prime,Silver,7,310.7,44.39,42.86,3,Sports,1,3.1,38,74,163,Tablet,Credit Card,33.36,15,2,435,459.24,0.1901,Dissatisfied,Bargain Hunter
AMZ-104537,61,Male,North America,2015,10,Prime,Silver,10,81.59,8.16,0.0,0,Home & Kitchen,2,3.5,45,18,33,Smart TV,Credit Card,42.7,13,0,639,112.87,0.1155,Neutral,Occasional Buyer
AMZ-104538,20,Female,East Asia,2018,7,Prime,Silver,0,28.4,28.4,0.0,0,Grocery,3,2.6,35,4,3,Mobile,Amazon Pay,43.93,35,4,7,39.69,0.2037,Dissatisfied,Inactive User
AMZ-104539,60,Female,East Asia,2018,7,Prime,Silver,1,539.17,539.17,100.0,1,Office,7,3.1,40,9,49,Smart TV,Credit Card,28.67,7,3,300,618.71,0.9493,Satisfied,Occasional Buyer
AMZ-104540,61,Non-Binary,East Asia,2022,3,Prime,Platinum,11,169.37,15.4,0.0,0,Toys,3,3.2,24,4,20,Alexa,Amazon Pay,13.36,22,3,355,206.01,0.0011,Neutral,Occasional Buyer
AMZ-104541,26,Non-Binary,Europe,2016,9,Prime,Diamond,4,174.95,43.74,75.0,3,Electronics,2,2.4,33,11,15,Alexa,Net Banking,77.86,11,0,460,239.75,0.1882,Dissatisfied,Occasional Buyer
AMZ-104542,32,Male,Southeast Asia,2015,10,Prime,Diamond,2,497.14,248.57,50.0,1,Sports,3,2.4,27,12,15,Tablet,Gift Card,26.93,36,2,525,738.88,0.7613,Satisfied,Occasional Buyer
AMZ-104543,22,Non-Binary,South Asia,2019,6,Non-Prime,Platinum,23,7958.62,346.03,17.39,4,Office,8,4.2,39,28,66,Mobile,Gift Card,31.42,8,0,135,8905.41,0.9976,Very Satisfied,Premium Spender
AMZ-104544,33,Non-Binary,Europe,2020,5,Prime,Platinum,13,85.58,6.58,15.38,2,Clothing,1,3.2,9,15,16,Alexa,Net Banking,43.68,7,0,522,103.44,0.7963,Neutral,Occasional Buyer
AMZ-104545,41,Non-Binary,Europe,2015,10,Prime,Diamond,20,102.07,5.1,30.0,6,Toys,9,3.1,12,96,116,Desktop,Amazon Pay,46.04,17,2,608,117.62,0.3342,Satisfied,Bargain Hunter
AMZ-104546,31,Female,Southeast Asia,2019,6,Prime,Silver,53,2303.2,43.46,0.0,0,Office,9,3.6,46,26,123,Tablet,Debit Card,46.14,32,4,606,3305.57,0.9735,Satisfied,Loyal Shopper
AMZ-104547,48,Female,East Asia,2023,2,Prime,Diamond,15,283.51,18.9,33.33,5,Clothing,2,3.3,19,63,157,Alexa,Net Banking,64.12,13,4,691,402.51,0.4164,Neutral,Bargain Hunter
AMZ-104548,45,Female,Europe,2015,10,Non-Prime,Diamond,35,3580.59,102.3,5.71,2,Grocery,5,4.8,14,25,46,Tablet,UPI,65.35,11,4,199,4069.34,0.344,Satisfied,Premium Spender
AMZ-104549,57,Non-Binary,Southeast Asia,2020,5,Prime,Diamond,19,107.74,5.67,10.53,2,Toys,4,3.5,13,82,125,Mobile,Credit Card,49.59,18,4,520,145.99,0.004,Neutral,Bargain Hunter
AMZ-104550,51,Male,East Asia,2017,8,Non-Prime,Diamond,35,6531.73,186.62,8.57,3,Toys,9,4.4,26,10,107,Mobile,Cash on Delivery,43.02,23,4,254,7284.34,0.7081,Neutral,Premium Spender
AMZ-104551,52,Non-Binary,Middle East,2022,3,Prime,Platinum,24,4584.21,191.01,4.17,1,Toys,4,4.1,42,48,134,Alexa,UPI,39.19,11,4,361,5656.42,0.3163,Satisfied,Loyal Shopper
AMZ-104552,26,Non-Binary,North America,2023,2,Prime,Diamond,39,13626.75,349.4,10.26,4,Beauty,7,3.6,46,9,110,Smart TV,Debit Card,8.89,30,3,219,18395.62,0.2798,Neutral,Premium Spender
AMZ-104553,58,Female,East Asia,2020,5,Non-Prime,Platinum,24,12626.84,526.12,12.5,3,Electronics,2,5.0,14,11,83,Desktop,Credit Card,44.78,10,2,517,18508.84,0.2548,Very Satisfied,Premium Spender
AMZ-104554,64,Male,South Asia,2017,8,Prime,Gold,11,370.18,33.65,9.09,1,Beauty,5,2.4,4,15,22,Desktop,Amazon Pay,2.47,37,1,93,552.13,0.8463,Dissatisfied,Occasional Buyer
AMZ-104555,69,Female,South Asia,2015,10,Prime,Diamond,51,4329.69,84.9,0.0,0,Electronics,3,5.0,7,41,94,Mobile,UPI,16.01,26,1,179,6253.81,0.1099,Very Satisfied,Loyal Shopper
AMZ-104556,61,Non-Binary,East Asia,2016,9,Non-Prime,Platinum,14,572.09,40.86,14.29,2,Office,1,3.1,9,6,42,Smart TV,Credit Card,78.99,1,3,484,675.3,0.1902,Satisfied,Occasional Buyer
AMZ-104557,40,Male,Europe,2022,3,Prime,Platinum,32,7780.6,243.14,12.5,4,Clothing,9,4.3,40,29,117,Mobile,Net Banking,72.16,34,3,218,8607.54,0.1211,Satisfied,Premium Spender
AMZ-104558,20,Male,Europe,2020,5,Prime,Silver,13,386.37,29.72,0.0,0,Home & Kitchen,3,2.5,13,14,17,Mobile,UPI,54.45,26,3,155,494.18,0.3164,Satisfied,Occasional Buyer
AMZ-104559,52,Female,North America,2019,6,Prime,Gold,7,239.86,34.27,0.0,0,Sports,7,3.0,28,11,56,Desktop,Debit Card,40.74,23,2,60,262.53,0.1113,Dissatisfied,Occasional Buyer
AMZ-104560,30,Non-Binary,Latin America,2018,7,Non-Prime,Silver,30,1698.17,56.61,3.33,1,Electronics,1,4.6,49,23,147,Alexa,Credit Card,41.91,34,1,673,2351.72,0.1848,Very Satisfied,Loyal Shopper
AMZ-104561,26,Female,Latin America,2023,2,Prime,Silver,37,3755.31,101.49,5.41,2,Sports,6,3.9,49,12,82,Mobile,Amazon Pay,58.58,6,4,144,5116.72,0.8299,Satisfied,Loyal Shopper
AMZ-104562,52,Female,Middle East,2016,9,Prime,Platinum,13,476.32,36.64,53.85,7,Home & Kitchen,7,3.1,30,83,195,Smart TV,Cash on Delivery,50.62,11,3,484,521.62,0.7597,Dissatisfied,Bargain Hunter
AMZ-104563,50,Non-Binary,South Asia,2022,3,Non-Prime,Platinum,18,3087.98,171.55,5.56,1,Electronics,4,3.2,37,15,86,Desktop,Credit Card,0.63,1,3,151,3561.48,0.0754,Very Satisfied,Premium Spender
AMZ-104564,18,Non-Binary,South Asia,2018,7,Prime,Silver,13,581.69,44.75,53.85,7,Home & Kitchen,3,3.3,19,93,203,Smart TV,UPI,76.29,11,4,185,674.75,0.4523,Satisfied,Bargain Hunter
AMZ-104565,23,Non-Binary,Middle East,2020,5,Prime,Silver,4,88.91,22.23,0.0,0,Electronics,7,1.7,40,2,14,Mobile,Cash on Delivery,35.23,8,4,241,90.98,0.9444,Neutral,Inactive User
AMZ-104566,36,Male,East Asia,2021,4,Prime,Gold,2,44.72,22.36,50.0,1,Toys,9,1.6,24,0,5,Tablet,Gift Card,55.25,9,0,692,59.89,0.5262,Very Dissatisfied,Inactive User
AMZ-104567,40,Female,East Asia,2018,7,Prime,Platinum,0,84.85,84.85,0.0,0,Beauty,2,1.5,23,3,1,Alexa,Gift Card,65.25,30,3,225,118.33,0.3443,Neutral,Inactive User
AMZ-104568,49,Female,East Asia,2018,7,Prime,Diamond,49,8139.35,166.11,0.0,0,Home & Kitchen,7,3.8,15,19,68,Tablet,UPI,46.53,1,2,677,8470.98,0.7036,Neutral,Premium Spender
AMZ-104569,39,Male,South Asia,2017,8,Non-Prime,Diamond,4,81.27,20.32,0.0,0,Clothing,6,1.5,1,4,9,Tablet,Amazon Pay,71.56,39,4,376,98.73,0.828,Neutral,Inactive User
AMZ-104570,33,Male,South Asia,2017,8,Non-Prime,Platinum,5,145.0,29.0,20.0,1,Home & Kitchen,8,2.9,6,1,28,Tablet,Credit Card,35.21,25,3,462,200.15,0.6385,Satisfied,Occasional Buyer
AMZ-104571,59,Non-Binary,Latin America,2016,9,Non-Prime,Gold,9,750.0,83.33,88.89,8,Grocery,4,3.1,36,56,174,Mobile,Amazon Pay,60.59,1,1,509,1010.75,0.4648,Satisfied,Bargain Hunter
AMZ-104572,31,Female,Europe,2015,10,Prime,Gold,19,401.19,21.12,36.84,7,Grocery,1,2.9,10,94,215,Alexa,Debit Card,28.35,11,2,241,548.68,0.8969,Neutral,Bargain Hunter
AMZ-104573,41,Male,North America,2022,3,Prime,Diamond,2,56.58,28.29,0.0,0,Toys,5,1.4,6,1,2,Smart TV,Gift Card,64.51,26,3,424,70.19,0.49,Very Dissatisfied,Inactive User
AMZ-104574,56,Non-Binary,North America,2022,3,Non-Prime,Gold,47,7245.62,154.16,0.0,0,Grocery,5,3.7,36,17,45,Alexa,Gift Card,71.63,37,4,391,7479.74,0.7806,Neutral,Premium Spender
AMZ-104575,20,Non-Binary,Latin America,2019,6,Non-Prime,Diamond,5,395.04,79.01,60.0,3,Books,7,3.5,31,12,27,Desktop,Credit Card,45.46,23,0,327,416.41,0.526,Dissatisfied,Occasional Buyer
AMZ-104576,52,Male,North America,2018,7,Non-Prime,Gold,49,6259.05,127.74,6.12,3,Toys,6,4.2,29,27,88,Alexa,Amazon Pay,65.08,10,1,578,7826.2,0.1059,Neutral,Premium Spender
AMZ-104577,62,Male,Europe,2021,4,Non-Prime,Gold,4,16.93,4.23,25.0,1,Toys,1,1.9,33,3,5,Desktop,Credit Card,50.62,3,2,716,23.68,0.7625,Dissatisfied,Inactive User
AMZ-104578,44,Female,Latin America,2015,10,Prime,Platinum,13,274.38,21.11,61.54,8,Sports,5,4.0,0,35,129,Desktop,Credit Card,22.82,28,1,691,344.07,0.9937,Satisfied,Bargain Hunter
AMZ-104579,32,Female,North America,2020,5,Prime,Platinum,26,298.77,11.49,19.23,5,Beauty,3,2.9,15,91,239,Desktop,UPI,58.72,28,1,147,306.58,0.6736,Neutral,Bargain Hunter
AMZ-104580,51,Female,Europe,2021,4,Non-Prime,Diamond,2,34.88,17.44,50.0,1,Sports,4,2.3,21,0,15,Tablet,Debit Card,69.2,3,0,303,47.04,0.797,Very Dissatisfied,Inactive User
AMZ-104581,51,Non-Binary,East Asia,2019,6,Non-Prime,Diamond,24,2556.3,106.51,0.0,0,Books,2,3.6,19,35,92,Mobile,Net Banking,19.06,6,1,350,2865.95,0.6597,Very Satisfied,Loyal Shopper
AMZ-104582,54,Male,East Asia,2016,9,Prime,Platinum,8,128.15,16.02,37.5,3,Office,2,3.9,2,18,19,Smart TV,Debit Card,61.03,8,2,303,163.92,0.9123,Neutral,Occasional Buyer
AMZ-104583,53,Non-Binary,Southeast Asia,2016,9,Prime,Silver,3,17.82,5.94,0.0,0,Electronics,2,2.4,18,2,13,Mobile,Net Banking,72.59,10,0,217,26.07,0.9615,Very Dissatisfied,Inactive User
AMZ-104584,21,Male,Europe,2022,3,Prime,Diamond,31,932.42,30.08,3.23,1,Beauty,7,3.9,21,25,66,Alexa,Net Banking,52.92,1,3,303,1227.72,0.3337,Satisfied,Loyal Shopper
AMZ-104585,53,Non-Binary,Southeast Asia,2016,9,Non-Prime,Silver,4,581.24,145.31,25.0,1,Grocery,8,3.3,24,9,24,Alexa,UPI,62.34,6,4,723,669.78,0.4074,Satisfied,Occasional Buyer
AMZ-104586,19,Non-Binary,Southeast Asia,2020,5,Prime,Gold,15,222.44,14.83,33.33,5,Books,9,3.6,15,36,92,Tablet,UPI,38.92,10,3,308,260.34,0.986,Satisfied,Bargain Hunter
AMZ-104587,21,Female,Middle East,2019,6,Prime,Gold,4,36.74,9.19,25.0,1,Automotive,7,2.1,28,2,9,Smart TV,Debit Card,40.55,38,0,254,44.33,0.1235,Dissatisfied,Inactive User
AMZ-104588,24,Female,Europe,2022,3,Non-Prime,Silver,2,42.97,21.48,0.0,0,Home & Kitchen,1,2.5,24,2,17,Desktop,Credit Card,59.25,27,4,271,57.45,0.5907,Dissatisfied,Inactive User
AMZ-104589,24,Male,South Asia,2021,4,Non-Prime,Platinum,27,1406.91,52.11,3.7,1,Sports,3,3.7,27,19,166,Alexa,Credit Card,17.1,8,4,312,2023.12,0.4764,Very Satisfied,Loyal Shopper
AMZ-104590,54,Female,Southeast Asia,2017,8,Prime,Silver,37,6962.58,188.18,10.81,4,Sports,4,3.5,19,12,47,Alexa,Debit Card,19.18,11,0,443,7956.58,0.7535,Satisfied,Premium Spender
AMZ-104591,45,Female,Europe,2017,8,Prime,Diamond,47,9377.07,199.51,8.51,4,Automotive,4,4.8,2,19,108,Tablet,Credit Card,39.05,30,2,445,11822.93,0.8651,Very Satisfied,Premium Spender
AMZ-104592,69,Male,Southeast Asia,2016,9,Prime,Diamond,40,13834.09,345.85,2.5,1,Beauty,9,4.9,25,8,84,Smart TV,Credit Card,71.01,31,1,364,18018.88,0.4846,Satisfied,Premium Spender
AMZ-104593,46,Female,Southeast Asia,2023,2,Non-Prime,Gold,8,724.75,90.59,100.0,8,Clothing,9,2.7,31,38,126,Alexa,Cash on Delivery,28.8,3,3,131,1019.41,0.1063,Dissatisfied,Bargain Hunter
AMZ-104594,27,Male,East Asia,2020,5,Non-Prime,Gold,63,1540.37,24.45,0.0,0,Books,1,4.6,49,42,162,Alexa,Cash on Delivery,69.43,13,2,486,1817.57,0.8521,Very Satisfied,Loyal Shopper
AMZ-104595,57,Non-Binary,South Asia,2021,4,Prime,Platinum,24,4644.32,193.51,0.0,0,Automotive,5,4.9,7,44,149,Desktop,Gift Card,1.5,9,4,649,5491.62,0.222,Satisfied,Loyal Shopper
AMZ-104596,28,Male,Middle East,2020,5,Prime,Gold,14,439.45,31.39,21.43,3,Electronics,3,2.2,7,9,15,Tablet,Net Banking,68.49,18,1,9,483.35,0.0378,Satisfied,Occasional Buyer
AMZ-104597,71,Non-Binary,East Asia,2021,4,Prime,Gold,14,218.13,15.58,21.43,3,Electronics,8,2.9,22,4,35,Smart TV,Gift Card,29.41,8,4,380,272.71,0.9638,Satisfied,Occasional Buyer
AMZ-104598,18,Female,Middle East,2018,7,Prime,Gold,41,10442.32,254.69,7.32,3,Books,2,3.5,7,10,42,Desktop,Debit Card,65.91,19,3,15,12068.24,0.9898,Satisfied,Premium Spender
AMZ-104599,68,Female,South Asia,2015,10,Prime,Platinum,2,545.53,272.76,100.0,2,Office,9,3.4,4,6,43,Alexa,Credit Card,0.98,15,2,183,774.73,0.8377,Satisfied,Occasional Buyer
AMZ-104600,59,Non-Binary,Europe,2019,6,Prime,Platinum,14,684.44,48.89,28.57,4,Books,3,3.3,49,52,151,Desktop,Amazon Pay,59.74,36,1,503,1018.45,0.4893,Dissatisfied,Bargain Hunter
AMZ-104601,69,Male,East Asia,2023,2,Prime,Gold,64,3305.82,51.65,0.0,0,Automotive,4,4.0,11,26,118,Alexa,Net Banking,12.75,35,4,98,3414.28,0.9453,Very Satisfied,Loyal Shopper
AMZ-104602,30,Non-Binary,North America,2018,7,Prime,Gold,27,142.66,5.28,18.52,5,Toys,9,4.2,21,36,228,Tablet,Net Banking,75.21,23,4,7,147.29,0.5238,Satisfied,Bargain Hunter
AMZ-104603,58,Male,Latin America,2022,3,Prime,Platinum,3,71.6,23.87,0.0,0,Office,4,2.0,30,4,14,Tablet,Amazon Pay,73.99,11,4,221,92.68,0.0535,Dissatisfied,Inactive User
AMZ-104604,66,Non-Binary,Europe,2023,2,Non-Prime,Platinum,1,52.26,52.26,100.0,1,Clothing,2,2.6,25,1,13,Mobile,UPI,9.86,35,3,35,67.96,0.7322,Neutral,Inactive User
AMZ-104605,26,Non-Binary,East Asia,2015,10,Prime,Silver,39,3811.33,97.73,5.13,2,Home & Kitchen,6,3.8,4,25,128,Smart TV,Debit Card,66.43,33,1,639,4223.78,0.0604,Satisfied,Loyal Shopper
AMZ-104606,29,Non-Binary,Southeast Asia,2023,2,Prime,Diamond,17,6521.18,383.6,5.88,1,Toys,1,3.3,26,9,51,Smart TV,Gift Card,14.61,37,1,243,8843.92,0.0313,Neutral,Premium Spender
AMZ-104607,46,Female,Southeast Asia,2023,2,Prime,Gold,1,17.28,17.28,0.0,0,Beauty,2,2.5,28,1,11,Alexa,Gift Card,73.67,12,4,543,24.03,0.0224,Very Dissatisfied,Inactive User
AMZ-104608,28,Female,North America,2017,8,Prime,Platinum,23,155.55,6.76,8.7,2,Office,5,4.4,21,79,159,Mobile,UPI,45.96,25,3,41,160.5,0.0556,Neutral,Bargain Hunter
AMZ-104609,34,Non-Binary,North America,2018,7,Non-Prime,Platinum,7,557.83,79.69,42.86,3,Clothing,2,2.4,37,8,42,Smart TV,Cash on Delivery,27.03,37,3,90,657.29,0.0135,Neutral,Occasional Buyer
AMZ-104610,60,Male,South Asia,2022,3,Non-Prime,Silver,40,8140.95,203.52,10.0,4,Automotive,2,4.6,40,13,85,Smart TV,Credit Card,20.95,1,2,214,10036.72,0.1021,Satisfied,Premium Spender
AMZ-104611,33,Male,North America,2016,9,Prime,Silver,3,219.9,73.3,0.0,0,Home & Kitchen,5,3.3,20,1,23,Alexa,Credit Card,14.93,16,3,176,319.0,0.3464,Neutral,Occasional Buyer
AMZ-104612,56,Non-Binary,North America,2021,4,Prime,Platinum,3,587.12,195.71,33.33,1,Clothing,2,3.7,11,4,36,Desktop,Gift Card,69.68,4,1,368,682.63,0.2372,Dissatisfied,Occasional Buyer
AMZ-104613,21,Non-Binary,South Asia,2023,2,Prime,Platinum,11,81.53,7.41,18.18,2,Office,4,2.2,40,6,51,Alexa,Credit Card,36.27,9,4,222,105.03,0.8345,Dissatisfied,Occasional Buyer
AMZ-104614,64,Non-Binary,Middle East,2020,5,Prime,Silver,7,172.61,24.66,57.14,4,Toys,2,4.4,7,60,94,Tablet,Cash on Delivery,56.84,21,4,477,236.13,0.5765,Neutral,Bargain Hunter
AMZ-104615,48,Non-Binary,North America,2018,7,Prime,Silver,43,6173.6,143.57,0.0,0,Beauty,9,4.3,47,17,56,Smart TV,Debit Card,4.01,31,4,322,8184.39,0.2294,Very Satisfied,Premium Spender
AMZ-104616,28,Male,Southeast Asia,2020,5,Prime,Diamond,2,96.06,48.03,0.0,0,Automotive,2,2.4,32,2,17,Desktop,Gift Card,75.81,18,1,84,118.37,0.5156,Neutral,Inactive User
AMZ-104617,39,Male,Middle East,2017,8,Non-Prime,Diamond,20,11346.35,567.32,20.0,4,Books,1,3.3,7,9,101,Mobile,Cash on Delivery,26.78,13,3,551,14759.82,0.3472,Satisfied,Premium Spender
AMZ-104618,59,Female,South Asia,2021,4,Prime,Platinum,62,3721.71,60.03,1.61,1,Home & Kitchen,6,3.9,10,10,122,Desktop,Credit Card,17.27,20,3,677,5377.38,0.6699,Very Satisfied,Loyal Shopper
AMZ-104619,38,Female,Middle East,2019,6,Non-Prime,Diamond,2,591.13,295.56,50.0,1,Clothing,6,3.4,28,7,36,Tablet,Amazon Pay,28.69,26,1,109,771.16,0.4874,Satisfied,Occasional Buyer
AMZ-104620,33,Male,Latin America,2019,6,Non-Prime,Platinum,3,15.75,5.25,33.33,1,Beauty,9,2.1,24,2,18,Smart TV,UPI,79.63,7,0,414,20.71,0.2389,Very Dissatisfied,Inactive User
AMZ-104621,32,Female,Southeast Asia,2021,4,Prime,Silver,24,3919.35,163.31,4.17,1,Books,2,3.5,8,28,83,Tablet,Amazon Pay,19.94,30,0,12,3924.52,0.3176,Very Satisfied,Loyal Shopper
AMZ-104622,33,Female,Latin America,2022,3,Prime,Gold,0,36.76,36.76,100.0,1,Clothing,7,2.5,49,1,19,Smart TV,Credit Card,2.11,28,3,348,53.16,0.0836,Dissatisfied,Inactive User
AMZ-104623,46,Non-Binary,Europe,2021,4,Prime,Diamond,0,62.74,62.74,100.0,1,Books,3,1.3,32,3,11,Mobile,Cash on Delivery,21.97,17,3,508,80.16,0.766,Very Dissatisfied,Inactive User
AMZ-104624,35,Non-Binary,Middle East,2018,7,Prime,Gold,3,95.13,31.71,33.33,1,Beauty,1,2.7,0,1,5,Alexa,Gift Card,75.45,13,2,632,119.76,0.5859,Very Dissatisfied,Inactive User
AMZ-104625,21,Female,East Asia,2021,4,Prime,Gold,30,10524.0,350.8,3.33,1,Toys,2,3.4,49,29,57,Tablet,Amazon Pay,69.33,30,0,4,12713.23,0.7152,Very Satisfied,Premium Spender
AMZ-104626,26,Male,Southeast Asia,2022,3,Prime,Gold,21,12678.6,603.74,0.0,0,Automotive,6,4.5,39,14,66,Smart TV,Cash on Delivery,75.39,36,1,658,17086.9,0.0558,Satisfied,Premium Spender
AMZ-104627,57,Female,East Asia,2018,7,Prime,Diamond,21,14955.43,712.16,14.29,3,Sports,1,3.5,6,25,73,Tablet,UPI,29.21,20,0,574,15375.83,0.6654,Very Satisfied,Premium Spender
AMZ-104628,55,Non-Binary,Southeast Asia,2021,4,Prime,Platinum,41,14577.62,355.55,4.88,2,Office,8,3.3,40,22,110,Tablet,Gift Card,69.55,29,3,73,19564.27,0.3399,Very Satisfied,Premium Spender
AMZ-104629,70,Female,East Asia,2022,3,Non-Prime,Gold,9,243.61,27.07,88.89,8,Sports,4,3.0,40,26,230,Smart TV,Amazon Pay,4.43,34,4,355,258.71,0.8938,Satisfied,Bargain Hunter
AMZ-104630,37,Male,Latin America,2016,9,Non-Prime,Gold,4,261.44,65.36,75.0,3,Sports,6,2.8,48,9,30,Mobile,Cash on Delivery,52.09,5,4,335,336.98,0.2593,Satisfied,Occasional Buyer
AMZ-104631,59,Female,Southeast Asia,2023,2,Prime,Silver,5,548.39,109.68,20.0,1,Grocery,4,2.1,43,3,49,Tablet,Net Banking,23.01,38,2,698,690.32,0.6727,Neutral,Occasional Buyer
AMZ-104632,43,Female,Europe,2017,8,Prime,Platinum,2,78.44,39.22,50.0,1,Beauty,2,2.8,42,4,15,Mobile,Debit Card,35.28,34,3,510,78.6,0.4435,Neutral,Inactive User
AMZ-104633,42,Female,Middle East,2015,10,Prime,Diamond,45,3057.7,67.95,8.89,4,Grocery,5,3.4,36,12,52,Mobile,Amazon Pay,77.61,33,4,126,4468.46,0.0483,Neutral,Premium Spender
AMZ-104634,18,Male,Latin America,2022,3,Non-Prime,Platinum,41,3420.05,83.42,4.88,2,Toys,9,4.1,49,32,98,Alexa,Debit Card,44.4,16,2,117,4378.46,0.439,Very Satisfied,Loyal Shopper
AMZ-104635,69,Male,Southeast Asia,2020,5,Non-Prime,Diamond,67,3442.53,51.38,0.0,0,Sports,5,4.8,44,15,113,Alexa,Credit Card,73.49,10,1,332,3996.68,0.0712,Very Satisfied,Loyal Shopper
AMZ-104636,40,Female,South Asia,2018,7,Prime,Gold,10,215.23,21.52,10.0,1,Electronics,5,4.0,45,4,45,Tablet,Credit Card,52.69,7,1,695,277.28,0.31,Neutral,Occasional Buyer
AMZ-104637,18,Non-Binary,Southeast Asia,2022,3,Prime,Gold,14,548.07,39.15,0.0,0,Sports,9,3.2,16,2,49,Mobile,Amazon Pay,69.86,30,2,307,548.89,0.1919,Neutral,Occasional Buyer
AMZ-104638,36,Non-Binary,South Asia,2023,2,Prime,Platinum,17,578.57,34.03,52.94,9,Grocery,8,3.9,39,54,198,Desktop,Cash on Delivery,5.78,2,1,356,800.84,0.608,Neutral,Bargain Hunter
AMZ-104639,68,Non-Binary,Middle East,2015,10,Prime,Gold,2,68.26,34.13,0.0,0,Home & Kitchen,6,2.3,31,0,6,Tablet,Gift Card,2.56,26,1,52,94.03,0.7556,Very Dissatisfied,Inactive User
AMZ-104640,35,Non-Binary,Southeast Asia,2021,4,Prime,Diamond,24,11838.15,493.26,12.5,3,Toys,2,4.1,1,12,41,Mobile,Debit Card,25.62,22,3,506,14257.71,0.9146,Neutral,Premium Spender
AMZ-104641,38,Female,South Asia,2020,5,Non-Prime,Diamond,37,2008.36,54.28,5.41,2,Sports,5,4.7,47,33,77,Mobile,Amazon Pay,10.96,0,2,705,2587.34,0.4908,Very Satisfied,Loyal Shopper
AMZ-104642,45,Male,Latin America,2022,3,Non-Prime,Platinum,1,97.53,97.53,100.0,1,Books,5,1.8,17,3,12,Mobile,Credit Card,34.6,36,4,421,118.24,0.1293,Dissatisfied,Inactive User
AMZ-104643,40,Non-Binary,Southeast Asia,2021,4,Prime,Silver,11,563.27,51.21,72.73,8,Automotive,1,3.8,37,44,165,Alexa,Credit Card,53.19,4,3,443,787.99,0.7945,Neutral,Bargain Hunter
AMZ-104644,58,Male,Southeast Asia,2021,4,Prime,Platinum,1,15.78,15.78,100.0,1,Office,2,2.2,7,1,3,Smart TV,Gift Card,42.81,39,0,664,21.94,0.8983,Very Dissatisfied,Inactive User
AMZ-104645,61,Female,South Asia,2018,7,Non-Prime,Gold,4,81.09,20.27,25.0,1,Home & Kitchen,9,1.8,17,1,6,Mobile,Gift Card,45.63,3,4,727,109.73,0.0677,Neutral,Inactive User
AMZ-104646,47,Female,South Asia,2023,2,Prime,Diamond,10,384.89,38.49,90.0,9,Beauty,3,3.7,34,96,212,Tablet,Net Banking,58.75,20,4,396,421.31,0.6005,Satisfied,Bargain Hunter
AMZ-104647,58,Non-Binary,South Asia,2016,9,Prime,Silver,45,11617.26,258.16,0.0,0,Beauty,6,3.6,48,10,65,Desktop,Gift Card,31.31,20,3,635,12654.63,0.791,Very Satisfied,Premium Spender
AMZ-104648,41,Female,North America,2023,2,Non-Prime,Diamond,25,344.19,13.77,8.0,2,Grocery,4,3.6,43,21,101,Smart TV,Amazon Pay,45.17,30,1,472,496.31,0.7098,Neutral,Bargain Hunter
AMZ-104649,54,Male,Southeast Asia,2015,10,Prime,Silver,32,11694.01,365.44,6.25,2,Clothing,5,4.4,39,10,108,Alexa,Debit Card,7.3,8,2,499,14406.07,0.8446,Neutral,Premium Spender
AMZ-104650,48,Male,East Asia,2020,5,Prime,Silver,53,4058.6,76.58,1.89,1,Clothing,2,5.0,39,40,131,Desktop,Gift Card,31.05,2,3,293,5701.67,0.926,Satisfied,Loyal Shopper
AMZ-104651,66,Female,Middle East,2017,8,Non-Prime,Platinum,27,6098.03,225.85,3.7,1,Books,1,3.1,10,17,46,Desktop,Debit Card,59.18,24,2,277,7329.86,0.3628,Neutral,Premium Spender
AMZ-104652,61,Non-Binary,Southeast Asia,2023,2,Prime,Platinum,36,5309.91,147.5,2.78,1,Grocery,9,3.9,3,8,95,Mobile,Gift Card,72.72,35,1,41,6543.48,0.2781,Neutral,Premium Spender
AMZ-104653,47,Male,Latin America,2019,6,Prime,Platinum,3,70.19,23.4,33.33,1,Books,6,1.8,35,4,14,Mobile,Cash on Delivery,19.49,22,1,687,97.22,0.4498,Dissatisfied,Inactive User
AMZ-104654,23,Male,Southeast Asia,2022,3,Prime,Diamond,37,5583.7,150.91,8.11,3,Grocery,6,4.4,31,5,113,Desktop,Cash on Delivery,13.2,19,0,124,7254.25,0.3281,Neutral,Premium Spender
AMZ-104655,21,Non-Binary,Europe,2020,5,Prime,Platinum,4,76.03,19.01,0.0,0,Grocery,7,2.7,29,0,19,Desktop,Cash on Delivery,67.87,4,3,291,98.34,0.0126,Neutral,Inactive User
AMZ-104656,31,Female,Middle East,2023,2,Prime,Diamond,23,728.17,31.66,30.43,7,Home & Kitchen,9,3.5,47,79,166,Smart TV,Cash on Delivery,54.0,34,4,235,970.08,0.3219,Neutral,Bargain Hunter
AMZ-104657,46,Female,Latin America,2021,4,Non-Prime,Silver,5,263.33,52.67,40.0,2,Sports,1,3.8,6,10,58,Tablet,UPI,70.82,8,3,393,324.9,0.1151,Satisfied,Occasional Buyer
AMZ-104658,71,Male,Middle East,2018,7,Prime,Silver,26,4347.72,167.22,3.85,1,Home & Kitchen,3,4.2,46,44,81,Mobile,Cash on Delivery,24.67,18,1,508,5689.02,0.1034,Satisfied,Loyal Shopper
AMZ-104659,36,Non-Binary,South Asia,2015,10,Non-Prime,Diamond,34,8734.87,256.91,0.0,0,Sports,2,3.5,18,10,70,Desktop,Net Banking,25.57,17,2,266,12370.73,0.8537,Very Satisfied,Premium Spender
AMZ-104660,69,Female,Latin America,2015,10,Non-Prime,Platinum,27,145.59,5.39,7.41,2,Office,1,3.6,2,58,98,Alexa,Cash on Delivery,63.02,23,4,147,173.23,0.5883,Satisfied,Bargain Hunter
AMZ-104661,19,Female,North America,2015,10,Non-Prime,Platinum,1,118.27,118.27,200.0,2,Office,8,4.0,32,15,32,Desktop,Credit Card,9.52,14,1,673,152.23,0.1899,Dissatisfied,Occasional Buyer
AMZ-104662,33,Non-Binary,North America,2015,10,Prime,Platinum,39,1872.97,48.02,0.0,0,Toys,9,3.9,11,41,165,Mobile,Cash on Delivery,44.79,11,0,724,2667.3,0.3924,Very Satisfied,Loyal Shopper
AMZ-104663,32,Female,Middle East,2022,3,Non-Prime,Silver,1,432.4,432.4,100.0,1,Books,6,2.6,16,1,11,Tablet,Debit Card,36.84,22,1,674,576.19,0.0262,Neutral,Occasional Buyer
AMZ-104664,23,Male,Middle East,2021,4,Non-Prime,Diamond,44,1904.53,43.28,2.27,1,Toys,8,4.0,39,48,86,Desktop,Debit Card,55.09,2,3,579,2724.66,0.1987,Very Satisfied,Loyal Shopper
AMZ-104665,46,Male,South Asia,2021,4,Prime,Diamond,19,480.23,25.28,31.58,6,Beauty,4,2.8,34,23,132,Tablet,Credit Card,13.53,10,1,288,557.81,0.8571,Dissatisfied,Bargain Hunter
AMZ-104666,31,Female,Middle East,2021,4,Non-Prime,Silver,31,2426.23,78.27,3.23,1,Beauty,2,4.3,1,49,100,Tablet,Cash on Delivery,70.23,16,1,436,2998.21,0.6405,Very Satisfied,Loyal Shopper
AMZ-104667,52,Non-Binary,Southeast Asia,2017,8,Prime,Gold,16,617.66,38.6,37.5,6,Electronics,7,4.4,32,54,221,Mobile,Debit Card,9.93,39,2,247,831.7,0.2932,Neutral,Bargain Hunter
AMZ-104668,68,Male,North America,2016,9,Non-Prime,Platinum,2,39.71,19.86,0.0,0,Electronics,7,3.0,1,1,15,Mobile,Amazon Pay,32.13,15,2,122,57.92,0.2408,Very Dissatisfied,Inactive User
AMZ-104669,70,Male,Latin America,2016,9,Non-Prime,Gold,22,3652.47,166.02,0.0,0,Electronics,6,3.8,48,15,161,Smart TV,UPI,13.65,1,3,168,4100.48,0.4746,Very Satisfied,Loyal Shopper
AMZ-104670,59,Female,Middle East,2016,9,Prime,Silver,20,3827.92,191.4,5.0,1,Office,3,4.7,14,19,138,Desktop,Credit Card,24.59,33,0,322,5116.44,0.5966,Very Satisfied,Loyal Shopper
AMZ-104671,64,Non-Binary,Europe,2021,4,Non-Prime,Diamond,12,543.32,45.28,25.0,3,Home & Kitchen,2,3.2,24,5,21,Alexa,Amazon Pay,26.11,2,1,394,747.81,0.9168,Dissatisfied,Occasional Buyer
AMZ-104672,54,Non-Binary,Southeast Asia,2018,7,Prime,Gold,27,13239.76,490.36,7.41,2,Sports,4,4.5,31,13,111,Tablet,Net Banking,31.72,17,4,286,15550.33,0.2439,Neutral,Premium Spender
AMZ-104673,66,Non-Binary,East Asia,2015,10,Prime,Platinum,7,556.94,79.56,42.86,3,Books,7,3.6,17,11,38,Alexa,Debit Card,72.36,27,4,356,797.1,0.7334,Neutral,Occasional Buyer
AMZ-104674,23,Non-Binary,South Asia,2023,2,Non-Prime,Gold,48,10043.35,209.24,8.33,4,Toys,4,4.4,10,20,101,Tablet,Cash on Delivery,54.17,19,4,530,11457.71,0.0331,Satisfied,Premium Spender
AMZ-104675,20,Male,Middle East,2022,3,Prime,Gold,36,3588.95,99.69,2.78,1,Beauty,2,4.5,15,21,166,Tablet,Net Banking,71.29,27,1,136,3800.61,0.1174,Satisfied,Loyal Shopper
AMZ-104676,71,Female,East Asia,2019,6,Non-Prime,Silver,35,8101.19,231.46,11.43,4,Beauty,5,4.4,11,17,83,Tablet,UPI,31.92,2,2,353,8906.52,0.1297,Very Satisfied,Premium Spender
AMZ-104677,49,Male,Middle East,2016,9,Prime,Diamond,26,186.82,7.19,26.92,7,Office,1,3.3,28,77,229,Tablet,Cash on Delivery,16.68,9,3,321,235.33,0.9173,Neutral,Bargain Hunter
AMZ-104678,22,Non-Binary,Middle East,2016,9,Prime,Diamond,1,448.43,448.43,0.0,0,Books,2,2.7,3,9,18,Tablet,Credit Card,43.7,36,3,717,545.79,0.2016,Dissatisfied,Occasional Buyer
AMZ-104679,39,Non-Binary,Europe,2016,9,Non-Prime,Silver,8,481.91,60.24,25.0,2,Beauty,3,2.0,25,10,11,Mobile,UPI,19.13,17,3,13,556.78,0.6015,Satisfied,Occasional Buyer
AMZ-104680,46,Non-Binary,Europe,2021,4,Prime,Diamond,0,25.79,25.79,100.0,1,Sports,9,2.7,3,0,6,Mobile,Debit Card,20.77,30,3,529,38.32,0.8366,Dissatisfied,Inactive User
AMZ-104681,42,Female,East Asia,2022,3,Prime,Platinum,12,542.87,45.24,0.0,0,Beauty,5,2.2,29,16,52,Tablet,UPI,22.84,1,4,617,808.65,0.6956,Neutral,Occasional Buyer
AMZ-104682,64,Female,Middle East,2020,5,Non-Prime,Silver,49,2192.0,44.73,4.08,2,Electronics,1,5.0,9,39,109,Alexa,Cash on Delivery,66.86,10,2,212,2997.9,0.9706,Satisfied,Loyal Shopper
AMZ-104683,57,Female,Southeast Asia,2022,3,Prime,Platinum,65,4797.36,73.81,0.0,0,Automotive,1,4.8,36,28,131,Smart TV,Net Banking,9.92,25,1,479,6958.64,0.0387,Very Satisfied,Loyal Shopper
AMZ-104684,59,Female,Europe,2019,6,Non-Prime,Gold,23,5797.23,252.05,13.04,3,Beauty,5,5.0,2,9,99,Tablet,Net Banking,34.34,1,2,128,8672.3,0.2844,Neutral,Premium Spender
AMZ-104685,43,Male,Middle East,2020,5,Prime,Gold,29,577.1,19.9,20.69,6,Sports,6,4.0,46,75,178,Alexa,Cash on Delivery,56.17,16,0,633,811.19,0.0047,Neutral,Bargain Hunter
AMZ-104686,60,Non-Binary,Southeast Asia,2017,8,Non-Prime,Silver,20,4042.5,202.12,0.0,0,Electronics,2,3.8,29,36,84,Smart TV,Credit Card,53.88,33,3,518,4309.26,0.9756,Satisfied,Loyal Shopper
AMZ-104687,46,Female,Middle East,2021,4,Prime,Platinum,5,544.76,108.95,60.0,3,Office,1,2.1,22,16,22,Smart TV,Gift Card,59.39,2,3,123,815.42,0.1997,Dissatisfied,Occasional Buyer
AMZ-104688,54,Male,Southeast Asia,2017,8,Prime,Gold,1,487.77,487.77,0.0,0,Home & Kitchen,3,2.2,32,7,12,Alexa,Amazon Pay,77.64,17,2,604,544.0,0.768,Satisfied,Occasional Buyer
AMZ-104689,34,Female,North America,2020,5,Prime,Platinum,30,6878.13,229.27,13.33,4,Beauty,1,3.6,2,29,96,Alexa,Debit Card,54.76,0,0,131,10086.74,0.2658,Very Satisfied,Premium Spender
AMZ-104690,53,Male,East Asia,2022,3,Prime,Diamond,14,228.56,16.33,14.29,2,Automotive,2,2.6,46,8,45,Tablet,UPI,28.2,20,0,367,321.03,0.8004,Neutral,Occasional Buyer
AMZ-104691,61,Female,North America,2020,5,Prime,Gold,5,580.51,116.1,180.0,9,Automotive,6,3.4,41,44,204,Desktop,Net Banking,28.11,29,0,387,653.31,0.5463,Satisfied,Bargain Hunter
AMZ-104692,69,Female,South Asia,2020,5,Prime,Platinum,19,9940.99,523.21,0.0,0,Beauty,2,4.2,31,14,67,Mobile,Net Banking,39.66,15,1,616,10996.3,0.7545,Neutral,Premium Spender
AMZ-104693,69,Male,Southeast Asia,2020,5,Non-Prime,Silver,61,1848.26,30.3,1.64,1,Electronics,1,4.4,46,14,116,Tablet,Amazon Pay,13.79,18,1,411,1886.96,0.8036,Satisfied,Loyal Shopper
AMZ-104694,31,Non-Binary,South Asia,2021,4,Prime,Platinum,14,543.08,38.79,21.43,3,Beauty,5,2.2,5,1,58,Alexa,Amazon Pay,74.13,6,3,247,629.91,0.0951,Dissatisfied,Occasional Buyer
AMZ-104695,35,Male,North America,2016,9,Prime,Gold,9,321.77,35.75,11.11,1,Home & Kitchen,2,3.7,4,4,52,Tablet,Cash on Delivery,6.36,39,0,629,469.08,0.1278,Dissatisfied,Occasional Buyer
AMZ-104696,69,Female,Southeast Asia,2019,6,Non-Prime,Silver,25,6868.72,274.75,8.0,2,Grocery,7,3.2,29,28,64,Alexa,Amazon Pay,59.48,39,2,363,8315.33,0.3202,Very Satisfied,Premium Spender
AMZ-104697,28,Non-Binary,Middle East,2023,2,Prime,Silver,28,271.17,9.68,7.14,2,Grocery,5,4.4,5,88,111,Smart TV,Cash on Delivery,8.46,23,4,253,331.33,0.994,Satisfied,Bargain Hunter
AMZ-104698,63,Male,North America,2022,3,Prime,Silver,27,246.38,9.13,25.93,7,Beauty,5,4.1,47,60,194,Tablet,Net Banking,11.33,34,0,322,291.19,0.6123,Satisfied,Bargain Hunter
AMZ-104699,23,Female,East Asia,2022,3,Prime,Silver,33,12405.1,375.91,0.0,0,Office,5,3.8,35,12,119,Smart TV,UPI,44.12,22,3,479,15844.09,0.7308,Very Satisfied,Premium Spender
AMZ-104700,33,Female,Middle East,2015,10,Prime,Silver,68,1830.09,26.91,0.0,0,Office,1,4.8,14,44,75,Desktop,Cash on Delivery,13.0,38,3,491,2310.83,0.7193,Very Satisfied,Loyal Shopper
AMZ-104701,65,Non-Binary,Southeast Asia,2018,7,Prime,Platinum,10,112.53,11.25,20.0,2,Electronics,6,3.8,41,85,212,Mobile,Credit Card,57.67,2,4,185,146.12,0.5139,Dissatisfied,Bargain Hunter
AMZ-104702,33,Non-Binary,South Asia,2020,5,Non-Prime,Silver,4,252.53,63.13,50.0,2,Books,4,2.3,49,14,15,Mobile,Amazon Pay,71.02,22,2,178,338.3,0.3214,Dissatisfied,Occasional Buyer
AMZ-104703,20,Male,South Asia,2020,5,Prime,Platinum,61,2925.68,47.96,0.0,0,Electronics,1,4.0,38,12,173,Mobile,UPI,9.5,8,4,162,4365.45,0.5853,Very Satisfied,Loyal Shopper
AMZ-104704,60,Non-Binary,South Asia,2020,5,Non-Prime,Diamond,49,3434.77,70.1,0.0,0,Home & Kitchen,5,4.3,41,13,116,Smart TV,UPI,76.26,36,4,408,3714.45,0.6488,Very Satisfied,Loyal Shopper
AMZ-104705,57,Male,Latin America,2020,5,Non-Prime,Gold,6,249.26,41.54,33.33,2,Grocery,5,4.1,36,79,117,Alexa,Net Banking,45.85,30,3,28,320.08,0.0944,Neutral,Bargain Hunter
AMZ-104706,46,Male,Latin America,2020,5,Prime,Gold,29,5949.31,205.15,10.34,3,Grocery,9,3.9,44,25,54,Tablet,Amazon Pay,15.56,19,3,657,7995.65,0.6953,Very Satisfied,Premium Spender
AMZ-104707,33,Male,East Asia,2018,7,Prime,Diamond,26,3853.72,148.22,15.38,4,Toys,8,3.5,2,17,99,Smart TV,Debit Card,58.41,24,4,706,5772.98,0.8172,Very Satisfied,Premium Spender
AMZ-104708,21,Non-Binary,North America,2021,4,Non-Prime,Gold,7,302.48,43.21,0.0,0,Sports,7,3.2,2,15,10,Alexa,Net Banking,57.85,2,4,19,366.92,0.065,Neutral,Occasional Buyer
AMZ-104709,62,Female,South Asia,2018,7,Non-Prime,Diamond,9,636.78,70.75,22.22,2,Toys,7,4.2,35,49,186,Tablet,Gift Card,68.33,22,4,41,749.14,0.5038,Neutral,Bargain Hunter
AMZ-104710,71,Non-Binary,East Asia,2020,5,Prime,Platinum,5,471.53,94.31,0.0,0,Sports,4,3.1,45,18,52,Mobile,Amazon Pay,26.87,39,4,321,482.75,0.8634,Neutral,Occasional Buyer
AMZ-104711,24,Non-Binary,South Asia,2023,2,Non-Prime,Gold,26,11442.03,440.08,3.85,1,Automotive,4,3.5,27,15,42,Alexa,Cash on Delivery,26.6,0,4,35,13825.27,0.6561,Very Satisfied,Premium Spender
AMZ-104712,20,Male,Southeast Asia,2023,2,Non-Prime,Platinum,25,4895.93,195.84,4.0,1,Grocery,4,3.1,42,10,73,Mobile,Net Banking,76.02,20,0,532,5917.88,0.8018,Neutral,Premium Spender
AMZ-104713,42,Female,East Asia,2020,5,Prime,Platinum,1,20.38,20.38,100.0,1,Office,1,1.6,1,0,15,Alexa,Debit Card,26.03,5,1,301,30.17,0.7646,Very Dissatisfied,Inactive User
AMZ-104714,29,Non-Binary,Southeast Asia,2020,5,Non-Prime,Silver,7,463.9,66.27,14.29,1,Sports,9,3.5,18,3,26,Tablet,Gift Card,67.95,1,4,95,680.9,0.4638,Dissatisfied,Occasional Buyer
AMZ-104715,62,Non-Binary,Middle East,2022,3,Non-Prime,Platinum,4,97.06,24.27,0.0,0,Home & Kitchen,4,2.6,33,2,5,Mobile,Cash on Delivery,45.36,31,2,654,118.18,0.4949,Dissatisfied,Inactive User
AMZ-104716,49,Female,Southeast Asia,2016,9,Prime,Gold,13,181.21,13.94,23.08,3,Home & Kitchen,5,2.6,18,13,53,Alexa,Amazon Pay,45.92,28,2,166,206.53,0.2624,Dissatisfied,Occasional Buyer
AMZ-104717,67,Non-Binary,Southeast Asia,2022,3,Non-Prime,Silver,18,420.28,23.35,11.11,2,Grocery,1,4.5,45,73,227,Alexa,Cash on Delivery,74.19,38,3,690,579.56,0.8845,Neutral,Bargain Hunter
AMZ-104718,71,Non-Binary,Southeast Asia,2018,7,Prime,Diamond,28,6954.2,248.36,14.29,4,Grocery,9,4.0,45,24,70,Mobile,Credit Card,69.59,0,0,467,10335.81,0.4091,Neutral,Premium Spender
AMZ-104719,55,Male,Middle East,2016,9,Prime,Gold,1,35.16,35.16,100.0,1,Clothing,9,1.4,31,4,1,Tablet,Gift Card,9.67,35,1,139,35.53,0.7399,Dissatisfied,Inactive User
AMZ-104720,68,Male,South Asia,2019,6,Prime,Gold,0,16.47,16.47,100.0,1,Automotive,7,1.3,19,0,16,Desktop,Debit Card,67.85,12,0,28,23.08,0.6028,Very Dissatisfied,Inactive User
AMZ-104721,63,Non-Binary,East Asia,2022,3,Prime,Silver,22,12031.18,546.87,4.55,1,Toys,9,3.9,44,29,54,Mobile,Debit Card,16.8,7,3,13,13834.66,0.6305,Very Satisfied,Premium Spender
AMZ-104722,64,Female,Europe,2016,9,Non-Prime,Platinum,0,25.84,25.84,100.0,1,Automotive,8,1.5,20,1,12,Alexa,Debit Card,59.67,23,4,515,38.49,0.7986,Very Dissatisfied,Inactive User
AMZ-104723,71,Female,Europe,2022,3,Non-Prime,Diamond,22,774.93,35.22,31.82,7,Beauty,1,3.1,11,93,182,Smart TV,Net Banking,48.75,2,1,458,1078.03,0.4188,Satisfied,Bargain Hunter
AMZ-104724,42,Non-Binary,East Asia,2020,5,Prime,Diamond,47,3749.53,79.78,6.38,3,Grocery,1,3.4,5,19,49,Smart TV,UPI,15.46,23,3,89,4539.68,0.026,Very Satisfied,Premium Spender
AMZ-104725,50,Female,Europe,2015,10,Prime,Gold,18,335.98,18.67,11.11,2,Toys,6,3.5,47,72,177,Smart TV,Net Banking,59.36,17,2,317,350.9,0.1646,Neutral,Bargain Hunter
AMZ-104726,21,Non-Binary,Europe,2016,9,Non-Prime,Platinum,16,10693.05,668.32,0.0,0,Home & Kitchen,8,4.1,33,24,92,Smart TV,Debit Card,23.68,1,0,707,11135.21,0.1635,Neutral,Premium Spender
AMZ-104727,45,Male,Europe,2020,5,Prime,Silver,38,4820.83,126.86,0.0,0,Sports,8,3.9,0,15,154,Smart TV,Amazon Pay,60.52,18,1,221,5619.69,0.2517,Satisfied,Loyal Shopper
AMZ-104728,68,Female,South Asia,2017,8,Prime,Silver,66,4834.71,73.25,1.52,1,Sports,6,4.5,0,32,163,Desktop,Credit Card,28.47,12,2,512,6930.07,0.8104,Satisfied,Loyal Shopper
AMZ-104729,65,Female,Europe,2018,7,Prime,Silver,3,61.15,20.38,0.0,0,Beauty,8,2.8,46,1,19,Desktop,Credit Card,10.82,21,1,373,64.26,0.2363,Very Dissatisfied,Inactive User
AMZ-104730,52,Male,Latin America,2015,10,Non-Prime,Silver,21,4371.33,208.16,0.0,0,Office,3,4.7,3,13,129,Alexa,Amazon Pay,39.25,33,1,418,5974.07,0.7046,Satisfied,Loyal Shopper
AMZ-104731,60,Female,Europe,2015,10,Non-Prime,Silver,21,788.24,37.54,23.81,5,Home & Kitchen,1,4.0,21,45,200,Desktop,Amazon Pay,40.83,38,1,714,950.73,0.3027,Satisfied,Bargain Hunter
AMZ-104732,23,Male,Middle East,2016,9,Prime,Platinum,2,5.37,2.69,0.0,0,Home & Kitchen,1,2.0,27,4,6,Desktop,Cash on Delivery,65.33,38,3,196,7.11,0.1532,Very Dissatisfied,Inactive User
AMZ-104733,31,Female,Southeast Asia,2019,6,Non-Prime,Gold,46,4775.12,103.81,2.17,1,Clothing,7,4.4,0,11,93,Smart TV,Net Banking,61.63,26,3,384,6040.41,0.2609,Satisfied,Loyal Shopper
AMZ-104734,23,Non-Binary,North America,2015,10,Prime,Gold,0,30.04,30.04,0.0,0,Home & Kitchen,3,1.7,38,3,6,Desktop,UPI,52.4,13,3,441,35.72,0.5037,Neutral,Inactive User
AMZ-104735,30,Female,North America,2019,6,Non-Prime,Silver,10,797.01,79.7,90.0,9,Automotive,8,3.5,14,63,186,Mobile,Credit Card,73.67,33,0,345,988.7,0.5989,Neutral,Bargain Hunter
AMZ-104736,53,Male,Middle East,2023,2,Prime,Platinum,9,464.44,51.6,33.33,3,Beauty,1,3.1,29,10,46,Smart TV,Cash on Delivery,76.94,10,0,694,607.97,0.358,Neutral,Occasional Buyer
AMZ-104737,32,Female,Europe,2021,4,Non-Prime,Silver,3,292.25,97.42,66.67,2,Beauty,9,2.5,9,4,58,Desktop,Gift Card,64.5,29,0,317,362.83,0.7166,Satisfied,Occasional Buyer
AMZ-104738,35,Male,Europe,2018,7,Non-Prime,Diamond,21,524.2,24.96,38.1,8,Books,2,3.9,22,41,186,Mobile,Cash on Delivery,24.6,9,2,65,524.63,0.17,Dissatisfied,Bargain Hunter
AMZ-104739,59,Female,Middle East,2021,4,Prime,Silver,3,149.95,49.98,33.33,1,Sports,3,3.7,10,5,19,Mobile,Net Banking,10.87,37,3,93,217.96,0.3064,Neutral,Occasional Buyer
AMZ-104740,64,Non-Binary,Latin America,2015,10,Non-Prime,Platinum,25,10563.82,422.55,12.0,3,Books,5,4.6,17,7,74,Desktop,Credit Card,25.84,17,0,721,12117.63,0.3879,Neutral,Premium Spender
AMZ-104741,29,Male,Middle East,2021,4,Prime,Gold,41,14159.56,345.36,0.0,0,Books,5,4.9,34,7,99,Smart TV,UPI,1.13,27,4,546,16234.3,0.1353,Satisfied,Premium Spender
AMZ-104742,42,Female,Europe,2022,3,Prime,Diamond,2,2.8,1.4,50.0,1,Books,7,1.3,8,4,15,Tablet,Gift Card,4.16,39,4,571,3.64,0.8188,Very Dissatisfied,Inactive User
AMZ-104743,37,Male,Europe,2023,2,Prime,Silver,70,3309.49,47.28,0.0,0,Office,9,4.8,33,19,91,Desktop,Gift Card,59.09,39,4,74,3977.03,0.1554,Very Satisfied,Loyal Shopper
AMZ-104744,53,Male,South Asia,2015,10,Prime,Diamond,2,225.4,112.7,50.0,1,Toys,3,3.7,2,4,47,Tablet,Gift Card,21.32,32,2,129,299.83,0.178,Neutral,Occasional Buyer
AMZ-104745,37,Male,South Asia,2021,4,Prime,Silver,14,410.22,29.3,21.43,3,Toys,3,4.1,8,76,110,Tablet,Amazon Pay,75.2,5,1,520,562.18,0.6605,Neutral,Bargain Hunter
AMZ-104746,57,Female,East Asia,2015,10,Prime,Platinum,3,44.77,14.92,33.33,1,Automotive,3,2.3,3,4,19,Tablet,Amazon Pay,38.62,35,4,51,60.85,0.4519,Dissatisfied,Inactive User
AMZ-104747,51,Female,Southeast Asia,2023,2,Prime,Silver,8,57.46,7.18,12.5,1,Home & Kitchen,4,2.2,2,7,23,Smart TV,Net Banking,77.43,38,3,469,60.3,0.4324,Neutral,Occasional Buyer
AMZ-104748,26,Male,South Asia,2019,6,Prime,Platinum,21,7819.52,372.36,0.0,0,Books,4,4.7,46,24,119,Mobile,Credit Card,19.66,26,3,34,9728.4,0.1923,Very Satisfied,Premium Spender
AMZ-104749,47,Non-Binary,Southeast Asia,2016,9,Non-Prime,Diamond,3,319.63,106.54,100.0,3,Electronics,1,3.1,34,17,22,Smart TV,UPI,55.5,39,4,7,322.71,0.3054,Satisfied,Occasional Buyer
AMZ-104750,69,Female,North America,2016,9,Prime,Gold,6,550.98,91.83,83.33,5,Books,3,2.7,15,84,226,Alexa,Credit Card,25.28,31,3,307,563.36,0.2565,Satisfied,Bargain Hunter
AMZ-104751,44,Non-Binary,Middle East,2017,8,Prime,Gold,49,4069.25,83.05,6.12,3,Home & Kitchen,3,3.2,3,7,82,Tablet,Cash on Delivery,14.5,4,0,230,4195.68,0.2962,Neutral,Premium Spender
AMZ-104752,55,Non-Binary,South Asia,2017,8,Prime,Platinum,46,4939.63,107.38,2.17,1,Sports,6,4.3,19,47,108,Alexa,Amazon Pay,47.81,1,3,277,5162.15,0.1424,Very Satisfied,Loyal Shopper
AMZ-104753,22,Female,North America,2016,9,Prime,Platinum,0,44.25,44.25,100.0,1,Automotive,6,2.7,32,0,3,Mobile,Gift Card,7.74,7,1,600,46.95,0.6224,Neutral,Inactive User
AMZ-104754,42,Male,South Asia,2020,5,Prime,Gold,3,41.67,13.89,33.33,1,Electronics,5,2.2,17,3,12,Desktop,Amazon Pay,22.34,8,3,264,51.62,0.8583,Very Dissatisfied,Inactive User
AMZ-104755,70,Non-Binary,Europe,2015,10,Prime,Platinum,52,4048.55,77.86,0.0,0,Beauty,4,3.6,34,44,118,Mobile,UPI,25.25,38,3,352,4340.43,0.6287,Satisfied,Loyal Shopper
AMZ-104756,49,Non-Binary,North America,2019,6,Prime,Silver,12,517.67,43.14,33.33,4,Books,5,2.5,47,57,115,Tablet,Net Banking,21.73,22,0,381,562.38,0.8614,Neutral,Bargain Hunter
AMZ-104757,44,Non-Binary,North America,2018,7,Prime,Silver,1,582.17,582.17,200.0,2,Electronics,4,3.1,11,1,25,Alexa,Debit Card,74.35,18,2,409,614.4,0.1843,Satisfied,Occasional Buyer
AMZ-104758,32,Female,East Asia,2018,7,Prime,Gold,69,4593.85,66.58,0.0,0,Home & Kitchen,2,3.6,39,40,174,Smart TV,Debit Card,33.98,10,2,164,5933.65,0.3135,Satisfied,Loyal Shopper
AMZ-104759,22,Female,Southeast Asia,2021,4,Non-Prime,Platinum,77,2342.0,30.42,2.6,2,Sports,7,4.6,22,27,95,Desktop,Gift Card,62.12,28,4,316,3084.18,0.8705,Very Satisfied,Loyal Shopper
AMZ-104760,56,Non-Binary,East Asia,2017,8,Non-Prime,Platinum,23,240.73,10.47,8.7,2,Books,9,3.6,47,45,112,Smart TV,Cash on Delivery,43.22,31,4,85,314.64,0.3752,Neutral,Bargain Hunter
AMZ-104761,24,Female,Southeast Asia,2020,5,Prime,Gold,8,71.64,8.96,37.5,3,Books,3,3.4,30,14,39,Smart TV,Credit Card,41.55,37,4,14,83.17,0.1912,Neutral,Occasional Buyer
AMZ-104762,45,Male,North America,2023,2,Prime,Platinum,4,76.87,19.22,50.0,2,Office,2,2.4,4,4,40,Desktop,UPI,17.53,18,2,695,79.78,0.7849,Dissatisfied,Occasional Buyer
AMZ-104763,33,Non-Binary,East Asia,2018,7,Non-Prime,Diamond,48,2945.34,61.36,0.0,0,Books,2,4.2,20,27,91,Smart TV,Net Banking,37.85,24,1,390,4247.07,0.6266,Very Satisfied,Loyal Shopper
AMZ-104764,28,Female,Middle East,2017,8,Prime,Diamond,0,43.4,43.4,0.0,0,Toys,8,2.2,25,2,8,Alexa,Gift Card,22.75,28,3,593,47.69,0.5819,Very Dissatisfied,Inactive User
AMZ-104765,55,Female,Middle East,2018,7,Prime,Diamond,10,469.31,46.93,0.0,0,Home & Kitchen,2,2.6,0,4,34,Alexa,Debit Card,9.95,2,3,109,492.05,0.8327,Neutral,Occasional Buyer
AMZ-104766,18,Male,North America,2021,4,Non-Prime,Platinum,21,161.96,7.71,28.57,6,Beauty,3,3.9,14,47,132,Alexa,Credit Card,46.95,29,4,446,217.02,0.8776,Dissatisfied,Bargain Hunter
AMZ-104767,42,Non-Binary,South Asia,2023,2,Prime,Silver,33,14231.22,431.25,12.12,4,Automotive,1,4.7,29,18,48,Alexa,Debit Card,44.95,28,1,130,14896.02,0.1081,Very Satisfied,Premium Spender
AMZ-104768,52,Non-Binary,Southeast Asia,2019,6,Prime,Platinum,29,5282.07,182.14,6.9,2,Sports,3,4.0,0,10,72,Mobile,Gift Card,60.05,37,4,134,6200.99,0.7467,Neutral,Premium Spender
AMZ-104769,57,Non-Binary,East Asia,2017,8,Non-Prime,Platinum,1,134.09,134.09,200.0,2,Beauty,7,3.5,18,10,47,Desktop,Net Banking,11.96,25,4,84,188.27,0.4311,Satisfied,Occasional Buyer
AMZ-104770,26,Male,East Asia,2022,3,Prime,Diamond,8,331.27,41.41,25.0,2,Electronics,4,2.1,7,9,37,Smart TV,Cash on Delivery,39.5,21,0,121,335.15,0.1312,Satisfied,Occasional Buyer
AMZ-104771,33,Male,Middle East,2016,9,Prime,Diamond,16,10219.7,638.73,25.0,4,Clothing,9,3.7,6,14,104,Mobile,Gift Card,46.01,38,1,603,12713.93,0.8212,Neutral,Premium Spender
AMZ-104772,57,Female,Southeast Asia,2019,6,Prime,Gold,2,41.68,20.84,50.0,1,Automotive,5,1.6,13,2,7,Mobile,UPI,47.38,17,0,229,59.86,0.7183,Neutral,Inactive User
AMZ-104773,61,Male,East Asia,2019,6,Prime,Diamond,75,4665.8,62.21,1.33,1,Books,1,4.2,4,43,89,Mobile,UPI,57.72,2,4,391,5262.84,0.8193,Satisfied,Loyal Shopper
AMZ-104774,25,Male,Latin America,2016,9,Prime,Silver,45,3150.76,70.02,2.22,1,Office,2,4.7,33,24,68,Desktop,Gift Card,47.68,35,1,333,3574.69,0.2605,Very Satisfied,Premium Spender
AMZ-104775,61,Non-Binary,North America,2015,10,Non-Prime,Platinum,5,367.21,73.44,180.0,9,Office,4,2.9,49,82,101,Mobile,Cash on Delivery,20.76,17,1,457,547.12,0.8905,Dissatisfied,Bargain Hunter
AMZ-104776,66,Non-Binary,Southeast Asia,2018,7,Prime,Silver,4,86.41,21.6,25.0,1,Home & Kitchen,3,2.8,47,3,0,Desktop,Gift Card,63.88,10,1,593,119.45,0.914,Dissatisfied,Inactive User
AMZ-104777,54,Male,Middle East,2019,6,Prime,Platinum,17,4057.76,238.69,23.53,4,Grocery,7,4.8,2,27,108,Smart TV,Gift Card,52.79,7,4,51,5118.71,0.8013,Very Satisfied,Premium Spender
AMZ-104778,50,Male,North America,2015,10,Prime,Diamond,41,5664.49,138.16,4.88,2,Clothing,2,5.0,44,17,66,Smart TV,UPI,72.38,34,3,261,8283.88,0.907,Neutral,Premium Spender
AMZ-104779,24,Male,Middle East,2020,5,Prime,Diamond,42,3167.02,75.41,2.38,1,Office,2,4.2,16,29,84,Smart TV,Amazon Pay,62.64,39,4,231,4627.76,0.1926,Very Satisfied,Loyal Shopper
AMZ-104780,45,Female,Southeast Asia,2015,10,Prime,Platinum,26,5286.87,203.34,0.0,0,Office,5,3.0,49,16,88,Tablet,Gift Card,63.62,4,4,338,6808.24,0.0332,Satisfied,Premium Spender
AMZ-104781,36,Male,Middle East,2019,6,Prime,Gold,2,98.57,49.28,50.0,1,Electronics,8,2.0,9,2,18,Tablet,Cash on Delivery,51.57,21,1,35,110.52,0.9863,Neutral,Inactive User
AMZ-104782,34,Female,Southeast Asia,2018,7,Prime,Diamond,19,610.78,32.15,36.84,7,Sports,1,4.2,18,98,149,Alexa,Cash on Delivery,28.94,16,1,488,682.56,0.0244,Neutral,Bargain Hunter
AMZ-104783,35,Female,North America,2015,10,Prime,Diamond,2,40.21,20.11,50.0,1,Beauty,8,2.9,25,2,4,Mobile,Gift Card,1.77,24,2,486,56.09,0.6721,Dissatisfied,Inactive User
AMZ-104784,54,Female,East Asia,2021,4,Non-Prime,Diamond,41,5228.47,127.52,4.88,2,Automotive,8,3.4,44,22,63,Desktop,Amazon Pay,32.8,15,1,249,7547.69,0.8513,Very Satisfied,Premium Spender
AMZ-104785,46,Non-Binary,South Asia,2019,6,Non-Prime,Silver,2,80.58,40.29,0.0,0,Automotive,6,2.5,32,1,1,Smart TV,Amazon Pay,63.11,29,0,141,119.91,0.9633,Dissatisfied,Inactive User
AMZ-104786,32,Female,Southeast Asia,2020,5,Prime,Gold,0,85.33,85.33,100.0,1,Beauty,2,2.9,36,1,12,Alexa,UPI,56.38,29,4,259,119.3,0.2052,Very Dissatisfied,Inactive User
AMZ-104787,26,Non-Binary,Europe,2019,6,Prime,Gold,6,150.24,25.04,50.0,3,Beauty,4,3.5,21,8,54,Smart TV,UPI,8.03,34,3,466,180.77,0.2286,Satisfied,Occasional Buyer
AMZ-104788,64,Female,East Asia,2015,10,Prime,Gold,0,30.43,30.43,0.0,0,Beauty,5,2.9,28,0,12,Desktop,Cash on Delivery,73.16,30,1,574,35.68,0.6112,Neutral,Inactive User
AMZ-104789,38,Non-Binary,South Asia,2016,9,Prime,Diamond,21,385.82,18.37,38.1,8,Sports,5,4.4,2,41,136,Smart TV,Net Banking,66.15,33,4,326,534.8,0.3937,Neutral,Bargain Hunter
AMZ-104790,50,Male,Southeast Asia,2021,4,Prime,Silver,0,35.02,35.02,0.0,0,Office,8,2.8,37,2,15,Mobile,UPI,63.79,30,2,163,41.01,0.1144,Dissatisfied,Inactive User
AMZ-104791,50,Non-Binary,South Asia,2019,6,Prime,Platinum,15,13726.85,915.12,26.67,4,Home & Kitchen,6,3.4,28,22,109,Mobile,Debit Card,71.24,9,0,28,14329.35,0.1717,Very Satisfied,Premium Spender
AMZ-104792,23,Non-Binary,Southeast Asia,2015,10,Non-Prime,Gold,18,143.25,7.96,16.67,3,Electronics,4,3.9,1,45,186,Tablet,Net Banking,74.05,29,1,216,204.94,0.0982,Neutral,Bargain Hunter
AMZ-104793,44,Male,Middle East,2022,3,Non-Prime,Diamond,23,11104.88,482.82,0.0,0,Beauty,6,3.4,8,12,46,Desktop,Debit Card,1.36,29,0,173,11926.68,0.0983,Very Satisfied,Premium Spender
AMZ-104794,35,Male,Southeast Asia,2017,8,Non-Prime,Gold,2,467.44,233.72,150.0,3,Electronics,2,3.7,42,9,36,Desktop,UPI,61.34,39,1,188,653.57,0.3427,Dissatisfied,Occasional Buyer
AMZ-104795,25,Female,Europe,2019,6,Prime,Silver,5,204.27,40.85,40.0,2,Books,1,3.9,5,18,30,Desktop,UPI,49.18,1,0,685,226.44,0.8935,Satisfied,Occasional Buyer
AMZ-104796,50,Non-Binary,East Asia,2020,5,Non-Prime,Gold,24,3192.46,133.02,4.17,1,Sports,8,4.9,39,34,132,Tablet,Credit Card,37.94,7,1,628,4719.75,0.8357,Satisfied,Loyal Shopper
AMZ-104797,39,Non-Binary,South Asia,2023,2,Prime,Gold,17,9463.8,556.69,17.65,3,Office,8,4.4,44,24,68,Desktop,Credit Card,32.6,38,0,335,10080.02,0.4603,Satisfied,Premium Spender
AMZ-104798,54,Female,Middle East,2019,6,Prime,Platinum,29,4322.0,149.03,13.79,4,Electronics,9,4.5,3,23,110,Desktop,UPI,26.69,12,4,419,6004.22,0.798,Very Satisfied,Premium Spender
AMZ-104799,69,Non-Binary,East Asia,2022,3,Prime,Platinum,10,78.84,7.88,10.0,1,Electronics,5,3.1,12,8,54,Tablet,Amazon Pay,37.81,13,0,698,117.9,0.5964,Satisfied,Occasional Buyer
AMZ-104800,53,Non-Binary,Southeast Asia,2016,9,Non-Prime,Diamond,16,4653.27,290.83,18.75,3,Office,1,3.7,38,26,98,Mobile,Gift Card,72.52,17,0,356,6006.21,0.127,Very Satisfied,Premium Spender
AMZ-104801,62,Male,South Asia,2018,7,Non-Prime,Platinum,4,270.88,67.72,0.0,0,Home & Kitchen,9,2.5,20,13,32,Tablet,Net Banking,36.63,9,4,481,351.03,0.0629,Neutral,Occasional Buyer
AMZ-104802,24,Female,South Asia,2023,2,Non-Prime,Silver,10,366.88,36.69,10.0,1,Books,7,3.2,47,10,49,Tablet,Gift Card,73.25,14,4,444,386.16,0.1006,Neutral,Occasional Buyer
AMZ-104803,63,Non-Binary,South Asia,2023,2,Prime,Gold,7,579.02,82.72,28.57,2,Electronics,4,3.3,46,6,12,Alexa,Amazon Pay,11.08,5,2,529,748.03,0.9122,Neutral,Occasional Buyer
AMZ-104804,37,Non-Binary,East Asia,2019,6,Prime,Diamond,0,81.81,81.81,100.0,1,Office,4,2.5,22,1,1,Tablet,Gift Card,31.33,20,4,493,118.49,0.011,Dissatisfied,Inactive User
AMZ-104805,21,Male,Middle East,2021,4,Prime,Gold,3,164.65,54.88,100.0,3,Home & Kitchen,8,3.6,4,14,29,Alexa,Credit Card,17.2,24,0,260,186.78,0.9201,Dissatisfied,Occasional Buyer
AMZ-104806,39,Female,East Asia,2019,6,Prime,Silver,33,8471.13,256.7,0.0,0,Grocery,1,4.9,25,14,74,Alexa,Amazon Pay,63.44,13,0,560,8810.42,0.6329,Very Satisfied,Premium Spender
AMZ-104807,20,Female,Middle East,2019,6,Prime,Gold,14,66.36,4.74,14.29,2,Office,7,3.8,34,6,43,Tablet,Amazon Pay,15.4,22,1,126,79.44,0.0789,Neutral,Occasional Buyer
AMZ-104808,54,Non-Binary,North America,2020,5,Prime,Platinum,21,340.12,16.2,33.33,7,Clothing,5,3.8,28,65,120,Smart TV,Cash on Delivery,26.06,36,3,154,380.41,0.404,Neutral,Bargain Hunter
AMZ-104809,46,Female,Middle East,2020,5,Prime,Platinum,3,83.03,27.68,0.0,0,Sports,5,2.9,24,2,8,Alexa,Debit Card,5.27,12,3,130,119.02,0.8787,Very Dissatisfied,Inactive User
AMZ-104810,54,Male,East Asia,2015,10,Non-Prime,Silver,14,495.95,35.42,28.57,4,Grocery,4,3.3,9,37,237,Alexa,Net Banking,27.83,21,4,224,667.74,0.8148,Neutral,Bargain Hunter
AMZ-104811,53,Non-Binary,Middle East,2017,8,Non-Prime,Silver,0,92.06,92.06,100.0,1,Home & Kitchen,9,1.9,44,4,18,Desktop,Cash on Delivery,36.04,31,0,582,122.99,0.2757,Very Dissatisfied,Inactive User
AMZ-104812,55,Female,Southeast Asia,2016,9,Prime,Gold,1,4.13,4.13,100.0,1,Grocery,3,2.5,24,4,18,Tablet,Cash on Delivery,57.16,22,3,264,4.54,0.3019,Dissatisfied,Inactive User
AMZ-104813,41,Male,North America,2018,7,Prime,Platinum,2,65.56,32.78,50.0,1,Automotive,3,2.4,8,0,3,Mobile,Cash on Delivery,59.85,39,4,367,83.83,0.6416,Neutral,Inactive User
AMZ-104814,60,Female,Europe,2023,2,Prime,Silver,40,4722.65,118.07,0.0,0,Books,8,4.7,31,11,116,Smart TV,Amazon Pay,74.0,37,3,506,6479.91,0.1932,Satisfied,Loyal Shopper
AMZ-104815,19,Male,Europe,2023,2,Prime,Platinum,50,936.65,18.73,4.0,2,Sports,9,3.8,11,43,83,Smart TV,Debit Card,45.9,39,1,638,940.78,0.1115,Satisfied,Loyal Shopper
AMZ-104816,32,Male,East Asia,2015,10,Prime,Platinum,18,496.97,27.61,11.11,2,Sports,5,3.7,9,68,100,Smart TV,UPI,71.04,27,1,290,576.33,0.713,Neutral,Bargain Hunter
AMZ-104817,19,Non-Binary,South Asia,2022,3,Non-Prime,Platinum,74,4263.64,57.62,2.7,2,Electronics,8,4.3,6,32,98,Smart TV,Cash on Delivery,53.29,18,0,383,5057.4,0.179,Very Satisfied,Loyal Shopper
AMZ-104818,46,Male,Latin America,2015,10,Prime,Gold,13,750.3,57.72,69.23,9,Sports,9,4.0,44,37,236,Smart TV,Gift Card,73.86,26,4,358,940.29,0.3116,Satisfied,Bargain Hunter
AMZ-104819,35,Female,East Asia,2022,3,Prime,Diamond,14,515.71,36.84,42.86,6,Electronics,4,3.7,30,63,168,Mobile,Gift Card,0.59,38,2,195,682.61,0.4016,Dissatisfied,Bargain Hunter
AMZ-104820,46,Non-Binary,Middle East,2015,10,Prime,Silver,16,334.55,20.91,12.5,2,Automotive,9,2.9,21,47,119,Alexa,Cash on Delivery,37.49,28,0,286,346.55,0.8956,Neutral,Bargain Hunter
AMZ-104821,36,Female,South Asia,2021,4,Prime,Gold,10,133.39,13.34,0.0,0,Books,2,3.5,6,6,15,Tablet,Net Banking,29.76,3,2,177,196.78,0.3143,Neutral,Occasional Buyer
AMZ-104822,55,Male,North America,2019,6,Prime,Gold,17,777.91,45.76,47.06,8,Sports,2,3.3,32,58,92,Mobile,Gift Card,67.3,34,1,438,1056.65,0.4415,Dissatisfied,Bargain Hunter
AMZ-104823,56,Male,Southeast Asia,2016,9,Non-Prime,Silver,14,486.91,34.78,21.43,3,Office,1,2.7,23,11,49,Tablet,Gift Card,20.59,5,0,214,582.22,0.0617,Dissatisfied,Occasional Buyer
AMZ-104824,18,Male,Middle East,2021,4,Non-Prime,Platinum,7,551.17,78.74,0.0,0,Sports,9,2.5,21,11,51,Mobile,Debit Card,15.23,32,4,203,659.54,0.6211,Satisfied,Occasional Buyer
AMZ-104825,35,Female,Southeast Asia,2018,7,Prime,Silver,30,2495.36,83.18,0.0,0,Clothing,5,4.7,3,25,172,Alexa,Amazon Pay,43.68,33,1,620,3539.56,0.7855,Very Satisfied,Loyal Shopper
AMZ-104826,25,Female,Southeast Asia,2020,5,Non-Prime,Platinum,3,62.94,20.98,0.0,0,Grocery,5,1.6,7,1,8,Mobile,Gift Card,5.21,17,4,427,89.38,0.1294,Dissatisfied,Inactive User
AMZ-104827,40,Non-Binary,Europe,2017,8,Non-Prime,Diamond,3,50.62,16.87,0.0,0,Grocery,5,2.5,18,3,11,Desktop,UPI,55.84,11,3,696,59.16,0.9854,Dissatisfied,Inactive User
AMZ-104828,21,Female,South Asia,2016,9,Non-Prime,Platinum,25,670.48,26.82,28.0,7,Office,9,3.5,36,26,95,Desktop,Debit Card,34.3,13,4,365,853.03,0.7994,Dissatisfied,Bargain Hunter
AMZ-104829,30,Male,Latin America,2022,3,Non-Prime,Silver,17,278.87,16.4,11.76,2,Sports,3,2.6,2,29,218,Desktop,UPI,12.72,2,2,34,392.53,0.3898,Dissatisfied,Bargain Hunter
AMZ-104830,31,Female,Middle East,2018,7,Prime,Platinum,3,40.62,13.54,33.33,1,Books,9,2.3,11,2,13,Tablet,Credit Card,35.61,11,4,107,44.93,0.9686,Neutral,Inactive User
AMZ-104831,66,Non-Binary,Europe,2022,3,Non-Prime,Diamond,20,767.89,38.39,20.0,4,Office,2,4.0,17,56,186,Alexa,Debit Card,13.44,11,1,1,815.2,0.6246,Neutral,Bargain Hunter
AMZ-104832,48,Female,East Asia,2018,7,Prime,Diamond,2,35.76,17.88,0.0,0,Beauty,8,1.7,48,4,3,Desktop,Credit Card,19.09,3,3,54,47.8,0.7254,Dissatisfied,Inactive User
AMZ-104833,46,Non-Binary,North America,2019,6,Prime,Diamond,13,715.58,55.04,46.15,6,Sports,7,2.8,14,51,99,Mobile,Debit Card,9.37,10,4,311,736.86,0.9724,Neutral,Bargain Hunter
AMZ-104834,52,Non-Binary,Latin America,2017,8,Prime,Platinum,16,525.91,32.87,18.75,3,Toys,7,3.9,21,46,171,Alexa,UPI,6.6,37,3,324,719.74,0.4607,Dissatisfied,Bargain Hunter
AMZ-104835,20,Female,Southeast Asia,2022,3,Prime,Platinum,4,32.23,8.06,25.0,1,Grocery,9,1.1,12,3,8,Mobile,Net Banking,36.34,29,1,96,40.48,0.0035,Neutral,Inactive User
AMZ-104836,42,Female,South Asia,2021,4,Non-Prime,Silver,0,11.64,11.64,100.0,1,Home & Kitchen,8,1.6,27,4,3,Smart TV,Gift Card,31.82,33,1,28,16.32,0.0506,Dissatisfied,Inactive User
AMZ-104837,59,Male,Southeast Asia,2020,5,Prime,Platinum,3,436.08,145.36,66.67,2,Office,9,3.8,18,2,38,Mobile,Amazon Pay,79.52,33,1,396,442.1,0.0895,Satisfied,Occasional Buyer
AMZ-104838,68,Non-Binary,North America,2021,4,Non-Prime,Silver,78,1179.07,15.12,2.56,2,Books,1,4.6,44,37,116,Mobile,Debit Card,64.08,25,3,271,1588.27,0.1368,Very Satisfied,Loyal Shopper
AMZ-104839,56,Female,South Asia,2016,9,Prime,Silver,29,180.43,6.22,17.24,5,Beauty,5,2.6,0,43,199,Smart TV,Cash on Delivery,47.41,25,4,559,245.26,0.8185,Dissatisfied,Bargain Hunter
AMZ-104840,47,Male,Europe,2019,6,Prime,Platinum,3,66.12,22.04,33.33,1,Electronics,1,2.5,32,0,16,Desktop,Debit Card,40.38,28,1,678,99.01,0.4099,Dissatisfied,Inactive User
AMZ-104841,37,Male,Southeast Asia,2020,5,Prime,Silver,7,143.88,20.55,42.86,3,Home & Kitchen,5,2.8,6,9,54,Desktop,Credit Card,25.81,33,2,684,151.22,0.165,Dissatisfied,Occasional Buyer
AMZ-104842,49,Male,East Asia,2019,6,Prime,Gold,61,2050.56,33.62,3.28,2,Home & Kitchen,4,4.3,44,49,149,Alexa,Gift Card,16.15,15,1,505,2961.05,0.21,Satisfied,Loyal Shopper
AMZ-104843,18,Female,Southeast Asia,2018,7,Prime,Silver,23,12665.86,550.69,0.0,0,Sports,1,4.7,0,8,54,Desktop,UPI,31.75,5,2,175,12725.1,0.4511,Satisfied,Premium Spender
AMZ-104844,32,Non-Binary,Latin America,2017,8,Prime,Diamond,35,2206.06,63.03,2.86,1,Automotive,5,4.9,47,10,72,Tablet,Credit Card,13.24,9,4,282,2915.15,0.1627,Satisfied,Loyal Shopper
AMZ-104845,31,Female,Southeast Asia,2015,10,Prime,Silver,1,12.29,12.29,100.0,1,Electronics,9,2.4,47,2,18,Smart TV,Net Banking,34.32,8,4,698,14.0,0.576,Neutral,Inactive User
AMZ-104846,41,Female,East Asia,2016,9,Non-Prime,Silver,4,400.73,100.18,50.0,2,Electronics,8,3.4,49,6,19,Desktop,Cash on Delivery,48.88,1,1,515,552.87,0.4493,Neutral,Occasional Buyer
AMZ-104847,44,Female,East Asia,2022,3,Prime,Silver,30,4868.57,162.29,6.67,2,Office,3,4.5,3,27,132,Smart TV,Debit Card,61.55,6,0,185,6206.89,0.296,Very Satisfied,Loyal Shopper
AMZ-104848,70,Male,Europe,2018,7,Prime,Gold,13,184.93,14.23,15.38,2,Toys,3,3.1,41,2,32,Tablet,Amazon Pay,17.5,39,1,167,258.42,0.9507,Dissatisfied,Occasional Buyer
AMZ-104849,28,Non-Binary,East Asia,2023,2,Non-Prime,Gold,17,367.63,21.63,23.53,4,Office,9,3.5,0,41,193,Desktop,Gift Card,45.29,26,2,290,377.84,0.6885,Satisfied,Bargain Hunter
AMZ-104850,32,Non-Binary,Latin America,2019,6,Prime,Platinum,28,8621.87,307.92,10.71,3,Clothing,2,3.9,47,28,41,Desktop,UPI,50.41,23,2,25,11348.81,0.8113,Very Satisfied,Premium Spender
AMZ-104851,32,Male,East Asia,2015,10,Non-Prime,Gold,23,467.68,20.33,34.78,8,Toys,6,2.7,49,31,128,Desktop,Net Banking,3.54,29,0,633,695.63,0.2828,Dissatisfied,Bargain Hunter
AMZ-104852,65,Non-Binary,Latin America,2017,8,Prime,Silver,35,3350.69,95.73,5.71,2,Automotive,7,4.6,16,21,168,Mobile,Amazon Pay,70.24,5,0,0,4969.67,0.6235,Satisfied,Loyal Shopper
AMZ-104853,60,Female,Southeast Asia,2015,10,Non-Prime,Gold,78,4896.06,62.77,2.56,2,Books,4,3.7,36,35,152,Alexa,UPI,56.73,7,1,680,5069.2,0.2309,Very Satisfied,Loyal Shopper
AMZ-104854,40,Non-Binary,South Asia,2023,2,Prime,Silver,2,12.76,6.38,50.0,1,Toys,7,2.5,14,4,0,Alexa,UPI,40.1,20,4,230,18.63,0.7092,Very Dissatisfied,Inactive User
AMZ-104855,54,Non-Binary,South Asia,2018,7,Prime,Gold,29,4059.76,139.99,6.9,2,Sports,2,3.7,46,44,173,Smart TV,Net Banking,40.96,27,4,470,4261.32,0.4144,Very Satisfied,Loyal Shopper
AMZ-104856,62,Male,East Asia,2020,5,Prime,Silver,12,412.73,34.39,50.0,6,Automotive,3,2.9,11,79,159,Smart TV,Amazon Pay,5.73,8,3,628,427.46,0.5091,Satisfied,Bargain Hunter
AMZ-104857,36,Non-Binary,Middle East,2015,10,Prime,Platinum,15,361.76,24.12,13.33,2,Office,2,3.9,47,29,93,Alexa,UPI,5.24,35,0,392,369.05,0.1702,Dissatisfied,Bargain Hunter
AMZ-104858,47,Female,Southeast Asia,2023,2,Prime,Diamond,25,14501.87,580.07,4.0,1,Toys,8,4.2,40,23,56,Desktop,Cash on Delivery,71.63,4,4,580,16912.96,0.2143,Satisfied,Premium Spender
AMZ-104859,44,Non-Binary,North America,2022,3,Prime,Platinum,10,236.16,23.62,90.0,9,Books,8,3.2,4,61,149,Alexa,Cash on Delivery,21.43,15,3,74,250.34,0.3163,Neutral,Bargain Hunter
AMZ-104860,29,Female,Latin America,2016,9,Prime,Platinum,2,439.71,219.85,100.0,2,Clothing,5,3.9,48,1,59,Desktop,Amazon Pay,30.26,34,1,143,608.51,0.4393,Satisfied,Occasional Buyer
AMZ-104861,35,Female,North America,2023,2,Prime,Gold,2,99.69,49.84,0.0,0,Electronics,7,2.7,29,3,11,Tablet,UPI,43.81,23,2,243,114.43,0.3209,Very Dissatisfied,Inactive User
AMZ-104862,32,Female,North America,2023,2,Non-Prime,Diamond,16,137.49,8.59,37.5,6,Home & Kitchen,9,2.7,22,33,179,Tablet,Credit Card,66.47,4,3,49,191.43,0.6933,Satisfied,Bargain Hunter
AMZ-104863,50,Non-Binary,Southeast Asia,2015,10,Prime,Platinum,11,188.26,17.11,72.73,8,Beauty,3,4.2,31,39,156,Mobile,Net Banking,56.38,37,4,471,200.29,0.0041,Neutral,Bargain Hunter
AMZ-104864,47,Male,Southeast Asia,2023,2,Prime,Silver,25,4872.01,194.88,4.0,1,Beauty,5,3.7,14,19,167,Mobile,Amazon Pay,31.99,23,1,473,5490.88,0.2315,Satisfied,Loyal Shopper
AMZ-104865,47,Male,Southeast Asia,2015,10,Prime,Gold,6,769.15,128.19,116.67,7,Home & Kitchen,8,3.6,41,37,178,Tablet,Debit Card,67.74,18,4,407,866.51,0.0697,Satisfied,Bargain Hunter
AMZ-104866,48,Female,East Asia,2017,8,Non-Prime,Diamond,19,12645.24,665.54,15.79,3,Electronics,7,3.3,0,7,78,Desktop,Cash on Delivery,3.21,0,3,678,16060.17,0.1206,Very Satisfied,Premium Spender
AMZ-104867,38,Non-Binary,East Asia,2021,4,Non-Prime,Silver,79,1035.63,13.11,2.53,2,Clothing,4,4.7,4,28,143,Alexa,Credit Card,41.68,11,4,189,1417.56,0.6362,Very Satisfied,Loyal Shopper
AMZ-104868,54,Non-Binary,East Asia,2022,3,Non-Prime,Gold,42,13580.77,323.35,9.52,4,Beauty,1,3.3,26,16,87,Tablet,Net Banking,19.65,28,1,328,18275.4,0.8088,Satisfied,Premium Spender
AMZ-104869,37,Non-Binary,East Asia,2023,2,Non-Prime,Platinum,40,8206.14,205.15,10.0,4,Clothing,5,4.8,3,12,98,Mobile,Credit Card,61.84,28,2,153,11100.34,0.0106,Very Satisfied,Premium Spender
AMZ-104870,64,Non-Binary,Europe,2022,3,Non-Prime,Diamond,47,3605.24,76.71,2.13,1,Home & Kitchen,1,4.0,40,18,143,Smart TV,Cash on Delivery,29.43,1,0,185,5004.11,0.466,Satisfied,Loyal Shopper
AMZ-104871,71,Male,Europe,2022,3,Non-Prime,Gold,52,4026.0,77.42,3.85,2,Home & Kitchen,8,4.1,20,36,159,Mobile,Credit Card,28.18,27,0,377,5192.41,0.901,Very Satisfied,Loyal Shopper
AMZ-104872,62,Female,South Asia,2015,10,Prime,Silver,2,49.76,24.88,50.0,1,Toys,6,1.1,47,3,12,Tablet,Cash on Delivery,17.21,32,0,521,58.32,0.666,Neutral,Inactive User
AMZ-104873,55,Non-Binary,East Asia,2018,7,Prime,Silver,0,22.02,22.02,100.0,1,Home & Kitchen,3,2.4,9,3,9,Alexa,Credit Card,14.6,16,3,564,32.29,0.4602,Very Dissatisfied,Inactive User
AMZ-104874,26,Male,Latin America,2021,4,Prime,Platinum,2,87.98,43.99,50.0,1,Grocery,1,2.1,35,2,2,Tablet,Net Banking,23.01,25,4,369,128.71,0.2733,Dissatisfied,Inactive User
AMZ-104875,66,Male,North America,2022,3,Prime,Silver,23,566.93,24.65,30.43,7,Grocery,7,4.2,44,89,108,Desktop,Amazon Pay,29.36,30,1,491,603.68,0.4989,Dissatisfied,Bargain Hunter
AMZ-104876,45,Female,North America,2015,10,Non-Prime,Silver,21,592.35,28.21,42.86,9,Automotive,1,3.9,17,32,228,Mobile,Debit Card,57.59,15,3,167,616.99,0.472,Dissatisfied,Bargain Hunter
AMZ-104877,67,Female,North America,2020,5,Prime,Diamond,0,96.31,96.31,100.0,1,Grocery,8,2.9,16,4,4,Smart TV,Net Banking,52.1,39,1,584,108.25,0.4642,Very Dissatisfied,Inactive User
AMZ-104878,30,Male,Europe,2019,6,Non-Prime,Diamond,38,2177.29,57.3,0.0,0,Electronics,2,4.1,1,48,89,Desktop,Net Banking,31.42,27,4,339,3011.28,0.2005,Very Satisfied,Loyal Shopper
AMZ-104879,20,Female,South Asia,2022,3,Non-Prime,Platinum,28,2624.16,93.72,0.0,0,Automotive,2,4.3,0,40,76,Tablet,Debit Card,40.75,16,2,224,2911.86,0.7442,Very Satisfied,Loyal Shopper
AMZ-104880,38,Female,South Asia,2016,9,Prime,Silver,68,1795.44,26.4,1.47,1,Toys,3,3.8,30,21,109,Tablet,Credit Card,13.21,1,3,259,2252.0,0.4612,Satisfied,Loyal Shopper
AMZ-104881,21,Female,East Asia,2018,7,Prime,Silver,6,765.36,127.56,83.33,5,Books,7,4.0,13,60,159,Mobile,Net Banking,42.15,16,4,500,1018.66,0.0095,Neutral,Bargain Hunter
AMZ-104882,30,Male,North America,2015,10,Prime,Platinum,13,138.02,10.62,23.08,3,Beauty,6,2.1,12,8,53,Tablet,Net Banking,44.76,0,4,224,195.06,0.8608,Neutral,Occasional Buyer
AMZ-104883,58,Female,South Asia,2016,9,Prime,Diamond,39,10738.61,275.35,0.0,0,Clothing,5,4.0,23,14,47,Desktop,Net Banking,4.3,35,0,154,15133.41,0.1403,Very Satisfied,Premium Spender
AMZ-104884,59,Female,East Asia,2023,2,Non-Prime,Diamond,21,3537.02,168.43,4.76,1,Clothing,2,3.9,46,22,96,Mobile,Gift Card,14.78,11,2,537,4960.41,0.6154,Satisfied,Loyal Shopper
AMZ-104885,36,Non-Binary,Middle East,2015,10,Non-Prime,Diamond,49,9185.28,187.45,8.16,4,Grocery,4,3.7,22,26,82,Smart TV,Gift Card,61.21,31,4,516,11280.23,0.8046,Satisfied,Premium Spender
AMZ-104886,22,Non-Binary,Southeast Asia,2016,9,Prime,Silver,16,7486.97,467.94,6.25,1,Home & Kitchen,5,3.2,40,19,88,Alexa,Gift Card,17.05,18,3,727,8408.78,0.1532,Neutral,Premium Spender
AMZ-104887,18,Male,South Asia,2023,2,Prime,Silver,41,12040.08,293.66,0.0,0,Grocery,3,4.5,19,28,55,Alexa,Debit Card,73.42,6,4,100,15659.99,0.2897,Very Satisfied,Premium Spender
AMZ-104888,49,Non-Binary,Latin America,2023,2,Prime,Silver,3,57.68,19.23,0.0,0,Sports,2,2.2,30,1,18,Alexa,Gift Card,74.65,8,4,693,66.06,0.1786,Very Dissatisfied,Inactive User
AMZ-104889,57,Female,Europe,2015,10,Prime,Platinum,32,1066.54,33.33,3.12,1,Beauty,8,3.6,26,35,107,Tablet,Net Banking,13.76,28,2,487,1460.71,0.2128,Very Satisfied,Loyal Shopper
AMZ-104890,54,Non-Binary,East Asia,2019,6,Prime,Diamond,4,6.75,1.69,25.0,1,Home & Kitchen,9,2.0,44,4,14,Tablet,Credit Card,75.1,39,3,371,7.07,0.1322,Very Dissatisfied,Inactive User
AMZ-104891,43,Non-Binary,North America,2023,2,Prime,Diamond,4,41.62,10.4,0.0,0,Sports,5,2.9,8,0,11,Mobile,Debit Card,4.28,6,0,94,46.93,0.9587,Neutral,Inactive User
AMZ-104892,31,Female,East Asia,2015,10,Prime,Platinum,24,565.21,23.55,20.83,5,Office,5,3.4,27,20,125,Desktop,UPI,30.89,7,4,40,598.06,0.6762,Satisfied,Bargain Hunter
AMZ-104893,47,Non-Binary,Europe,2018,7,Prime,Diamond,8,573.32,71.67,62.5,5,Clothing,2,2.7,29,66,91,Mobile,Amazon Pay,34.95,0,1,534,653.95,0.207,Dissatisfied,Bargain Hunter
AMZ-104894,33,Non-Binary,South Asia,2023,2,Prime,Gold,1,450.67,450.67,300.0,3,Automotive,2,2.6,41,19,53,Mobile,Net Banking,63.64,17,3,575,486.13,0.0208,Dissatisfied,Occasional Buyer
AMZ-104895,65,Female,North America,2018,7,Prime,Gold,2,71.02,35.51,0.0,0,Grocery,4,2.4,31,1,16,Tablet,Cash on Delivery,30.42,18,4,531,77.44,0.1441,Very Dissatisfied,Inactive User
AMZ-104896,62,Male,South Asia,2016,9,Prime,Diamond,40,12240.81,306.02,0.0,0,Books,9,3.0,21,26,108,Tablet,Debit Card,44.69,27,4,719,13401.32,0.1704,Neutral,Premium Spender
AMZ-104897,27,Non-Binary,Europe,2021,4,Prime,Silver,32,13582.46,424.45,0.0,0,Beauty,9,3.3,47,7,97,Tablet,Net Banking,56.16,35,3,642,17570.06,0.9526,Very Satisfied,Premium Spender
AMZ-104898,65,Female,East Asia,2022,3,Prime,Platinum,12,305.03,25.42,16.67,2,Sports,5,2.9,44,7,39,Tablet,Cash on Delivery,25.36,1,1,113,387.23,0.2052,Satisfied,Occasional Buyer
AMZ-104899,38,Non-Binary,Latin America,2019,6,Non-Prime,Diamond,27,629.38,23.31,33.33,9,Automotive,2,3.8,47,80,146,Smart TV,Net Banking,40.88,31,3,55,711.98,0.9558,Satisfied,Bargain Hunter
AMZ-104900,27,Non-Binary,East Asia,2023,2,Non-Prime,Gold,1,56.47,56.47,100.0,1,Clothing,4,2.1,30,4,14,Mobile,Cash on Delivery,23.44,31,2,603,68.39,0.9321,Neutral,Inactive User
AMZ-104901,26,Male,Southeast Asia,2019,6,Prime,Silver,6,717.29,119.55,66.67,4,Sports,4,4.3,27,44,216,Mobile,Cash on Delivery,26.52,31,0,74,998.75,0.8155,Dissatisfied,Bargain Hunter
AMZ-104902,39,Female,East Asia,2020,5,Prime,Silver,0,9.78,9.78,100.0,1,Clothing,1,1.4,34,0,17,Tablet,Gift Card,55.81,11,0,283,12.26,0.7933,Very Dissatisfied,Inactive User
AMZ-104903,43,Female,Europe,2018,7,Non-Prime,Diamond,17,326.58,19.21,11.76,2,Grocery,7,2.6,30,81,149,Mobile,Amazon Pay,36.92,3,2,141,397.5,0.0534,Dissatisfied,Bargain Hunter
AMZ-104904,32,Non-Binary,Europe,2019,6,Non-Prime,Diamond,8,307.17,38.4,37.5,3,Toys,4,2.6,3,82,110,Smart TV,Credit Card,74.32,18,1,433,455.3,0.9368,Neutral,Bargain Hunter
AMZ-104905,18,Female,Europe,2018,7,Prime,Diamond,1,77.77,77.77,100.0,1,Clothing,7,1.1,15,4,16,Tablet,Amazon Pay,7.97,32,2,172,116.29,0.8535,Very Dissatisfied,Inactive User
AMZ-104906,21,Non-Binary,Europe,2016,9,Non-Prime,Diamond,48,13730.22,286.05,0.0,0,Automotive,9,4.7,15,14,91,Mobile,Credit Card,53.96,4,3,386,15782.66,0.78,Satisfied,Premium Spender
AMZ-104907,63,Non-Binary,Southeast Asia,2021,4,Prime,Silver,23,335.91,14.6,26.09,6,Home & Kitchen,6,2.9,4,95,223,Desktop,Debit Card,65.34,2,0,646,496.14,0.2942,Neutral,Bargain Hunter
AMZ-104908,32,Male,Latin America,2015,10,Prime,Platinum,13,480.14,36.93,7.69,1,Home & Kitchen,9,3.7,43,9,48,Mobile,Gift Card,32.17,30,2,723,705.79,0.8673,Dissatisfied,Occasional Buyer
AMZ-104909,20,Female,East Asia,2016,9,Prime,Diamond,57,4931.0,86.51,1.75,1,Grocery,3,4.7,23,39,85,Alexa,UPI,44.15,4,2,60,7070.22,0.5797,Very Satisfied,Loyal Shopper
AMZ-104910,36,Female,Middle East,2015,10,Non-Prime,Silver,45,4417.3,98.16,2.22,1,Home & Kitchen,1,4.3,42,6,59,Mobile,Amazon Pay,24.81,21,0,361,4527.59,0.5518,Very Satisfied,Premium Spender
AMZ-104911,33,Female,Southeast Asia,2017,8,Non-Prime,Gold,45,2841.72,63.15,4.44,2,Sports,2,3.8,17,16,66,Smart TV,Cash on Delivery,22.02,30,2,221,3087.26,0.6696,Very Satisfied,Loyal Shopper
AMZ-104912,25,Female,Southeast Asia,2021,4,Prime,Platinum,1,75.91,75.91,0.0,0,Grocery,4,1.7,41,2,10,Mobile,Credit Card,77.83,25,4,275,108.44,0.1216,Dissatisfied,Inactive User
AMZ-104913,20,Male,Middle East,2015,10,Prime,Platinum,70,1201.69,17.17,1.43,1,Home & Kitchen,8,4.5,42,36,160,Desktop,Debit Card,30.47,3,4,711,1595.36,0.8492,Very Satisfied,Loyal Shopper
AMZ-104914,32,Female,Latin America,2023,2,Prime,Platinum,21,447.66,21.32,33.33,7,Books,3,4.5,29,80,170,Alexa,Cash on Delivery,70.66,25,4,449,512.59,0.3309,Satisfied,Bargain Hunter
AMZ-104915,25,Female,Europe,2022,3,Non-Prime,Silver,5,418.81,83.76,60.0,3,Automotive,3,3.8,45,74,205,Mobile,Credit Card,79.91,18,4,378,528.83,0.8971,Neutral,Bargain Hunter
AMZ-104916,27,Male,East Asia,2019,6,Prime,Platinum,47,2014.19,42.86,4.26,2,Home & Kitchen,4,4.8,30,31,162,Desktop,Amazon Pay,45.15,31,3,298,2683.51,0.957,Satisfied,Loyal Shopper
AMZ-104917,67,Female,Europe,2018,7,Prime,Platinum,40,8751.72,218.79,10.0,4,Home & Kitchen,4,3.4,33,20,72,Smart TV,Debit Card,20.9,35,3,58,9612.76,0.5667,Very Satisfied,Premium Spender
AMZ-104918,63,Non-Binary,Latin America,2015,10,Prime,Gold,7,466.21,66.6,42.86,3,Books,2,2.0,25,17,57,Mobile,Cash on Delivery,28.63,29,0,50,665.3,0.1707,Neutral,Occasional Buyer
AMZ-104919,21,Male,Latin America,2016,9,Prime,Silver,3,119.76,39.92,0.0,0,Office,9,2.1,5,18,51,Mobile,Net Banking,74.26,8,3,337,151.52,0.0123,Dissatisfied,Occasional Buyer
AMZ-104920,55,Female,North America,2016,9,Prime,Silver,52,1317.99,25.35,0.0,0,Home & Kitchen,1,3.8,30,42,138,Smart TV,Net Banking,47.73,21,4,192,1731.87,0.6022,Very Satisfied,Loyal Shopper
AMZ-104921,57,Male,East Asia,2019,6,Prime,Platinum,0,83.54,83.54,0.0,0,Clothing,1,2.5,28,0,8,Desktop,Credit Card,71.36,39,4,587,93.54,0.8482,Dissatisfied,Inactive User
AMZ-104922,47,Male,Latin America,2019,6,Prime,Diamond,2,558.86,279.43,0.0,0,Home & Kitchen,3,2.7,31,4,42,Tablet,Cash on Delivery,67.86,32,1,309,638.58,0.3838,Dissatisfied,Occasional Buyer
AMZ-104923,46,Non-Binary,South Asia,2018,7,Prime,Diamond,39,2294.24,58.83,5.13,2,Books,8,4.7,41,17,144,Mobile,Cash on Delivery,40.94,0,0,643,3411.98,0.7328,Satisfied,Loyal Shopper
AMZ-104924,54,Non-Binary,Europe,2023,2,Non-Prime,Platinum,35,13915.09,397.57,0.0,0,Sports,2,4.5,8,11,96,Desktop,Gift Card,68.89,8,4,654,16883.31,0.8243,Satisfied,Premium Spender
AMZ-104925,53,Female,East Asia,2022,3,Prime,Platinum,15,159.88,10.66,60.0,9,Home & Kitchen,9,3.6,21,67,172,Smart TV,Cash on Delivery,5.56,11,0,629,231.68,0.5182,Dissatisfied,Bargain Hunter
AMZ-104926,32,Male,Southeast Asia,2021,4,Non-Prime,Gold,8,314.54,39.32,12.5,1,Office,4,2.6,16,7,12,Tablet,Credit Card,45.39,9,1,277,406.11,0.9556,Satisfied,Occasional Buyer
AMZ-104927,40,Female,East Asia,2021,4,Non-Prime,Platinum,3,95.8,31.93,0.0,0,Electronics,8,2.5,41,3,1,Desktop,Cash on Delivery,41.77,8,2,236,143.38,0.3383,Dissatisfied,Inactive User
AMZ-104928,55,Male,Europe,2018,7,Non-Prime,Platinum,75,4863.03,64.84,1.33,1,Office,3,4.3,27,33,79,Desktop,Cash on Delivery,42.92,15,3,526,6389.19,0.9415,Very Satisfied,Loyal Shopper
AMZ-104929,28,Male,Latin America,2016,9,Prime,Platinum,5,581.28,116.26,0.0,0,Clothing,7,3.9,16,3,32,Alexa,UPI,26.77,36,4,28,726.66,0.7034,Satisfied,Occasional Buyer
AMZ-104930,42,Male,East Asia,2019,6,Prime,Platinum,20,423.31,21.17,45.0,9,Electronics,4,3.3,46,93,234,Smart TV,Net Banking,4.14,18,1,330,604.4,0.5413,Satisfied,Bargain Hunter
AMZ-104931,43,Non-Binary,Latin America,2015,10,Non-Prime,Diamond,4,9.62,2.4,0.0,0,Home & Kitchen,8,1.9,39,1,9,Tablet,Amazon Pay,65.3,9,1,281,10.36,0.9197,Dissatisfied,Inactive User
AMZ-104932,45,Female,South Asia,2016,9,Prime,Diamond,14,507.51,36.25,7.14,1,Automotive,3,3.3,24,3,23,Smart TV,Gift Card,44.06,2,1,651,735.75,0.3716,Neutral,Occasional Buyer
AMZ-104933,50,Female,Middle East,2019,6,Prime,Platinum,2,329.77,164.88,150.0,3,Office,4,2.0,20,4,54,Desktop,Credit Card,74.48,16,3,301,481.89,0.4012,Dissatisfied,Occasional Buyer
AMZ-104934,43,Female,East Asia,2017,8,Prime,Silver,4,296.39,74.1,50.0,2,Toys,8,3.8,35,15,36,Mobile,Gift Card,45.12,8,3,600,374.77,0.3971,Dissatisfied,Occasional Buyer
AMZ-104935,26,Non-Binary,South Asia,2016,9,Prime,Platinum,3,26.62,8.87,0.0,0,Grocery,8,2.8,28,3,14,Smart TV,Debit Card,29.31,21,2,275,31.29,0.1891,Neutral,Inactive User
AMZ-104936,40,Female,East Asia,2016,9,Prime,Diamond,23,12433.8,540.6,4.35,1,Automotive,6,3.8,34,16,101,Alexa,Debit Card,45.92,21,2,715,14704.63,0.0554,Neutral,Premium Spender
AMZ-104937,67,Non-Binary,East Asia,2023,2,Prime,Diamond,2,71.36,35.68,0.0,0,Electronics,2,2.2,46,0,13,Alexa,Credit Card,3.22,35,1,718,100.22,0.8263,Very Dissatisfied,Inactive User
AMZ-104938,60,Male,East Asia,2016,9,Prime,Silver,40,4465.4,111.63,2.5,1,Automotive,4,4.1,14,23,65,Desktop,Cash on Delivery,10.44,26,3,128,4957.62,0.1721,Very Satisfied,Loyal Shopper
AMZ-104939,18,Female,Latin America,2017,8,Prime,Diamond,3,292.58,97.53,0.0,0,Electronics,5,2.8,25,17,59,Mobile,Cash on Delivery,1.8,29,0,395,414.53,0.8188,Dissatisfied,Occasional Buyer
AMZ-104940,47,Non-Binary,East Asia,2018,7,Non-Prime,Gold,39,5398.85,138.43,5.13,2,Clothing,5,4.6,31,7,115,Tablet,Gift Card,6.89,39,4,53,7868.55,0.2877,Satisfied,Premium Spender
AMZ-104941,23,Non-Binary,South Asia,2020,5,Prime,Gold,5,235.91,47.18,40.0,2,Beauty,1,3.1,0,32,148,Mobile,Net Banking,24.49,26,3,288,304.11,0.2864,Satisfied,Bargain Hunter
AMZ-104942,68,Male,North America,2016,9,Non-Prime,Diamond,27,10845.13,401.67,7.41,2,Electronics,4,4.4,43,13,75,Desktop,Debit Card,4.25,27,2,702,14047.77,0.5132,Neutral,Premium Spender
AMZ-104943,70,Non-Binary,East Asia,2016,9,Prime,Platinum,11,440.92,40.08,0.0,0,Home & Kitchen,7,3.0,47,17,24,Alexa,UPI,39.5,26,2,463,545.17,0.6225,Neutral,Occasional Buyer
AMZ-104944,42,Female,South Asia,2015,10,Prime,Platinum,3,98.28,32.76,33.33,1,Clothing,3,1.4,40,3,0,Desktop,Gift Card,15.49,9,3,29,142.42,0.0848,Very Dissatisfied,Inactive User
AMZ-104945,47,Non-Binary,Europe,2016,9,Non-Prime,Diamond,24,772.87,32.2,29.17,7,Sports,9,2.9,4,58,227,Tablet,Cash on Delivery,67.27,13,2,473,790.52,0.1956,Satisfied,Bargain Hunter
AMZ-104946,53,Non-Binary,Latin America,2023,2,Prime,Platinum,9,134.29,14.92,0.0,0,Automotive,3,2.9,6,12,49,Alexa,Credit Card,50.86,22,3,454,179.33,0.8927,Satisfied,Occasional Buyer
AMZ-104947,70,Non-Binary,South Asia,2017,8,Non-Prime,Silver,44,2914.56,66.24,2.27,1,Automotive,9,4.7,16,24,126,Tablet,Net Banking,34.5,6,2,252,4203.57,0.5869,Satisfied,Loyal Shopper
AMZ-104948,58,Non-Binary,North America,2023,2,Non-Prime,Gold,20,3955.98,197.8,0.0,0,Clothing,1,3.7,11,26,90,Desktop,Net Banking,39.32,25,3,31,5880.69,0.8806,Satisfied,Loyal Shopper
AMZ-104949,46,Male,South Asia,2020,5,Non-Prime,Gold,11,101.08,9.19,9.09,1,Toys,2,3.4,31,6,54,Desktop,Gift Card,63.48,16,1,380,149.83,0.6647,Neutral,Occasional Buyer
AMZ-104950,44,Female,Southeast Asia,2022,3,Prime,Silver,17,9608.74,565.22,11.76,2,Sports,5,4.5,21,14,61,Mobile,Amazon Pay,7.77,10,2,646,12954.19,0.8611,Satisfied,Premium Spender
AMZ-104951,34,Non-Binary,Europe,2019,6,Prime,Silver,39,9662.44,247.75,2.56,1,Clothing,7,3.4,1,23,96,Alexa,Gift Card,39.81,21,1,283,9956.47,0.5704,Neutral,Premium Spender
AMZ-104952,67,Male,North America,2023,2,Prime,Silver,75,3097.92,41.31,2.67,2,Clothing,1,3.9,18,40,138,Desktop,UPI,21.76,39,3,708,4556.0,0.8518,Very Satisfied,Loyal Shopper
AMZ-104953,58,Male,Southeast Asia,2020,5,Non-Prime,Platinum,0,52.12,52.12,0.0,0,Beauty,4,2.0,16,1,17,Alexa,Amazon Pay,32.35,32,0,603,61.43,0.7414,Dissatisfied,Inactive User
AMZ-104954,26,Female,East Asia,2018,7,Prime,Diamond,77,2794.15,36.29,2.6,2,Automotive,7,3.9,0,19,102,Tablet,Debit Card,77.41,11,4,694,2972.93,0.3637,Very Satisfied,Loyal Shopper
AMZ-104955,52,Female,Latin America,2016,9,Prime,Gold,63,2677.36,42.5,1.59,1,Home & Kitchen,4,4.4,12,39,110,Smart TV,Debit Card,43.78,37,4,348,3544.77,0.8118,Very Satisfied,Loyal Shopper
AMZ-104956,41,Non-Binary,South Asia,2022,3,Non-Prime,Diamond,60,2459.65,40.99,1.67,1,Office,5,4.0,40,38,68,Desktop,Credit Card,73.12,23,0,726,3658.6,0.8227,Satisfied,Loyal Shopper
AMZ-104957,47,Male,North America,2019,6,Prime,Diamond,3,538.58,179.53,100.0,3,Electronics,2,2.9,24,12,10,Smart TV,Gift Card,24.86,1,3,303,748.8,0.2896,Neutral,Occasional Buyer
AMZ-104958,35,Female,South Asia,2018,7,Non-Prime,Platinum,76,1838.94,24.2,1.32,1,Grocery,1,3.5,17,48,115,Smart TV,UPI,15.12,18,1,564,1844.35,0.7563,Very Satisfied,Loyal Shopper
AMZ-104959,27,Male,East Asia,2016,9,Prime,Silver,28,7824.44,279.44,3.57,1,Beauty,4,4.6,20,21,102,Tablet,Gift Card,54.35,22,4,583,8203.82,0.7035,Neutral,Premium Spender
AMZ-104960,27,Male,Europe,2023,2,Prime,Silver,70,2777.93,39.68,1.43,1,Grocery,1,3.5,19,26,124,Alexa,UPI,26.55,31,4,537,3252.77,0.6665,Very Satisfied,Loyal Shopper
AMZ-104961,29,Non-Binary,Southeast Asia,2016,9,Prime,Silver,73,3371.89,46.19,0.0,0,Office,4,4.6,9,36,104,Tablet,Credit Card,68.07,25,0,713,4042.21,0.6655,Very Satisfied,Loyal Shopper
AMZ-104962,65,Male,East Asia,2023,2,Prime,Diamond,25,6767.57,270.7,16.0,4,Automotive,8,3.6,0,18,86,Desktop,Credit Card,39.69,18,0,661,9258.43,0.7719,Very Satisfied,Premium Spender
AMZ-104963,32,Male,Europe,2019,6,Prime,Platinum,23,1347.38,58.58,0.0,0,Grocery,7,4.8,16,38,109,Tablet,Credit Card,15.82,26,0,437,1558.9,0.8884,Satisfied,Loyal Shopper
AMZ-104964,66,Non-Binary,Europe,2022,3,Non-Prime,Silver,36,3571.82,99.22,2.78,1,Grocery,8,4.6,39,23,88,Desktop,Gift Card,38.18,38,3,719,3642.76,0.9902,Satisfied,Loyal Shopper
AMZ-104965,45,Male,North America,2018,7,Non-Prime,Silver,2,82.08,41.04,50.0,1,Automotive,2,2.5,26,2,11,Desktop,Debit Card,47.2,20,2,563,118.62,0.59,Neutral,Inactive User
AMZ-104966,66,Non-Binary,Latin America,2016,9,Prime,Silver,18,785.27,43.63,27.78,5,Clothing,2,4.0,47,57,238,Mobile,UPI,63.0,30,1,344,934.55,0.2639,Dissatisfied,Bargain Hunter
AMZ-104967,37,Female,South Asia,2018,7,Prime,Platinum,0,22.61,22.61,0.0,0,Office,9,2.2,30,3,16,Smart TV,Cash on Delivery,65.54,37,4,612,23.36,0.1507,Very Dissatisfied,Inactive User
AMZ-104968,55,Male,South Asia,2017,8,Prime,Platinum,9,207.21,23.02,55.56,5,Office,3,3.9,21,39,230,Alexa,UPI,68.39,10,1,158,260.7,0.2131,Neutral,Bargain Hunter
AMZ-104969,27,Male,Southeast Asia,2017,8,Prime,Diamond,38,12265.25,322.77,0.0,0,Office,1,3.0,26,17,79,Mobile,Debit Card,75.74,34,2,421,15709.42,0.7412,Neutral,Premium Spender
AMZ-104970,38,Male,East Asia,2023,2,Non-Prime,Silver,24,4308.64,179.53,4.17,1,Toys,1,3.6,35,43,148,Mobile,UPI,4.59,20,1,692,5493.64,0.9208,Very Satisfied,Loyal Shopper
AMZ-104971,63,Female,Europe,2018,7,Prime,Gold,12,239.37,19.95,8.33,1,Sports,6,2.9,8,7,39,Mobile,Debit Card,44.58,15,4,677,297.57,0.1648,Neutral,Occasional Buyer
AMZ-104972,46,Female,Middle East,2023,2,Non-Prime,Diamond,14,739.79,52.84,50.0,7,Automotive,3,3.6,29,83,140,Tablet,UPI,63.12,17,0,23,847.22,0.4671,Neutral,Bargain Hunter
AMZ-104973,55,Female,Latin America,2017,8,Non-Prime,Platinum,30,12934.11,431.14,0.0,0,Electronics,3,4.7,47,21,88,Alexa,Amazon Pay,44.43,21,1,305,19102.6,0.3648,Neutral,Premium Spender
AMZ-104974,36,Female,Europe,2023,2,Prime,Platinum,4,39.55,9.89,25.0,1,Office,3,2.7,49,2,2,Smart TV,Debit Card,42.67,23,0,564,40.26,0.9258,Dissatisfied,Inactive User
AMZ-104975,21,Female,Middle East,2019,6,Prime,Diamond,30,1641.21,54.71,6.67,2,Clothing,7,4.4,15,40,122,Smart TV,Debit Card,27.84,34,1,163,1795.41,0.3895,Satisfied,Loyal Shopper
AMZ-104976,63,Female,North America,2021,4,Non-Prime,Silver,0,81.27,81.27,0.0,0,Sports,2,1.6,2,3,7,Desktop,Credit Card,27.99,23,3,670,119.52,0.0157,Very Dissatisfied,Inactive User
AMZ-104977,22,Non-Binary,Middle East,2015,10,Prime,Platinum,14,63.0,4.5,0.0,0,Electronics,3,2.7,44,7,25,Tablet,Gift Card,45.49,32,2,332,71.55,0.7305,Neutral,Occasional Buyer
AMZ-104978,34,Female,Southeast Asia,2020,5,Prime,Gold,45,1535.67,34.13,0.0,0,Sports,6,4.9,6,39,83,Alexa,Cash on Delivery,40.54,29,4,612,1803.42,0.1495,Very Satisfied,Loyal Shopper
AMZ-104979,27,Male,Southeast Asia,2017,8,Non-Prime,Diamond,50,1349.54,26.99,0.0,0,Automotive,7,4.6,26,24,66,Tablet,Credit Card,17.69,17,4,43,1725.31,0.1468,Satisfied,Loyal Shopper
AMZ-104980,65,Non-Binary,Middle East,2020,5,Non-Prime,Diamond,31,13933.66,449.47,6.45,2,Office,8,4.5,3,14,73,Alexa,Net Banking,0.16,10,1,596,14240.66,0.8366,Very Satisfied,Premium Spender
AMZ-104981,49,Female,Southeast Asia,2017,8,Prime,Silver,8,297.73,37.22,25.0,2,Books,8,3.0,5,7,29,Mobile,Gift Card,4.62,12,1,7,402.92,0.0463,Satisfied,Occasional Buyer
AMZ-104982,46,Non-Binary,South Asia,2022,3,Prime,Platinum,20,11185.04,559.25,10.0,2,Books,1,4.9,17,5,51,Alexa,Gift Card,32.29,15,2,648,14149.46,0.3661,Neutral,Premium Spender
AMZ-104983,44,Non-Binary,Middle East,2017,8,Prime,Platinum,2,20.93,10.46,50.0,1,Home & Kitchen,9,2.7,20,2,2,Smart TV,Gift Card,47.6,22,3,574,22.84,0.5696,Dissatisfied,Inactive User
AMZ-104984,35,Male,Europe,2023,2,Non-Prime,Gold,28,742.07,26.5,25.0,7,Books,8,2.9,4,50,152,Smart TV,Net Banking,78.6,23,0,139,956.36,0.9771,Neutral,Bargain Hunter
AMZ-104985,38,Non-Binary,Latin America,2019,6,Non-Prime,Gold,12,471.82,39.32,25.0,3,Sports,7,2.6,20,15,35,Desktop,Gift Card,38.94,24,3,612,492.79,0.5169,Dissatisfied,Occasional Buyer
AMZ-104986,28,Female,Southeast Asia,2019,6,Prime,Platinum,4,75.61,18.9,0.0,0,Electronics,2,3.0,28,4,15,Smart TV,Net Banking,7.04,30,0,469,89.3,0.0653,Dissatisfied,Inactive User
AMZ-104987,32,Female,Europe,2017,8,Prime,Diamond,0,11.1,11.1,100.0,1,Beauty,7,2.0,22,1,19,Smart TV,Cash on Delivery,60.43,33,4,460,15.16,0.3545,Dissatisfied,Inactive User
AMZ-104988,23,Female,Latin America,2022,3,Non-Prime,Gold,0,71.27,71.27,100.0,1,Electronics,4,2.8,4,2,3,Desktop,Net Banking,16.84,26,0,498,98.54,0.8584,Dissatisfied,Inactive User
AMZ-104989,22,Male,Europe,2018,7,Prime,Silver,63,1666.94,26.46,1.59,1,Clothing,9,4.1,12,38,66,Tablet,Gift Card,79.05,28,1,669,1709.73,0.9704,Satisfied,Loyal Shopper
AMZ-104990,24,Male,South Asia,2018,7,Prime,Silver,35,8816.01,251.89,11.43,4,Electronics,8,4.6,26,28,94,Alexa,Cash on Delivery,38.63,1,1,118,8988.72,0.2055,Satisfied,Premium Spender
AMZ-104991,21,Non-Binary,Middle East,2023,2,Non-Prime,Platinum,12,269.5,22.46,16.67,2,Office,7,2.9,36,16,24,Mobile,Amazon Pay,14.95,3,0,678,303.7,0.4094,Dissatisfied,Occasional Buyer
AMZ-104992,49,Non-Binary,Europe,2023,2,Prime,Platinum,67,1057.07,15.78,1.49,1,Toys,8,4.0,5,17,80,Smart TV,Credit Card,3.0,19,0,708,1298.27,0.1554,Very Satisfied,Loyal Shopper
AMZ-104993,59,Non-Binary,East Asia,2019,6,Non-Prime,Silver,5,303.24,60.65,140.0,7,Beauty,6,2.9,43,59,157,Smart TV,Cash on Delivery,50.64,19,2,115,334.93,0.2385,Dissatisfied,Bargain Hunter
AMZ-104994,45,Female,Latin America,2015,10,Non-Prime,Silver,0,98.86,98.86,100.0,1,Home & Kitchen,5,2.5,29,2,4,Mobile,Debit Card,65.38,13,2,69,105.84,0.5424,Dissatisfied,Inactive User
AMZ-104995,22,Male,East Asia,2017,8,Non-Prime,Diamond,14,304.4,21.74,14.29,2,Beauty,6,3.6,5,3,33,Desktop,Debit Card,56.6,22,4,314,316.43,0.8985,Neutral,Occasional Buyer
AMZ-104996,65,Female,Southeast Asia,2017,8,Non-Prime,Platinum,0,33.85,33.85,100.0,1,Office,7,2.7,43,4,6,Alexa,Cash on Delivery,56.03,19,4,270,47.79,0.7346,Neutral,Inactive User
AMZ-104997,51,Female,East Asia,2018,7,Prime,Diamond,22,14869.03,675.87,9.09,2,Electronics,7,3.2,26,7,115,Smart TV,Credit Card,31.53,11,1,466,18135.1,0.2776,Very Satisfied,Premium Spender
AMZ-104998,33,Female,Southeast Asia,2018,7,Prime,Platinum,22,126.65,5.76,27.27,6,Home & Kitchen,5,4.1,35,91,175,Desktop,Cash on Delivery,25.15,15,4,470,159.19,0.4074,Satisfied,Bargain Hunter
AMZ-104999,71,Male,East Asia,2019,6,Prime,Silver,32,10358.05,323.69,9.38,3,Automotive,1,3.7,31,29,62,Tablet,Amazon Pay,8.3,15,4,275,13632.33,0.1569,Satisfied,Premium Spender
